CATÁLOGO DE VÁLVULAS 3B 2024,,,,,,,,,,,,,,,,,,,,
"Motor 
Engine","Aplicación 
Application","Cil 
Cyl","D
G","Nº 3B 
3B P/N","Sup Vast.   
Stem Over Size.","Ø Vástago     
Stem","Ø Cabeza      
Head","Largo Total 
Length",º,TIPO CHAV,CAB,#OE,#OE,#OE,#OE,#OE,#OE,#MORESA,#EDIVAL,
,ACURA,,,,,,,,,,,,,,,,,,,
2.0 Lts. SI / CRV-4 2.4 Lts.,Civic / CRV-4 / Element / Accord / Acura TSX,4,G,4252-A,STD,5.47,35,109.1,45º,2,C,14711-PNA-000,,,,,,V-7113,,
Motor K20A / K24A / K24A8 / K24Z6 / 424Z1 L4 2.4Lts 16V,,,,4253-E,STD,5.45,30,108.75,45º,2,C,14721-PNA-000,,,,,,V-7051,,
L4 16v. 2.3lt. - F23A1 / F23A4 / F23A7,ACURA CL,4,G,4306-AN,STD,5.49,34.01,115.85,45º,2,C,14711POHA00,,,,,,V-7053,,
V6 24v. 3.0lt. - J30A1,,,,4163-EN,STD,5.452,29,114.2,45º,2,C,14721P0HA00,,,,,,S-7054,,
J35A6/J35A7 / J35A9 / J32A3 / J35A5-,Acura TL / MDX ,6,G,4264-AN,STD,5.48,35,116,45º,2,C,14711P8EA00,,,,,,V-7241,,
 V6 - 3.0lt. / 3.2lt. / 3.5lt. - 24v. ,,,,4265-EBN,STD,5.46,30.1,114.3,45º,2,C,14721P8EA00,,,,,,,,
C35A1- V6 3.2Lts/ 3.5Lts 24v,Acura RL / Legent,6,G,4362-AN,STD,5.476,33,114.85,45º,2,C,14711PY3000,,,,,,,,
,,,,4363-EBN,STD,5.45,28,117,45º,2,C,14721PY3000,,,,,,,,
"V6 3471cc (3.5L), SOHC, GAS, FI, 24 VALVE, J35Z2","Accord/ Crosstour/ Odyssey/ Pilot/ Ridgeline
RDX-RLX-TL-TSX-ZDX",6,G,4604-AN,STD,5.489,36,117,45º,2,C,,,,,,,V-7239,,
"V6 3664 cc (3.7L), SOHC, GAS, FI, 24 VALVE J37A4",,,,4265-EBN,STD,5.46,30.1,114.3,45º,2,C,14721P8EA00,,,,,,,,
,AGRALE,,,,,,,,,,,,,,,,,,,
"M90 / M93ID  
(1985-93)",Tractor 4100,1 ,D,3326-A,STD.,7.952,41.1,121.5,45º,9,C,7006006005003,,,,,,,6253-A,
,,,,3327-E,STD.,7.952,35.1,121.5,45º,9,C,7006006006001,,,,,,,6253-E,
M-790,Tractor T440 / 4200,2,D,3924-A,STD.,8.955,39,132,45º,2,C,,,,,,,,,
,,,,3925-E,STD.,8.955,35,132,45º,2,C,,,,,,,,,
D225 / D226 (MWM),Truck TX 1600 / 1800,4 / 6 ,D,565-AC,STD.,8.96,41,117,45º,4,A,922604600054,,,,,,,6151 A,
,,,,1565-ECB,STD.,8.961,38,117,45º,4,A,930804600024,,,,,,,26153 E,
TD225 / TD229 (MWM),Truck ( MWM - Turbo),6,D,3390-AC,STD.,8.96,42,117.1,30º,4,C,922904608094,,,,,,,6153 A,
,,,,1565-ECB,STD.,8.93,37.99,117,45º,4,A,930804600024,,,,,,,26153 E,
4.07 / 6.07 Lts. - 12V   (MWM),Furgovan ,4,D,3546-AC,STD.,6.95,33,105,30º,4,A,961004600024,,,,,,,6156 A,
,,,,3547-ECB,STD.,6.95,40,105.1,45º,4,A,940704600034,,,,,,,26156 E,
"7.0 /7.5 / 8.5
Motor MWM  4.10 / 6.10",Agrale,4 / 6 ,D,3422-AC,STD.,8.96,45,126,30º,4,A,91004600034,,,,,,,6154 A,
,,,,23423-ECB,STD.,8.96,41,126,45º,4,C,961004600024,,,,,,,26154 E,
,ALFA ROMEO,,,,,,,,,,,,,,,,,,,
1.3lt TDI 16v.,Mito,4,D,4382-AC,STD,5.985,21.9,109.3,45º,4,A,46518930,,,,,,,,
,,,,4383-EC,STD,5.975,21.9,109.2,45º,4,A,93190438,,,,,,,,
"1.6 Lts. - 1.8 Lts.  - 1986-87 - 16V
2.0 Lts. - (1995)  - 16V",145 / 146 / 155 / 147,4,G,3736-AC,STD.,6.98,33.6,113.4,45º,4,A,7766564,,,,,,,1144 A,Suitable for CNG             --------            Apto GAS
,,,,3737-ECB,STD.,6.96,28,108.5,45º,4,A,60674496,,,,,,,21144 E,
1.6 Lts. - 1.9 Lts. - (1984),145 - 146  TD / 155 TD,4,D,3316-AC,STD.,7.98,37.4,116.8,45º,2,C,5990532,7547158,,,,,,21167 A,
,,,,3317-EC,STD.,7.98,33.45,116.8,45º,2,A,5990533,7588577,,,,,,21167 E,
1.9 Lts. - 2.4 Lts. - (1998),155 - 156 TD 1997 / M717AT.24.T,5,D,3584-ACBS,STD.,7.983,37.55,114.2,45º,4,C,7798620,,,,,,,21267 A,
,,,,3585-ECBS,STD.,7.983,31.05,114.2,45º,4,A,7783225,,,,,,,21267 E,
,ALLIS CHALMERS,,,,,,,,,,,,,,,,,,,
G201 (Grader),WC / WF / W25 W / WD / D ,4 ,G,3608-A,STD.,9.436,42.87,131.09,45º,8,A,209132, , ,,,,,,
,,,,3609-E,STD.,9.436,38.1,130.96,45º,8,A,209134,229143,241527,,,,,,
"L4, 3.3 Lts. 200 C.I., 8v. Turbo Diesel",433T / 649T / 180 / 185 / 190 / 200 / 7000 / 7020,4,D,3691-ES,STD,9.417,36.68,152.32,61,8,A,4023379,4028643,4036609,,,,,,
,A.M.C,,,,,,,,,,,,,,,,,,,
134 - (1941-65),Jeep Willis,4 ,G,217-A (USA),STD.,9.466,38.9,147.6,45º,9,A,,,,,,,,,
,,,,1218-E (USA),STD.,9.436,37.28,147.57,45º,9,A,,,,,,,,,
F 134 - (1950-73),Jeep Willis,4 ,G,411-A,STD.,9.48,50.8,121.3,45º,9,C,646421,994946,994969,,,,,1031-A,
,,,,1411-E,STD.,9.43,37.3,150,45º,8,E,802639,,,,,,,21031-E,
150 - 2.5 Lts. - 242 - 4.0 Lts. - (1987-97),Jeep Monaco / Cherokee,4 ,G,3332-A,STD.,7.912,48.5,124.8,45º,2,E,8933003515,33003515,,,,,V-3802,1905-A,
,,,,3332-A,.003,7.988,48.5,124.8,45º,2,E,8933003515,33003515,,,,,V-3802,1905-A,
,,,,3332-A,.005,8.039,48.5,124.8,45º,2,E,8933003515,33003515,,,,,V-3802,1905-A,
,,,,3332-A,.015,8.293,48.5,124.8,45º,2,E,8933003515,33003515,,,,,V-3802,1905-A,
,,,,3333-ECP,STD.,7.912,38.1,125.5,45º,2,E,8933003860,4637537,33003860,,,,S-3801,21905 E,
,,,,3333-ECP,.003,7.988,38.1,125.5,45º,2,E,8933003860,4637537,33003860,,,,S-3801,21905 E,
,,,,3333-ECP,.005,8.039,38.1,125.5,45º,2,E,8933003860,4637537,33003860,,,,S-3801,21905 E,
,,,,3333-ECP,.015,8.293,38.1,125.5,45º,2,E,8933003860,4637537,33003860,,,,S-3801,21905 E,
150 - 2.5 Lts. - (1997-02),AMC 150,4 ,G,3654-A,STD.,7.912,48.5,124.75,45º,6,E,3242659,J3242659,,,,,,,
,,,,3654-AC,.015,8.293,48.5,124.75,45º,6,E,3242659,,,,,,,,
,,,,3655-ECP,STD.,7.912,38.1,125.5,45º,6,A,3242660,3242896,33002429,,,,,,
,,,,3655-ECP,.015,8.293,38.1,125.5,45º,6,A,3242660,3242896,33002429,,,,,,
2.6 Lts.,Jeep Rural / Pick-Up / Aero Willys,4 ,G,3272-A,STD.,9.485,44.4,115.1,45º,8,C, 800558,,,,,,,,
,,,,3273-E,STD.,8.625,35.9,117.45,45º,8,C,B27220,,,,,,,,
230 - (1963-73),Jeep 230,6 ,G,260-A,STD.,8.65,48,118.4,45º,8,C,936979,,,,,,,1047 A,
,,,,1261-ECP,STD.,8.595,41,113.93,45º,8,C,926216,,,,,,,21047 E,
232 - 3.8 Lts. - (1973-79),Rambler Jeep 232,6 ,G,428-A,STD.,9.44,45.4,124.4,30º,5,A,3218732,3218809,3218810,444829C1,,,V-9554,,
,,,,1428-EP,STD.,9.449,35.7,124.25,45º,5,A,3224597,3218813,3224602,,,,S-9555,1037 E,
304 - 5.0 Lts. - V8 - (1970-79),AMC 304,6 / 8 ,G,3204-A,STD.,9.44,45.3,124.4,30º,8,E,3240768,3237465,J3237465,,,,,,
,,,,3204-A,.015,9.821,45.3,124.4,30º,8,E,3240768,3237465,J3237465,,,,,,
,,,,23204-ECP,STD.,9.44,35.6,124.2,45º,8,E,3240767,3237464,J3237464,,,,,,
,,,,23204-ECP,.003,9.516,35.6,124.2,45º,8,E,3240767,3237464,J3237464,,,,,,
,,,,23204-ECP,.015,9.821,35.6,124.2,45º,8,E,3240767,3237464,J3237464,,,,,,
"318 - 5.2 Lts. - 360 - 5.9 Lts.
V8  -  (1969-77)",AMC 318/360,8 ,G,399-AC,STD.,9.461,46,126.47,45º,3,C,3577943,,,,,,V-9548,,
,,,,399-AC,.005,9.588,46,126.47,45º,3,C,3577943,,,,,,V-9548,,
,,,,399-AC,.015,9.842,46,126.47,45º,3,C,3577943,,,,,,V-9548,,
,,,,1399-E,STD.,9.431,38.55,126.99,45º,3,C,3577971,,,,,,S-9549,,
,,,,1399-E,.015,9.812,38.55,126.99,45º,3,C,3577971,,,,,,S-9549,,
"343 - 5.7 Lts.
V8 -  (1967-69)",AMC 343,8,G,389-A,STD.,9.445,51,124.6,30º,8,C,3182585,,,,,,,,
,,,,1474-EP,STD.,9.449,42.67,124.7,45º,5,C,3218731,,,,,,S-9557,,
,,,,1474-EP,.003,9.525,42.67,124.7,45º,5,C,3218731,,,,,,S-9557,,
,,,,1474-ECP,.015,9.449,42.67,124.7,45º,5,C,3218731,3224598,J3224598,,,,,,
"360 - 5.9 Lts. - 383 - 6.3 Lts.
V8  -  (1973-78)",Rambler / Jeep,8 ,G,474-A,STD.,9.449,51.43,124.43,30º,5,C,3218733,3229657,8122756,,,,V-9556,,
,,,,474-A,.015,9.83,51.43,124.43,30º,5,C,3218733,3229657,8122756,,,,V-9556,,
,,,,1474-EP,STD.,9.449,42.67,124.7,45º,5,C,3218731,,,,,,S-9557,,
,,,,1474-EP,.003,9.525,42.67,124.7,45º,5,C,3218731,,,,,,S-9557,,
,,,,1474-ECP,.015,9.83,42.67,124.7,45º,5,C,3218731,3224598,J3224598,,,,,,
2.5 Ltrs,AMC / Jeep 2000-2002,4 ,G,3958-A,STD.,7.912,48.5,124.75,45º,4,E,53010512AA,,,,,,V-9757,,
,,,,3959-ECB,STD.,7.911,38.1,125.46,45º,4,E,53010513AA,,,,,,S-9758,,
,AUDI,,,,,,,,,,,,,,,,,,,
1.4 TFSI 16V,A1 / A3,4,G,4526-A,STD,4.97,28.5,110.25,45º,4,A,04E109601B  ,,,,,,,,
,,,,4527-ECB,STD,4.965,25,110.1,60º,4,A,04E 109 611 J ,,,,,,S-7190,,
"L4, (1.4 LTS.), 1390 C.C.,16 VALVE, TFSI, DOHC, TURBO",A1 / A2 / A3,4,G,4733-A,STD.,5.973,29.5,100.65,45º,4,C,036109601AL ,,,,,,V-7189,,
,,,,4734-EC,STD.,5.95,26,100.60000000000001,45º,4,C,"036109611AE_x000D_
036109611K ",,,,,,S-7190,,
1.5 Lts.  - XZ - (1979),"80 GL/L
100 GL/L",4 ,G,422-A,STD.,7.963,33.95,98.7,45º,2,E,056109601A,,,,,,V-9564,1102-A,
,,,,1422-EB,STD.,7.943,31.15,98.45,45º,2,E,056109611A,,,,,,S-9563,21102 E,
"1.5 Lts. - 1.6 Lts. - WT
(1981)",80 C/CL/GL / 80 CC,4 ,G,825-A,STD.,7.963,34,98.7,45º,4,E,049109601F,,,,,,V-9573,,
,,,,1825-E,STD.,7.94,31.2,98.45,45º,4,E,049109611F,,,,,,S-9574,,
1.6 Lts. - (1981),80C / CL / GL,4 ,D,303-AC,STD.,7.96,34,104.75,45º,4,A, 068109601C, 068109601D,,,,,,6208 A,
,,,,1303-ECB,STD.,7.942,31.08,104.52,45º,4,A,,,,,,,,26208-E,
1.6 Lts. - (1985),80 Quattro cc / cd,4,D,3190-A,STD.,7.97,34,95.6,45º,4,A,068 109 601L,,,,,,,,
1.6 Lts.  - (1987),80 / 90 Normal / Turbo cc / cd,,,3190-AS,STD.,7.97,34,95.6,45º,4,A,,,,,,,,,
,,,,3193-EBS,STD.,7.95,31.1,95.55,45º,4,C,074109611,,,,,,,,
AEB 1.8 Lts.  -  20V  -  1995-97,"A4 / S4 / Avant, Quattro Turbo",4 / 6,G,3488-AS,STD.,5.963,26.9,105.09,45º,4,C,085109601C,,,,,,V-7015,1707 A,Suitable for CNG             --------            Apto GAS
AEB 1.8 Lts. - 20V  - 1997-98,A6 Turbo,,,3489-ECBS    *,STD.,5.94,29.9,103.9,45º,4,C,,,,,,,,,
AJL 1.8 Lts. -  20V - 1997-99,"A4 / S4 / Avant, Quattro ",,,,,,,,,,,,,,,,,,,
AJL 1.8 Lts. -  20V - 1997-99,A6 Turbo,,,,,,,,,,,,,,,,,,,
APY 1.8 Lts. - 20V  - 1998,S3 Turbo,,,,,,,,,,,,,,,,,,,
AFY 1.8  Lts. - 20V  -  1999,"A4 II Avant, Quattro",,,,,,,,,,,,,,,,,,,
AJQ 1.8 Lts.  -  20V  -  1998,A3 Turbo,,,,,,,,,,,,,,,,,,,
AQA 1.8 Lts. -  20V  -  1998,A3 Turbo,,,,,,,,,,,,,,,,,,,
AGU 1.8 Lts.  - 20V  -  1996-98,A3 Turbo,,,,,,,,,,,,,,,,,,,
AGB 2.7 Lts. - V6  - 30V - 1997,S4 / S4 / Avant / A4 II,6,G,,,,,,,,,,,,,,,,,
ADR 1.8 Lts.  -  20V -  1994-97,"A4 / S4 / Avant / Quattro, Cabrio",4,G,3583-ECBS    *,STD.,5.94,29.9,103.9,45º,4,C,,,,,,,,,
ADR 1.8 Lts. -  20V  -  1997-99,A4 /A4 Avant,,,,,,,,,,,,,,,,,,,
AGN 1.8 Lts. - 20V  - 1996-98,A3 ,,,,,,,,,,,,,,,,,,,
ADR 1.8 Lts.  -  20V  -  1997,A6 / A6 Avant / Cabrio,,,,,,,,,,,,,,,,,,,
AFY 1.8 Lts. -   20V  -  1997,"A4 II / Avant, A6",,,,,,,,,,,,,,,,,,,
AGA / AJG / ALF 2.4 Lts.  -   V6    30V  -  1997,A4 / A4 Avant,6,G,,,,,,,,,,,,,,,,,
APZ / APS  2.4 Lts. - V6  - 30V  1999,A4 / S4 Avant,,,,,,,,,,,,,,,,,,,
AGA / AJG / ALF 2.4 Lts.  -  V6 - 30V  -  1997,A6 / A6 Avant,,,,,,,,,,,,,,,,,,,
AFB / AKN 2.5 Lts.  - 30V  - 1999,A4 II / S4 Avant,,,,,,,,,,,,,,,,,,,
ACK / ALG 2.8 Lts. -  V6  - 30V   1997,A4 / A4 II / S4 Avant / Quattro / Cabrio,,,,,,,,,,,,,,,,,,,
ACK 2.8 Lts.  - V6  - 30V  - 1997,A6 / A6 Avant / Quattro / Cabrio,,,,,,,,,,,,,,,,,,,
ACK 2.8 Lts. - V6  -  30V  -  1996,A8 / S8 Quattro,,,,,,,,,,,,,,,,,,,
APR / AQD 2.8  - V6  - 30V   1999,A4 / S4 / A8 Avant,,,,,,,,,,,,,,,,,,,
APR / AQD 2.8 Lts. -  V6   30V  - 1998,A8,,,,,,,,,,,,,,,,,,,
"1.8 Lts. - 2.0 Lts.
1981-84
2.2 Lts. - 1983-87","80GT / CD  90E / GT
80GT5E / 100 5S / 5E / 200E5",4,G,815-A,STD.,7.962,37.95,98.65,45º,4,C,035 109 601 C,,,,,,V-9658,1104-A,
,,,,1815-EB,STD.,7.937,33.15,98.45,45º,4,E,,,,,,,S-9599,21104-E,
,,,,815-AC,STD.,7.962,37.95,98.65,45º,4,C,,,,,,,,1104 AGNC,Suitable for CNG             --------            Apto GAS
,,,,1815-EGX,STD.,7.937,33.15,98.45,45º,4,E,035 109 611F,035 109 611H,,,,,,21104 EGNC,
L4 16v. 1.8lt. Vin B/C/PL  -2.0lt. Vin B/C/E/J,"Quattro / 90 Quattro /S6 / S4.
",4,G,3198-AX,STD,6.955,31.9,95.5,45º,2,A,027 109  601C,,,,,,,,
L5 20v. 2.2lt. Vin A/P/R/AAN  -  2.3lt. Vin E/7A,,5,,,,,,,,,,,,,,,,,,
V8 32v. 3.6lt. Vin E/P/T - . 4.2lt. Vin W/ABH ,,8,,,,,,,,,,,,,,,,,,
L4 16v. 2.0lt. Vin B/C/E/J,,4,G,3199-EX,STD,6.935,28,98.5,45º,2,A,027109611D,027 109 611B,,,,,,,
L5 20v. 2.3lt. Vin E/7A,,5,,,,,,,,,,,,,,,,,,
"1,4 lts. TDI",A2,4,D,4082-A,STD.,6.98,35.85,89.85,45º,4,A,038109601B,,,,,,V-7093,1196 A,
"1,9 lts. TDI","A3, A4 A6",,,4083-EX,STD.,6.963,31.5,89.65,45º,4,A,038109611B,038109611F,,,,,S-7094,21296 E,
"L4 1.8lt / 2.0lt 16v  /
 L5 2.5lt. 20v",Audi Q7 / A6 / A3,4 / 6,G,4408-AX,STD,5.975,33.9,104,45º,4,C,06D109611M,,,,,,,,
,,,,4221-ECB,STD,5.96,28,101.85,45º,4,A,06E109611D,06D109611K,06D109611L,06D109611T,,,S-9784,21716 E,
1.9 Lts.  TDI  - 1Z / AFF / AHU / AFN,80 Turbo / A4 / A6 / ,4,D,3482-AB,STD.,7.964,35.95,96.85,45º,4,C,028109601H,028109601A,028109601H,046109601G,046109601J,049109601J,,21927 A,
2.5 Lts TDI AEL / AFN / AAT,,,,3483-EB,STD.,7.935,31.4,96.85,45º,4,C,046109611C,046109611E,046109611F,,,,,21927 E,
"1.9 Lts. 
 AFN, AHU, AHH,
AGR, ALH, AHF",A3 / A4 / A6 TDI,4,D,3786-A,STD.,6.966,35.98,96.78,45º,4,C,028 109 601 D,,,,,,,1709 A,
,,,,3787-EB,STD.,6.94,31.4,96.7,45º,4,C,028 109 611 G,,,,,,,21709 E,
"2.0 Lts TDI 16v
BKD, AZV, BVG, BRF, BRE, BLB, BNA,
CAGB","A3/ A4 / A5/ 
A6/ Q5",4,,4466-AC,STD,5.973,29,87.8,45º,4,A,03G 109 601 B,,,,,,,1715 A,
,,,,4467-ECB,STD,5.953,25.5,87.6,45º,4,A,03G 109 611 D,,,,,,,21715 E,
2.0 Lts. TDI 16v,"A3 / A4 / A5 / 
A6 / Q5 / TT",4,D,4104-A,STD.,5.975,28.1,99.3,45º,4,A,03L109601,,,,,,V-7191,1292 A,
,,,D,4105-EB,STD.,5.965,26,99.1,45º,4,A,03L109611,,,,,,S-7192,21292 E,
"2.6 Lts. - 2.8 Lts.
30V  - 1994~","A4 Cabrio / Coupé
A6 Avant / Coupé",6,G,3486-A,STD.,6.98,39.5,91.85,45º,4,C,078109601B, ,,,,,V-9749X,1718 A,
"2600-2800cc
30V           1994","A4 Cabrio / Coupé
A6 Avant / Coupé",6 ,G,3485-EB,STD,6.962,32.95,91,45º,4,C, 048109611B, , , ,,,S-9541,21708 E,
L4 2.7lt. - 16v.  / V6 2.7lt. - 24v / V6 3.0lt. - 24v. / V8 4.1lt. - 32 v. / V12 6.0lt. - 48v. TDI ," A4 / A5 / A6 / A8 /Q5 / 
A7 / Q7 ",4 / 6 / 8 /12,D,4460-AC,STD,5.973,28.7,99.3,45º,4,A,059 109 601 G,,,,,,,,
,,,,4461-ECB,STD,5.973,26.75,99.3,45º,4,A,,,,,,,,,
V6 3.2lt. 24v. - BRK / BUB / CBRA / BFH / BHK / BKJ / BKK / BKL ,A3 / TT,6,G,4404-A,STD,5.98,33.2,102.3,45º,4,C,331127,,,,,,,,
,,,,4406-A,STD,5.98,33.2,136.2,45º,4,C,022109601G,,,,,,,,
V6 3.6lt. 24V. - BWS / BLV / CDVA ,,,,4405-EX,STD,5.96,30.2,102.3,45º,4,C,03H109611D,,,,,,,,
,,,,4407-EX,STD,5.96,30.2,136,45º,4,C,022109601H,,,,,,,,
2.5 -3.0 Lts. 24v TDI,A4 / A6,6,D,4878-A,STD,5.975,27.45,99.3,45º,4,A,059.109.601M,,,,,,,,
,,,,4879-E,STD,5.965,25.5,99.1,45º,4,A,059.109.611AR,,,,,,,,
,*NOTE:  Different keeper groove position. NOTA: Diferente posición de ranura.,,,,,,,,,,,,,,,,,,,
,BEDFORD,,,,,,,,,,,,,,,,,,,
300D   -   1957-65,D6 / J6,6,D,101-A,STD.,8.67,43.2,141.5,30º,8,A,7125556,,,,,,,2001 A,
,,,,1102-E,STD.,8.64,37.6,138.5,45º,13,A,7147912,,,,,,,22001-E,
300 / 350D   -  1965-81,Serie S / R - A7 JIP / KC 330 D,6 ,D,103-A,STD.,8.67,42.85,141.5,30º,8,A,,,,,,,,,
,,,,1104-EP,STD.,8.64,37.35,141.25,45º,8,A,,,,,,,,,
,BUICK,,,,,,,,,,,,,,,,,,,
"L4, (2.0 LTS), 1998 C.C., 16 VALVE, DOHC, FLEX, Turbocharged ",BUICK Envision / Regal Sportback / Regal TourX / 	LaCrosse  / 	Regal TourX,4,G,4805-AN,STD.,5.96,36.5,95.8,45°,2,C,12662527,,,,,,,,
"L4, (2.5 LTS), 2457 C.C., 16 VALVE, DOHC, FLEX, Naturally Aspirated",,,,4806-EN,STD.,5.955,29,103.4,45°,2,C,12653010,,,,,,,,
V6 2.8lt. 24v. Vin 4/6 Turbo ,"Lacrosse / Alture
",6,G,4402-AN,STD,5.96,35.15,101.22,45º,2,C,12575352,12620501,,,,,V-7211,,
V6 3.0lt. 24v. Vin 5/LFW / G/Y/LF1 ,,,,,,,,,,,,,,,,,,,,
V6 2.8lt. 24v. A28NER/B284/B284R/GM LP9,,,,4403-EBN,STD,5.95,30.6,95.2,45º,2,E,12621548,,,,,,S-7212,,
,,,,,,,,,,,,,,,,,,,,
Ecotec 2.4 Lts 16v,"Lacrosse / RegaL / Verano
",4,G,3806-AC,STD.,5.961,35.13,102.2,45º,4,C,12575793,12622329,90537240,,,,,1318 A,
,,,,3807-ECB,STD.,5.951,30.11,100.9,45º,4,C,12596034,12615936,,,,,,21318 E,
"V6, 217 C.I., (3.6L), DOHC, GAS, FI, 24 Valve, Vin D, V, LLT Direct Injected.", Allure / Enclave / Larrose,6,G,4600-AN,STD,5.963,37,101.3,45º,2,C,12575351,,,,,,,,
,,,,4601-EN,STD,5.95,30.6,97.1,45º,2,C,12575354,,,,,,,,
"V6, 217 C.I(3.6L), DOHC,FLEX,GAS,FI, 24V,VIN 3 LFX DIREECT INJEC
V6, 217 C.I(3.6L), DOHC,GAS,FI, 24V,VIN 8 LF3 TURBO",Lacrosse,6,G,4605-AN,STD,5.959,38.35,100.65,45º,2,C,,,,,,,V-7271,,
,,,,4403-EBN,STD,5.95,30.6,95.2,45º,2,E,12621548,,,,,,S-7212,,
,B. M. W.,,,,,,,,,,,,,,,,,,,
"1.6 Lts. - M40B16 - 1988
1.8 Lts. - M40B18 - 1990",316i / 318i / 518i,4 ,G,3178-A,STD.,6.96,41.9,101.93,45º,4,E,,,,,,,,,
,,,,23179-ECBS,STD.,6.95,36,100.9,45º,4,A,1134 1727352,,,,,,,,
"1.6 Lts. - 16V - M42B16 - 1991
1.8 Lts. - 16V - M42B18      
2.5 Lts. - 24V - M50B25 - 1992",316i / 318i / 325i / 525i,4,G,3516-AC,STD.,6.96,32.95,106.7,45º,4,C,11341722908,11341722892,,,,,,,Suitable for CNG             --------            Apto GAS
,,,,3517-ECB,STD.,6.956,30.4,106.3,45º,4,A,11341722909,11341726903,,,,,,,
Eng. M52B25 - M44B18 - M52B28 - 1.8 Lts. - 2.5 Lts. DOHC - 24 / 16V. -,323i / 318 TI Compact / 318 Is Coupé / 238 I Coupé - Cabriolet - Touring / 523i / 528i / 728i / Z3 Roadster / 525 Touring ,4 / 6,G,4026-AN,STD.,5.965,33,106.15,45º,4,A,11341739820,11341738218,,,,,,1948 A,
 Año / Year 1992 al 1999,,4 & 6 ,,4027-EPN,STD.,5.948,30.5,105.7,45º,4,A,11341739823,11341739821,1134738219,,,,,21948 E,
"1.9 Lts. - 2.0 Lts. - 2.3 Lts.
M20B27 - 1977-84",320/6 - 520/6 - 320i - 323i - 525i,6 ,G,457-AC,STD.,6.97,39.95,102.5,45º,4,E,1134 1267687,,,,,,,1950 A,
,,,,1457-EC,STD.,6.953,33.9,102.55,45º,4,E,1267688,1271273, , ,,,,21950 E,
"2.0 Lts.  - 24V
M50B20  - 1992",320i / E36 / 520i / E34,4 ,G,3428-AC,STD.,5.963,30,107,45º,4,C,1134 1738220,,,,,,,,Suitable for CNG             --------            Apto GAS
,,,,23429-ECBS,STD.,5.95,27,106.4,45º,4,C,1134 1738221,1134 1738215,1134 7502173,1134 7502351,,,,,
M20 L6 2.5Lts 12v,325 IX / 325 I / 325 IS ,6 ,G,3448-A,STD.,6.975,41.85,102.4,45º,4,C,11341708895,1720827,1708895,,,,,,
,,,,3449-ECBS,STD.,6.954,35.9,102.5,45º,4,A,11341287814,1708896,1720828, ,,,,,
" N47 / N57
L4 2.0lt. 16v ",116 / 118 / 120 / 316 / 318 / 320 / 328 / 330,4,D,4462-AC,STD,4.968,27.2,94,45º,4,A,11127797711,,,,,,,,
,,,,4463-EC,STD,4.96,24.7,94,45º,4,A,11347797712,,,,,,,,
,CADILLAC,,,,,,,,,,,,,,,,,,,
"L4, (2.0 LTS), 1998 C.C., 16 VALVE, DOHC, FLEX, Turbocharged ",CADILLAC ATS / 	CTS,4,G,4805-AN,STD.,5.96,36.5,95.8,45°,2,C,12662527,,,,,,,,
"L4, (2.5 LTS), 2457 C.C., 16 VALVE, DOHC, FLEX, Naturally Aspirated",,,,4806-EN,STD.,5.955,29,103.4,45°,2,C,12653010,,,,,,,,
V6 2.8lt. 24v. Vin 4/6 Turbo ,ATS / CTS / SRX,6,G,4402-AN,STD,5.96,35.15,101.22,45º,2,C,12575352,12620501,,,,,V-7211,,
V6 3.0lt. 24v. Vin 5/LFW / G/Y/LF1 ,,,,,,,,,,,,,,,,,,,,
V6 2.8lt. 24v. A28NER/B284/B284R/GM LP9,,,,4403-EBN,STD,5.95,30.6,95.2,45º,2,E,12621548,,,,,,S-7212,,
,,,,,,,,,,,,,,,,,,,,
"V6, 217 C.I., (3.6L), DOHC, GAS, FI, 24 Valve, Vin D, V, LLT Direct Injected.", SRX / STS / CTS,6,G,4600-AN,STD,5.963,37,101.3,45º,2,C,12575351,,,,,,,,
,,,,4601-EN,STD,5.95,30.6,97.1,45º,2,C,12575354,,,,,,,,
"V6, 217 C.I(3.6L), DOHC,FLEX,GAS,FI, 24V,VIN 3 LFX DIREECT INJEC
V6, 217 C.I(3.6L), DOHC,GAS,FI, 24V,VIN 8 LF3 TURBO",ATS / CTS / SRX / XTS,6,G,4605-AN,STD,5.959,38.35,100.65,45º,2,C,,,,,,,V-7271,,
,,,,4403-EBN,STD,5.95,30.6,95.2,45º,2,E,12621548,,,,,,S-7212,,
"252   -   4.1 Lts.
V8 - 1982-86",DeVille / El dorado / Seville ,8,G,3102-A,STD.,8.676,39,122.5,44º,6,C,1618837,,,,,,,,
,,,,3102-AC,.015,9.057,39,122.5,44º,6,C,,,,,,,,,
,,,,23102-ECP,STD.,8.67,33,120.1,45º,6,C,1621321,,,,,,,,
"252   -   4.1 Lts.
V8 - 1986-88",Eldorado / Seville - (Cadillac),8,G,3113-AC,STD.,8.679,39,122.5,45º,2,C,1635318,,,,,,,,
,,,,3113-AC,.005,8.806,39,122.5,45º,2,C,1635318,,,,,,,,
,,,,23113-ECB,STD.,8.674,33,120,45º,2,C,,,,,,,,,
,,,,23113-ECB,.003,8.75,33,120,45º,2,C,,,,,,,,,
,,,,23113-ECB,.005,8.801,33,120,45º,2,C,,,,,,,,,
,,,,23113-ECB,.015,9.055,33,120,45º,2,C,,,,,,,,,
273 / 300  - 4.5 / 4.9 Lts. - V8 - 1990-92,DeVille / Eldorado / Seville - (Cadillac),8,G,3122-AC,STD.,8.675,45,121.9,45º,2,C,,,,,,,,,
,,,,3122-AC,.003,8.751,45,121.9,45º,2,C,,,,,,,,,
,,,,3122-AC,.005,8.802,45,121.9,45º,2,C,,,,,,,,,
,,,,3122-AC,.015,9.056,45,121.9,45º,2,C,,,,,,,,,
,,,,3123-EC,STD.,8.647,38.05,119.7,45º,2,C,,,,,,,,,
,,,,3123-EC,.003,8.723,38.05,119.7,45º,2,C,,,,,,,,,
,,,,3123-EC,.005,8.774,38.05,119.7,45º,2,C,,,,,,,,,
,,,,3123-EC,.015,9.028,38.05,119.7,45º,2,C,,,,,,,,,
279   -   4.6 Lts.- 32V - V8 - 1993-99,Eldorado / Seville - (Cadillac) Northstar DOHC,8,G,3660-AC,STD.,5.931,33.2,105.9,45º,2,C,1647199,,,,,,,,
,,,,3661-EC,STD.,5.931,29,90.5,45º,6,C,12556458,,,,,,,,
"   7.7 / 8.2 Lts.
V8  -  1968-73",Cadillac 472 / 500,8,G,3116-A,STD.,8.687,50.8,132.97,45º,6,A,1486753,,,,,,,,
,,,,23116-EC,STD.,8.674,41.3,133.35,45º,6,A,1486752,5232537,,,,,,,
Vortec GEN III V8 16v. 6.0lt. Vinj. L99 / ,Escalade ,8,G,4380-AC,STD,7.966,55,124,45º,2,C,12590771,12617533,,,,,V-7071,,
6.2lt. Vin W LS3  ,,,,4381-ECP,STD,7.955,40.4,124.8,45º,2,C,12582719,12612427,,,,,S-7072,,
"  7.7 / 8.2 Lts.
V8  -  1974-76",Cadillac 472 / 500,8,G,3117-A,STD.,8.674,50.8,126.65,45º,6,E,1602743,,,,,,,,
,,,,23117-ECP,STD.,8.674,41.3,126.95,45º,6,A,5232916,,,,,,,,
,CASE,,,,,,,,,,,,,,,,,,,
124 / 126 / 148,"G126 200B - G148 LPG 300, 300B, 400B, G148",4,D,3656-A,STD.,8.664,33.73,125.9,30º,8,B,A30437,,,,,,,,
,,,,3657-E,STD.,8.603,30.56,132.38,45º,8,B,G46249,,,,,,,,
154,154 Serie S / SC,4,G,3744-A,STD.,7.861,36.52,121.7,45º,3,B,A21704,,,,,,,,
,,,,3745-E,STD.,7.861,32.54,121.55,45º,3,A,A21703,,,,,,,,
188,188 / G180D  - Tractor 530 / 630,4,D,3674-AC,STD.,8.674,40.64,161.4,45º,7,A,A38422,A41726,,,,,,3081 A,
,,,,3675-EC,STD.,8.646,35.64,161.35,45º,18,A,4A41727,,,,,,,23081 E,
267 / 451,"A267D / 730 / 740 / 700B / 800B
451BD / 451BDT",4 / 6,D,3474-A,STD.,10.223,42.67,162.88,45º,18,C,A-58869,,,,,,,3082-A,
,,4 & 6 ,D,3473-E,STD.,10.224,39.67,163.27,45º,18,C,A-58870,,,,,,,23082 E,
NH PERKINS,CASE,6,D,4186-AC,STD.,9.436,47.5,146.9,30º,5,A,87802256,,,,,,,,
,,,,4187-ECB,STD.,9.41,43,146.5,45º,5,A,87802258,,,,,,,,
NH PERKINS,CASE,6,D,4186-AC,.015,9.817,47.5,146.9,30º,5,A,87802256,,,,,,,,
,,,,4187-ECB,.015,9.791,43,146.5,45º,5,A,87802258,,,,,,,,
NH PERKINS,CASE,6,D,4188-ACB,STD.,9.435,47.5,146.9,30º,6,A,I-EL-32052,,,,,,,,
,,,,4189-ECB,STD.,9.405,43,146.5,45º,6,A,E-EL-32053,,,,,,,21620 E,
"Ford 675 TA/HD Aspirado (Ford Genesis)
6 Cil.16v 7.5Lts 144 HP ",Case,6,D,4186-AC,STD,9.436,47.5,146.9,30º,5,A,87802256,,,,,,,,
,,,,4187-ECB,STD,9.41,43,146.5,45º,5,A,87802258,,,,,,,,
Ford 675 TA/HD Aspirado (Ford Genesis)6 Cil.16v 7.5Lts 144 HP ,Case,6,D,4186-AC,.015,9.817,47.5,146.9,30º,5,A,87802256,,,,,,,,
,,,,4187-ECB,.015,9.791,43,146.5,45º,5,A,87802258,,,,,,,,
Ford 675 TA/HD Aspirado (Ford Genesis)6 Cil.16v 7.5Lts 144 HP ,Case,6,D,4188-ACB,0.15,9.436,47.5,146.9,30º,6,A,I-EL-32052,,,,,,,,
,,,,4189-ECB,0.15,9.41,43,146.5,45º,6,A,E-EL-32053,,,,,,,21620 E,
FIAT CURSOR 9                                     8.7 Lts.,Cosechadoras Case Axial-Flow 8120 ,4 / 6,D,4110-AC,STD.,7.977,40,174.4,30º,2,A,500354085,, ,,,,,,
,Case Magnun 235 y 315,,,4111-ECB,STD.,7.977,39,173.3,45º,2,A,504078218,,,,,,,,
"L4, 336 C.I., (5.5L),  Turbo Diesel 8 Valve",A336BD,4,D,4628-AC,STD.,10.225,50.8,163.3,45º,18,A,,,,,,,,,
,,4,D,4629-ECX,STD.,10.19,44.35,163.3,45º,18,C,,,,,,,,,
"L6, 504 C.I., (8.3L),   TURBO Diesel 12 Valve",A504BD / A504BDT,6,D,4628-AC,STD.,10.225,50.8,163.3,45º,18,A,,,,,,,,,
,,6,D,4629-ECX,STD.,10.19,44.35,163.3,45º,18,C,,,,,,,,,
,CATERPILLAR,,,,,,,,,,,,,,,,,,,
  K25A,Autoelev. Caterpillar /Komatsu,4,D,4124-A,Std,6.97,38,98.87,45º,6,C,13201FY525,,,,,,,,
,,,D,4125-EN,Std,6.96,32.12,99,45º,6,C,13202FY525,,,,,,,,
1673 - 1959-69,D4 / D330 / D333,4 ,D,349-A,STD.,9.442,48.15,166.7,30º,3,A,7M7358, ,, ,,,,3019 A,
"1673
1959-69",D4 / D330 / D333,4 ,D,1349-EP,STD.,9.435,45.15,166.45,30º,3,A,8N3724,7M7360,9M4163,,,,,23019 E,
 3114 / 3116,3114 / 3116,4 / 6 ,D,3614-AC,STD.,8,47,177.2,30º,2,E,7W8064,1614280, , ,,,,23077 A,
 4.4lt. / 6.6lt.,3114 / 3116,6 ,D,3615-EC,STD.,8,40,176.9,45º,2,E,1051779,1360819,7W2699,,,,,23077 E,
 3204 / 3208 Aspirado                      2.8lt. / 10.5lt.                                             ,3204 / 3208 Aspirado,4/8,D,561-AC,STD.,9.459,53.2,144.8,30º,3,E,9L8368,9L7682,,,,,,2009-A,
,,,,561-AC,.015,9.84,53.2,144.8,30º,3,E,9L8368,9L7682,,,,,,2009-A,
,,,,1561-EBS,STD.,9.434,45.75,144.4,45º,3,E,9N5125,9L7683, , ,,,,,
,,,,1561-ECB,STD.,9.434,45.75,144.4,45º,3,E,9N5125,9L7683, ,,,,,22009-E,
,,,,1561-ECB,.015,9.815,45.75,144.4,45º,3,E,9N5125,9L7683, ,,,,,22009-E,
3304 / 3306,D4 / D4D / D5 / D6C Aspirado,4 / 6,D,573-A,STD.,9.441,51.3,139.95,30º,3,A,5S6452,,,,,,,3040 A,
3304 / 3306,D4 / D4D / D5 / D6C,4 / 6,D,573-E,STD.,9.441,48.16,139.2,30º,3,A,5S6449,,,,,,,3040 E,
3304 / 3306 T                                            7.0lt / 10.5lt,D4 / D4D / D5 / D6C - Turbo                                                       ,4 / 6,D,1573-ABS,STD.,9.44,51.3,139.95,30º,3,A,2W2621,9N6117,4W1670,7S8809,,,,23040 A,
3304 / 3306,D4 / D4D / D5 / D6C - Turbo,4 / 6,D,1573-EBS,STD.,9.441,48.16,139.2,30º,3,A,5S7232,8N0875,7S6767, ,,,,23240 E,
3304 / D330C / 3306 / D333                  7.0lt. / 10.5lt. ,D4D / D5 / D6C - Aspirado,4 / 6,D,3210-A,STD.,9.442,51.3,136.4,30º,3,A,6N9915,1007860,2W2620, ,,,,23053 A,
,D4D / D5 / D6C - Aspirado,4 / 6,D,23210-EB,STD.,9.44,48.2,134.8,30º,3,C,6N9916,7N0573,1007861,,,,,23053 E,
3304 / D330C / 3306 / D333                   7.0lt. / 10.5lt.  ,D4D / D5 / D6C - Turbo,4 / 6,D,3210-AS,STD.,9.442,51.3,136.4,30º,3,A,6N9915,2W2620,1007860,,,,,3053 A,
"3304 / 3306
1980",D4D / D5 / D6C - Turbo,4 / 6,D,23210-EBS,STD.,9.44,48.2,134.8,30º,3,C,6N9916,1007861,1487455,,,,,3053 E,
3406B / G3406 / 3408 / 3412 / G3412-  14.6lt. / 18.0lt / 27.0lt ,245 / 825C / 621B / 769 / 631D / 773B / 992C 3406 / ,"6 / 8 /
12",D,23229-ABS,STD.,9.441,45,181.35,30º,3,A,2W2622,1W3859,1152368,1085902,,,,23038 A,
3406 / 3408 / 3414          1984,245 / 825C / 621B / 769 / 631D / 773B / 992C,"6 / 8
12",D,23229-EBS,STD.,9.441,41.8,181.35,45º,3,A,1W3860,1W3860,1152367, ,,,,23038 E,
"CAT 3054 Turbo & NA / 3056 Turbo & NA  
4.0lt. / 6.0lt.",CAT 3054 Turbo & NA / 3056 Turbo & NA,4/6,D,4238-ACB,STD,8.962,43,122.94,45º,2,E,1382052,3142D041, ,,,,,,
,,,,4239-ECB,STD,8.943,41.05,123,45º,2,E,1382050,3142D031,,,,,,,
" 3054 / 3056 Turbo y Aspirado
            4.0 Lts  -6.0 Lts. ",3054 / 3056 Turbo y Aspirado,4/6,D,4240-ACB,STD,8.964,43,123,30º,2,E,1456855,,,,,,,,
,,,,4241-ECB,STD,8.949,41,123,30º,2,E,1456857,,,,,,,,
"CAT 3054 C & E Turbo y aspirado   
4Lts. - 4.4 Lts",CAT 3054 C & E Turbo y aspirado                                              ,4,D,4236-AN,STD,8.964,46.32,129.14,30º,2,A,2255495, ,,,,,,,
,,,,4237-ECB,STD,8.949,41.63,129.14,30º,2,A,2255499, ,,,,,,,
"C9 
8.8Lts 24v -Turbo Diesel L6",Caterpillar,6,D,4044-AX,STD,9.441,36,184.5,65º,3,C,1632442, , , ,,,,,
,,,,4045-ECB,STD,9.441,36,183,45º,3,E,1883122, , , ,,,,,
 V8 27.2Lts - V12 41.0Lts -  ," D8 
1958-69","4 / 6 / 
8/12",D,1571-ABS,STD.,12.59,59.5,236.2,45º,11,A,7F5310,8H1993, , ,,,,3039-A,
"D339 / D342 / D364 / D375 / D386 / 
D397 / D13000","D339 / D342 / D364 / D375 / D386 / 
D397 / D13000","4 / 6
8",D,1571-EBS,STD.,12.585,58,235.4,45º,11,A,5M5828,8H1994,7F4784, ,,,,23039-E,
14.6lt. / 29.2lt. / 39.0lt.,988 / 650 / 824 / 1693 / D343 / 346 / 348 / 349 / 1191,6 / 8 / 12 / 16 ,D,1569-APS,STD.,9.427,45,152.35,45º,3,A,1N4885,1P407,1N4886,,,,,22010 A,
D343 / 346 / 348 / 349,988 / 650 / 824,6,D,1569-EPS,STD.,9.43,41.85,152.4,45º,3,A,2M6403,1P1081,7E7830,,,,,22010 E,
L6 10.3lt / 12.0lt,3176 / C10 / C12,6,D,3848-AP,STD.,9.44,45,174,30º,3,A,7C5215,7E9578,7E5215,,,,,,
,,,,3849-ECP,STD.,9.44,42,174,45º,3,A,1337029,7C1586,7E9577, ,,,,,
 3176/ C10 /C12,3176/ C10 / C12,6,D,3848-AX,STD.,9.44,45,174,30º,3,E,1242692,1929213, ,,,,,,Upgrade
  10.3lt. 12.0 lt,,,,,,,,,,,,,,,,,,,,
V16 64.4Lt/  V12 48.3 Lt / V6 24.1Lt,D9 - 18 A 1 - 19 A 1 - 34 A 1 - D535C - D353E - G353 - D379 A/B - D398 A/B - D399 - G398- D398- G399 Gas natural & Diesel,6 / 8 / 12 / 16,D,3866-ABS,STD.,12.586,63.6,238.5,30º,11,A,7M7817, , , ,,,,22011-A,
,,,,3867-EBS,STD.,12.586,59.7,238.5,30º,11,A,8N3723,4H9804,8H7097, ,,,,22011-E,
3304 / D330C / D333C/ G3304 / 3306,3304 / D330C / D333C,4,D,4320-AX,STD,9.441,51.3,163.5,30º,3,E,7W7490, , , ,,,,,
  L4 - 7.0lt. 8v , G3304 / 3306 ,,,4321-EX,STD,9.441,48.15,162.5,30º,3,E,7W7491, , , ,,,,,
L6 14.6 Lts / L8 18 Lts / L12 27 Lts  ->  GAS,G3400 / G3408 / G3412,6 / 8 / 12,GAS NATURAL,4540-AX,STD,9.441,45,197.3,71º,3,E,3581229,,,,,,,,
,,,,4541-EX,STD,9.441,41.8,197.3,71º,3,E,3581230,,,,,,,,
14.6lt. / 18.0lt. / 27.0lt.,3406/3406B/G3406/G3408/3408/3412/G3412,6 / 8 / 12,D,3908-AB,STD.,9.442,45,181.4,20º,3,E,M-1227353,,,,,,,,
,,,,3909-ECB,STD.,9.442,41.8,181.45,20º,3,E,M-1018314,,,,,,,,
3126B  / C7 Accert TD,3126B  / C7 Accert TD,6,D,3928-AX,STD.,7.995,40,183,30º,2,A,1457390,2527801, , ,,,,,
 L6 - 7.2 Lts,,,,3929-EX,STD.,9.441,43,199,45º,3,A,1478211, , , ,,,,,
3406C / 3408C / 3412C,3406C / 3408C / 3412C,6/ 8 / 12,D,3922-ACB,STD.,9.441,45,184.3,30º,3,E,1220322, , , ,,,,,
 14.6lt. / 18.0lt. / 27.0lt,,,,3923-ECB,STD.,9.441,41.9,184.3,45º,3,E,1220321, , , ,,,,,
L6 - V8- V12,3406E / C15 / 3456 / C16 / 3408 / C18 / C27TD / 3412E / C32,6 / 8 / 12 ,D,3926-ACB,STD.,9.441,47,202,30º,3,A,1537023,2365605,, ,,,,,
14.6lt. / 15.8lt. / 18.0lt.  /27.0lt. / 32.1lt.,,,,3927-ECB,STD.,9.441,41.9,202,45º,3,A,1537024,2899231,, ,,,,,
L6 - V8- V12,Caterpillar,6 / 8 / 12 ,D,3926-AI (Version Inconel),STD.,9.441,47,202,30º,3,C,,,,,,,,,
14.6lt. / 15.8lt. / 18.0lt.  /27.0lt. / 32.1lt.,,,,3927-EI (Version Inconel),STD.,9.441,41.9,202,45º,3,C,,,,,,,,,
L4 / L6 5.7lt / 8.6lt.,D 315 / D316 / D318,4 / 6,D,570-A,STD.,11.08,51.5,197.7,45º,11,A,4F213,6H3026,,,,,,,
,,,,570-E,STD.,11.055,46.74,197.7,45º,11,A,4F212,,,,,,,,
C11 / C13A TDI  11.1lt. / 12.5lt ,C11 / C13A TDI ,6,D,4194-ACB,STD,9.438,44.6,188.41,30º,3,,2243028,,,,,,,,
 C13 TD / C11TD No Turbo 11.1lt.-12.5lt ,C13 TD / C11TD No Turbo,,,4196-AC,STD,9.438,44.6,188.38,30º,3,,2527802,,,,,,,,
C11 / C13A TDI  11.1lt. / 12.5lt ,C11 / C13A TDI ,,,4195-ECB,STD,9.44,41.5,187,45º,3,,2243030,,,,,,,,
34.5lt / 51.8 / 69.0lt. / 86.3lt ,S-3500 - 3508 / G3508 / 3516 / G3516 / G3520,8/12/16/ 20,GAS,4115-EX,STD,9.441,56,219,20º,3,A,1047184, 7E4610,7W6884,,,,,,
,,,,,,,,,,,,,,,,,,,,
" V8 34.5 Lts 32v Diesel/Gas
V12 51.8 Lts 48v Diesel/Gas 
V16 69.0 Lts 64v Diesel/Gas
V20 86.3 Lts 80v Diesel/Gas","3508/ G3508 / 3512 / G3512/
 3516 / G3516 / 3520 / G3520",8/12/16/20,D / GAS,4367-EX ,STD,9.441,56,219,20º,3,A,,,,,,,,,
,,,,,,,,,,,,,,,,,,,,
S-3500 - 3508B / 3512B / 3516B / 3524B    ,S-3500 - 3508B / 3512B / 3516B / 3524B,8 /12 /16 / 24,D,4114-AC,STD.,9.441,56,219,45º,3,C,2102542,1212028,,,,,,,
34.5lt. / 51.8lt / 69.0lt. / 117.0lt ,,,,4203-EX,STD.,12.573,56,219,20º,2,C,1944897,4432712,,,,,,,
L4 4.0lt. 3054 Asp. & TD, ,4,,3782-AC,STD,9.475,44.98,122.87,45º,2,A,3142L051,3142L071, , ,,,,6176 A,
, ,,,,,,,,,,,,,,,,,,,
L6 6.0lt. 3056 Asp. & TD,Caterpillar,,,3784-ACB,STD,9.475,44.98,122.87,60º,2,A,1004626,3142L072, , ,,,,,
 ,,,,,,,,,,,,,,,,,,,,
 , ,,,3399-ECB,STD,9.443,37.4,123.3,45º,2,A,7W4602,3142A051,31431961,,,,S-9586,,
, ,,,,,,,,,,,,,,,,,,,
L4 259 CI (4.2LTS) - 3066/ TURBO,"311B, 312B, 314C",4,D,4616-AN,STD,7.955,44,134,60,8,A,517738,,,,,,,,
,,4,D,4617-EN,STD,7.935,37,134,60,8,E,517739,,,,,,,,
L6 389CI (6.4LTS) - 3066/ TURBO,"320B, 320C",6,D,4616-AN,STD,7.955,44,134,60,8,A,517738,,,,,,,,
,,6,D,4617-EN,STD,7.935,37,134,60,8,E,517739,,,,,,,,
L4 259 CI (4.2LTS)  /  L6 389CI (6.4LTS) - 3066 MHI / TURBO,"312C, 314C, 320C, 320D, 320CI",4,D,4620-AN,STD,7.937,46,134,60,8,E,2128477,,,,,,,,
,,4,D,4617-EN,STD,7.935,37,134,60,8,E,517739,,,,,,,,
L4 258 CI (4.2LTS) 8v.,"3054B, 416D, 424D",4,D,4618-AC,STD,8.964,45,124.1,45º,2,E,1763134,,,,,,,,
,,4,D,4619-EC,STD,8.95,42,124.2,45º,2,E,1763137,,,,,,,,
L6 (6.4LTS) ACERT C6.4  - TURBO DIESEL,"320D L,312D,320D LRR,314D LCR,319D L,323D S,320D,323D L,321D LCR,320D FM,319D LN,312D L,319D,320D LN,323D LN,311D LRR,315D L,313D,320D RR,320D GC,314D CR,323D SA,320D FM RR,318D L,323D",6,D,4624-AN,STD,6.565,34.5,144,60,2,A,,,,,,,,,
,,6,D,4625-EN,STD,6.53,27.5,144,45º,2,A,,,,,,,,,
"L3, 91 C.I., (1.5L) C1.5, 6 , 6 Valve, Diesel, 400C Series", 403C.15 / N843-C,3,D,4626-AN,STD,6.96,37,99.5,45º,2,A,,,,,,,,,
,,3,D,4627-EN,STD,6.935,32.9,99.5,45º,2,A,,,,,,,,,
"L4, 8 Valve - Diesel 400 Series","L4, 135 C.I., (2.2L), 3024 / 3024C/T / C2.2 / C2.2T / N844L-C / N844LT-C / 404C.22 / 404C.22T / N8446-C / N844LT-C/  8 Valve, Turbo  Diesel 400 Serires",4,D,4626-AN,STD,6.96,37,99.5,45º,2,A,,,,,,,,,
,,4,D,4627-EN,STD,6.935,32.9,99.5,45º,2,A,,,,,,,,,
"L6, 893 C.I., (14.6L), , 24 Valve, Diesel / GAS",3406 DIESEL / G3406 GAS,6,D,4630-AX,STD,9.441,45,193.6,71,3,E,,,,,,,,,
,,6,D,4631-ECX,STD,9.441,41.8,193.6,71,3,E,,,,,,,,,
"L6, 1099 C.I., (18.0L),, 32 Valve, Gas", G3408 GAS,6,N,4630-AX,STD,9.441,45,193.6,71,3,E,,,,,,,,,
,,6,N,4631-ECX,STD,9.441,41.8,193.6,71,3,E,,,,,,,,,
"V8, 1099 C.I., (18.0L), 3408, 32 Valve, Diesel",3408,8,D,4630-AX,STD,9.441,45,193.6,71,3,E,,,,,,,,,
,,8,D,4631-ECX,STD,9.441,41.8,193.6,71,3,E,,,,,,,,,
"V12, 1649 C.I., (27.0L), , 48 Valve, Diesel",3412 DIESEL / G3412 GAS,12,D,4630-AX,STD,9.441,45,193.6,71,3,E,,,,,,,,,
,,12,D,4631-ECX,STD,9.441,41.8,193.6,71,3,E,,,,,,,,,
L6 19260 CC (19.3LTS) TURBO ,6D155,6,D,4622-A,STD,10.93,56.15,212.4,60,2,E,,,,,,,,,
,,6,D,4623-E,STD,10.93,53,212.4,45º,2,E,,,,,,,,,
"L6, (8.8 Lts.), 537 C.I., C9, 24 Valve Turbo Diesel",,6,D,4640-ACX,STD.,8,39,184.5,60,2,A,"2527803_x000D_
2418382 ",,,,,,,,
,,6,D,4641-ECX,STD.,9.441,36,184.65,45º,3,C,2418383 ,,,,,,,,
,CHERY,,,,,,,,,,,,,,,,,,,
1.1lt.-  L4 - 16v. ,Chery QQ,4,G,4360-AN,STD,4.96,24.5,78.8,45º,2,C,,,,,,,,,
,,,,4361-EN,STD,4.96,21,79.15,45º,2,C,,,,,,,,,
Acteco L4  1.3 LTS  16V,Chery Van Cargo 1,4,G,4510-AN,STD,5.97,29,108.3,45º,4,C,473H-1007011BA,,,,,,,,
,,,,4511-EN,SDT,5.95,24,107,45º,4,C,473H-1007012BA,,,,,,,,
"L4, (1.5 LTS.), 1497 C.C., 16 VALVE, ACTECO, SQRU77F",FULWIN COWIN,4,G,4779-A,STD.,5.96,30.3,108.15,45º,4,E,,,,,,,,,
,,,,4780-E,STD.,5.95,25,117.45,45º,4,E,,,,,,,,,
"SQR484F 
2,0 16v",Chery Tiggo ,4,G,4132-A,STD,5.98,33,107.63,45º,4,A,481H 1007011BA,,,,,,,1280 A,
,,,G,4133-EC,STD,5.97,27.75,106.36,45º,4,A,481H 1007012BA,,,,,,,21280 E,
"L4, (1.6 LTS), 16 VALVE, DWT, ACTECO, 4G16",Chery Tiggo III,4,G,4720-AN,STD,5.97,31.3,108,45º,4,E,,,,,,,,,
,,,,4721-EN,STD,5.96,26.5,106.4,45º,4,E,,,,,,,,,
,CHRYSLER,,,,,,,,,,,,,,,,,,,
"1.4 Lts. -  4G32   1.6 Lts.  -  4G36
1983-88",Arrow / Champ (Mitsubishi),4 ,G,831-A,STD.,7.975,38,106,45º,6,C,MD-000480,,,,,,,5201 A,
,,,,1831-ECP,STD.,7.936,31,102.46,45º,6,A,MD-000481,,,,,,,25201 E,
"1.4 Lts. - G12B / G15B
1986-89",Champ / Colt / Eagle (Mitsubishi),4 ,G,462-A,STD.,6.57,34,102.15,45º,2,C,MD-016460,,,,,,,1086 A,
,,,,1462-EB,STD.,6.538,30.03,101,45º,2,C,MD-016461,,,,,,V-9579X,21086 E,
1.4 Lts. - XZ - 1973-74,FOX SOHC L4,4 ,G,422-A,STD.,7.96,33.9,98.7,45º,2,E,056109601A,,,,,,V-9564,1102-A,
,,,,1422-EB,STD.,7.943,31.15,98.45,45º,2,E,056109611A,,,,,,S-9563,21102 E,
"121  -  2.0 Lts. A588  16V
1995-99",Neón DOHC ,4 ,G,3500-AC,STD.,5.943,34.8,111.61,45º,2,C,4607124,4667807,,,,,V-9727,1699 A,Suitable for CNG             --------            Apto GAS
,,,,3501-ECP,STD.,5.915,30.5,109.71,45º,2,C,4667129,4667972,,,,,S-9728,21699 E,
ED3 / EDG Gema -,200 / Sebring,4,G,4336-AC,STD,5.465,35,113.5,45º,2,E,50470688AA/AB,MN187696,,,,,V-7067,,
 L4 2.0lt. / 2.4lt.  - 16v,,,,4337-EC,STD,5.465,29,105.7,45º,2,E,5047069AA/AB,MN183950,,,,,S-7068,,
"16V. -  SOHC - 2,0 Lts. - (2000-03)",Neon,4,G,3830-AC,STD.,5.946,33.24,114.62,45º,4,C,4648615AC,,,,,,V-7141,,
,,,,3831-ECB,STD.,5.913,28.7,117.2,45º,4,C,4648613AC,,,,,,S-7142,,
"122 - 2.0 Lts. - 4G52 / 4G63
1974-82",Pick up D50 / Ram 50 (Mitsubishi),4 ,G,3276-A,STD.,7.95,42.99,112.78,45º,6,C,MD-020580,,,,,,,,
,,,,23276-EB,STD.,7.935,35,111.6,45º,6,E,MD-020581,,,,,,,,
121  -  2.0 Lts. 16V - 1994,Neon / Stratus,4,G,3470-AC,STD.,5.944,33.22,114.81,45º,2,C,04648615,,,,,,S-9826,1698 A,Suitable for CNG             --------            Apto GAS
,,,,3470-AC,.005,6.071,33.22,114.81,45º,2,C,04648615,,,,,,S-9826,1698 A,
,,,,3470-AC,.015,6.325,33.22,114.81,45º,2,C,04648615,,,,,,S-9826,1698 A,
,,,,3471-ECP,STD.,5.906,28.7,117.32,45º,2,C,4648613,,,,,,,,
,,,,3471-ECP,.005,6.033,28.7,117.32,45º,2,C,4648613,,,,,,,,
,,,,3471-ECP,.015,6.287,28.7,117.32,45º,2,C,4648613,,,,,,,,
135 - 2.2 Lts. - 1982-85,Dart / Volare / K,4 ,G,3250-A,STD.,7.943,40.6,112.23,45º,6,C,4201393,,,,,,V-9583,,
,,,,3250-A,.005,8.07,40.6,112.23,45º,6,C,4201393,,,,,,V-9583,,
,,,,3250-A,.015,8.324,40.6,112.23,45º,6,C,4201393,,,,,,V-9583,,
,,,,23250-ECP,STD.,7.892,35.4,112.85,45º,5,C,4227778,,,,,,S-9584,,
,,,,23250-ECP,.005,8.019,35.4,112.85,45º,5,C,4227778,,,,,,S-9584,,
,,,,23250-ECP,.015,8.273,35.4,112.85,45º,5,C,4227778,,,,,,S-9584,,
"135  -  2.2 Lts. / 153  -  2.5 Lts.
1984-90",Sprint / Dart ,4 ,G,3251-AC,STD.,7.94,40.59,114.26,45º,6,C,4323244,,,,,,V-9605,,Suitable for CNG             --------            Apto GAS
,,,,3251-AC,.005,8.067,40.59,114.26,45º,6,C,4323244,,,,,,V-9605,,
,,,,3251-AC,.015,8.321,40.59,114.26,45º,6,C,4323244,,,,,,V-9605,,
,,,,23251-ECP,STD.,7.92,35.4,114.85,45º,5,C,4298142,,,,,,S-7160,,
,,,,23251-ECP,.005,8.047,35.4,114.85,45º,5,C,4298142,,,,,,S-7160,,
,,,,23251-ECP,.015,8.301,35.4,114.85,45º,5,C,4298142,,,,,,S-7160,,
16V. - SOHC - 2.4 Lts. ,Stratus / PT Cruiser,4,G,3834-AC,STD.,5.943,34.79,111.8,45º,4,C,4667969AB,,,,,,V-9833,,
,,,,3835-ECB,STD.,5.914,28.4,110,45º,4,C,4777898AA,4884690AA,,,,,S-9834,,
2.5 Ltrs,Crhysler 2000-2002,4 ,G,3958-A,STD.,7.912,48.5,124.75,45º,4,E,53010512AA,,,,,,V-9757,,
,,,,3959-ECB,STD.,7.911,38.1,125.46,45º,4,E,53010513AA,,,,,,S-9758,,
4G64 L4 2.4Lts 16v,Sebring,4/6,G,3464-AN,STD.,5.965,32.85,112.4,45º,2,C,MD159502,301193,,,,,,1627 A,Suitable for CNG             --------            Apto GAS
V6 3.0Lts 24 v,,,,3465-EBN,STD.,5.95,29,114.1,45º,2,C,MD15569,MD303177,,,,,,21627 E,
150 - 2.5 Lts. - 1997-02,AMC 150,4 ,G,3654-A,STD.,7.912,48.5,124.75,45º,6,E,3242659,J3242659,,,,,,,
,,,,3655-ECP,STD.,7.912,38.1,125.5,45º,6,A,3242660,3242896,33002429,,,,,,
"156 - 2.6 Lts. - 4G54
1981-89",Mitsubishi,4 ,G,835-AN,STD.,7.975,46,110,45º,6,C,MD024518,,,,,,,,Suitable for CNG             --------            Apto GAS
,,,,1835-EPN,STD.,7.935,38,108,45º,6,E,MD-024519,,,,,,,,
OM 647 / OM 612 ,Dodge Sprinter 2500 y 3500.,5,D,4334-AN,STD,6.96,28.7,104,45º,2,C,A6280530001, 5117399AA,,,,,,,
L5 2.7lt. 20v. 3.9lt 12 v. ,,,,4335-EN,STD,6.96,26.2,104.5,45º,2,C,A6280530005,  5117402AA,,,,,,,
167 - 2.7 Lts. - V6  - 1998-00,Chrysler 2.7 DOHC - Concorde - Intrepid,6,G,3726-AC,STD.,5.945,33.8,108.2,45º,4,C,4663899,,,,,,,,Suitable for CNG             --------            Apto GAS
,,,,3727-ECB,STD.,5.915,27.8,106.15,45º,4,C,4663902,,,,,,,,
3.3 Lts. / 3.8 Lts. - Año 2003,Voyager Grand,6,G,4042-AC,STD.,6.944,48,126.21,45º,26,C, 4781025AA,,,,,,,,
,,,,4043-ECP,STD.,6.914,35.5,127.58,45º,26,C, 4781029AB, 4781029AA,,,,,,,
"V6 3.6 Lts 24v.  
DOHC, FLEX, NAFTA 
Mod.11-13","200 / 300 / 
Tow & Country",6,G,4498-AN,STD,5.969,39,116.55,45º,4,C,5184127AC,,,,,,V-7157,,
,,,,4499-EBN,STD,5.96,30,115.6,45º,4,C,5184128AD,5184128AE,,,,,,,
195 - 3.2 Lts.  -  V6 - 1998~,Concorde / Intrepid,6,G,3756-AC,STD.,6.943,36.53,114.76,45º,4,C,4663836,,,,,,V-7061,,Suitable for CNG             --------            Apto GAS
215 - 3.5 Lts. - V6 - 1993-99,,,,3622-AC,STD.,6.942,35,114.7,45º,4,C,4317809,,,,,,V-9731,,
"195 - 3.2 Lts. / 215  3.5 Lts.
V6 - 1993-99",,,,3623-ECB,STD.,6.914,29,126,45º,4,A,4573380,4663347,4892094AA,,,,S-7062,,
"201 - 3.3 Lts. / 231  - 3.8 Lts.
V6 - 1990-99",Chrysler Caravan 201 / 231,6 ,G,3534-AC,STD.,7.94,45.5,125.85,45º,3,C,4448052,,,,,,S-9732,,Suitable for CNG             --------            Apto GAS
,,,,3534-AC,.015,8.321,45.5,125.85,45º,3,C,4448052,,,,,,S-9732,,
,,,,3535-ECP,STD.,7.913,37.5,126.3,45º,5,C,4448057,4621116,,,,,S-9730,,
,,,,3535-ECP,.015,8.294,37.5,126.3,45º,5,C,4448057,4621116,,,,,S-9730,,
"226 ci  - 3.7 Lts.( Solo Adm.)   -  V6 - 287 CID 4.7 ltrs , SOHC , FLEX, Nafta , V8 1999-2009 ",Chrysler,6 / 8,G,3704-AC,STD.,6.945,48.7,113.8,45º,4,C,53020747AB,,,,,,,,Suitable for CNG             --------            Apto GAS
,,,,3705-ECB,STD.,6.91,37,115.3,45º,4,C,53021571AA,53021344AA,5302196AA,53020748,,,,,
201 - 3.3 Lts.  -  V6 - 1990-99,Chrysler 201,6 ,G,3710-AC,STD.,7.944,45.5,127.57,45º,3,C,4694222,,,,,,V-9921,,Suitable for CNG             --------            Apto GAS
,,,,3711-ECB,STD.,7.913,37.47,128.15,45º,5,C,4964224, , ,,,,S-9922,,
230  -  3.7 Lts.  -  1942-56,Dodge 218 / 219 / 220 / 230,6 ,G,157-A,STD.,8.66,39,123.7,45º,3,A,1109911,,,,,,,1014 A,
,,,,158-E,STD.,8.65,35.74,124.6,45º,2,A,1852247,1947231,954302,,,,,1014 E,
"238  - 3.9 Lts. / 318  -  5.2 Lts.
V6 -  1992-99",Chrysler 238 / Gran Cherokee,6 / 8,G,3524-A,STD.,7.912,48.77,124.7,45º,2,C,53006723,53006724,,,,,V-9679,1905 A,
,,,,3524-A,.003,7.988,48.77,124.7,45º,2,C,53006723,53006724,,,,,V-9679,1905 A,
,,,,3524-A,.015,8.293,48.77,124.7,45º,2,C,53006723,53006724,,,,,V-9679,1905 A,
,,,,3525-ECP,STD.,7.912,41.25,124.96,45º,2,C,4772825,,,,,,S-9680,21915 E,
,,,,3525-ECP,.003,7.988,41.25,124.96,45º,2,C,4772825,,,,,,S-9680,21915 E,
,,,,3525-ECP,.015,8.293,41.25,124.96,45º,2,C,4772825,,,,,,S-9680,21915 E,
 V8 4.7lt. 16v. ,Aspen,8,G,4390-AC ,STD,6.945,48.7,113.8,45º,4,C,53021990AA,,,,,,,,
"Vin J, N, P",,,,4391-ECB ,STD,6.91,37,115.3,45º,4,C,53021644AC,,,,,,,,
318  -  5.2 Lts.  -  V8 - 1956-67,Dodge 277 / 303 / 318 / 326,8 ,G,485-A,STD.,9.46,46.8,116.8,45º,3,C,1821238,1945318,,,,,V-2311,,
,,,,1485-E,STD.,9.436,39.7,115.3,45º,5,C,1852248,1618636,,,,,S-2185,,
"318  -  5.2 Lts. /  360  -  5.9 Lts.
V8  - 1975-98",Dodge 318 / 340 / 360,8 ,G,484-A,STD.,9.47,47.8,126.5,45º,3,C,3671207,3683801,,,,,V-2812,,
,,,,484-A,.005,9.597,47.8,126.5,45º,3,C,3671207,3683801,,,,,V-2812,,
,,,,484-A,.015,9.851,47.8,126.5,45º,3,C,3671207,3683801,,,,,V-2812,,
,,,,484-A,.030,10.232,47.8,126.5,45º,3,C,3671207,3683801,,,,,V-2812,,
,,,,1484-EP,STD.,9.44,44.1,123.8,45º,5,C,3830721,2899036,3418479,,,,,,
,,,,1484-EP,.015,9.821,44.1,123.8,45º,5,C,3830721,2899036,3418479,,,,,,
360  -  5.9 Lts.  -   V8 - 1975-98,Truck 360,8,G,3645-ECP,STD.,9.439,41.07,126.87,45º,3,A,4315415,,,,,,S-9641,,
,,,,3645-ECP,.005,9.566,41.07,126.87,45º,3,A,4315415,,,,,,S-9641,,
,,,,3645-ECP,.015,9.82,41.07,126.87,45º,3,A,4315415,,,,,,S-9641,,
318  -  5.2 Lts.  -  V8 - 1975-83,Dodge 273 / 318,8,G,280-A,STD.,9.461,45.21,126.46,45º,3,C,2465335,,,,,,V-2506,1039 A,
,,,,1280-EC,STD.,9.436,38.1,127.06,45º,5,C,3830705,2465339,,,,,S-2505,21039 E,
,,,,1280-EC,.005,9.588,38.1,127.06,45º,5,C,3830705,2465339,,,,,S-2505,21039 E,
,,,,1280-EC,.015,9.842,38.1,127.06,45º,5,C,3830705,2465339,,,,,S-2505,21039 E,
,,,,1280-EC,.030,10.223,38.1,127.06,45º,5,C,3830705,2465339,,,,,S-2505,21039 E,
318  -  5.2 Lts.  - V8  -  1963-79,Chrysler HT 361 / 413 - Motor Industrial - LPG,8,G,486-AC,STD.,9.46,47.73,143.7,45º,5,C,1859793,,,,,,,,Suitable for CNG             --------            Apto GAS
,,,,1486-ECP,STD.,10.99,38.1,144.7,45º,3,C,1947718,,,,,,,,
350 / 361  -  V8 - 1958-71,Dodge 350 / 361 / 383 / 413 / 426 / 440,8 ,D,481-A,STD.,9.46,52.9,123.5,45º,3,C,3549979,2899036,3512095,,,,,,
,,,,1481-E,STD.,9.42,40.6,124.2,45º,5,C,1737698,,,,,,,,
"Hemi Vin 2, D, H, T -                                   V8 - 5,7lt. - 16v", Chrysler 300  ,8,G,4348-AC,STD,7.973,52,131.2,45º,4,E,53022087AA,,,,,,V-7159,,
,,,,4349-ECB,STD,7.94,39.4,130.5,45º,4,C,53022088AB,,,,,,S-7160,,
Hemi V8 16v. Vin 3 ,Chrysler 300 ,8,G,4356-AC,STD,7.937,52.8,126,45º,4,E,5037372AB,,,,,,V-7287,,
,,,,4357-ECB,STD,7.937,40.5,125,45º,4,C,5037373AB,,,,,,,,
"488  -  8.0 Lts.
V10  - 1994-98","Truck 488
R2500 / R3500 Series - Chrysler 488
R2500 / R3500 Series",10,G,3754-A,STD.,7.907,48.64,145.55,44º,2,C,,,,,,,,,
"488  -  8.0 Lts.
V10 - 1992-98",,,G,3648-AC,STD.,7.912,48.77,145.45,45º,2,C,,,,,,,,,
,,,,3649-ECB,STD.,7.899,41.25,145.9,44º,2,C,,,,,,,,,
,CITROËN,,,,,,,,,,,,,,,,,,,
"L3, (1.2 LTS.), 12 VALVE,  EB2TM PURETECH",C3 / C4 / C4 CATCUS / BERLINGO,3,G,4908-AN,STD.,4.975,26.34,93.5,45º,2,E,4028977921902,,,,,,,,
,,,,4909-EN,STD.,5.145,24,92.75,45º,2,E,4028977921902,,,,,,,,
"1.0 Lts  -  3CV
1968-79",Ami 6 / Ami 8 / Dyane 6 / Furgoneta / Mehari,2 ,G,116-A,STD.,7.98,40,88.6,30º,4,A,AM-124-7E,,,,,,,1060 A,
,,,,1117-E,STD.,8.47,34,87,45º,4,A,AM-124-8D,,,,,,,21060 E,
"L3, (1.2 LTS.), 1199 C.C., 12 VALVE, DOHC, EB2, TURBO",C3 / PICASSO / CACTUS / C1 / C4 / ,3,G,4724-AN,STD.,4.98,29.150000000000002,92.60000000000001,45º,2,E,9808175980 ,,,,,,,,
,,,,4725-EN,STD.,4.96,26,91.85000000000001,45º,2,E,9676353180 ,,,,,,,,
"PEUGEOT L3, (1.2 LTS), 1199 C.C., 12 VALVE, TURBO, PURETECH, EB2FA",C3 Aircross II,3,G,4894-A,STD.,4.975,29.85,92.31,50º,2,A,9813990580,,,,,,,,
,,,,4895-EN,STD.,5.16,27.43,91.8,30º,2,A,98248612,,,,,,,,
TU9K / TU9M / TU9A - 1.0 Lts.,Citroen AX / Saxo / C15,4,G,4034-AN,STD.,6.965,34.7,112.9,30º,2,C,0948 57,97531079,,,,,,1224 A,
,,,,4035-EPN,STD.,6.96,27.7,112.6,45º,2,C,0949 58,97531046,,,,,,21224 E,
"1.1 Lts. - 1.3 Lts. - 1.5 Lts.
TU1JP / TU3JP  /  TU5JP","Saxo / Xsara / Picasso
AX11-14/14GT / BX14-ZX",4 ,G,3242-A,STD.,6.975,36.7,112.8,30º,2,C,97533266,97531080,948 58,,,,S-7132,1209 AGNC,
,,,,23242-EBS,STD.,6.96,29.2,112.6,45º,2,C,,,,,,,,,
DV4TD - 1.4 Lts. (2001),C3 HDI SX / C3 HDI Exclusive,4,D,3844-AC,STD.,5.475,32.8,97.3,45º,4,C,9643767480B,,,,,,,1420 A,
,,,,3845-ECB,STD.,5.47,30.32,97.45,45º,4,A,9643767580B,,,,,,,21420 E,
" TU4  
1.4 Ltrs / 1.5 Lts",C3 / Berlingo multispace,4,G,4210-AX,STD,5.982,37.6,112.4,45º,2,C,9675424780,,,,,,,,
,,,,4211-EX,STD,5.972,30.2,112.6,45º,2,C,9675424980,,,,,,,,
 ET3J4 /  KTU  - 1.4 Lts 16V,C2/C3/C4 ,4,G,4374-A,STD,5.478,28.25,100.75,45º,4,C,9645002080,,,,,,,,
,,,,4375-EC,STD,5.468,24.38,101.02,45º,4,C,9645002980,,,,,,,,
"TUD5 - 16V. - 1,5 Lts.  - (1994-96-97)",Saxo SX / Xsara Break SX-ZX-AX-DX,4,D,3842-A,STD.,6.985,37,108.25,45º,2,A,0948-A8,,,,,,,1227 A,
,,,,3843-E,STD.,6.975,31.45,108.08,45º,2,A,094980,,,,,,,21227 E,
"1.6 Lts - 1.9 Lts.
XU5 / XU7 / XU9  /  1984-87",BX19 TRS / TRI VISA GTI BX16RS / TRS D2A,4 ,G,3301-A,STD.,7.96,41.53,108.85,45º,2,E,9153501680,9631040280,9604009,,,,,5776 A,
,,,,23301-ECB,STD.,7.973,34.5,108.37,45º,2,A,094957,9153501980,9605003,,,,,21205 E,
TU5JP 1.6 8v,Citroen Saxo / Xsara,4,G,4010-A,STD.,6.973,39.4,111.5,45º,4,C,94873,,,,,,,1228 A,
,,,,4011-ECB,STD.,6.973,31.3,111.48,45º,4,C,94970,,,,,,,21228 E,
1.6 Lts hdi 16v,Citroen Xsara Picasso/C4/C4 Picasso/C4 Grand Picasso,4,D,4008-AC,STD.,5.478,25.6,96.44,45º,4,E,0948C7,3M5Q 6505 AA,,,,,V-7175,1419 A,
,Berlingo/C2/C3 Picasso/C3/C5/,,,4009-ECB,STD.,5.468,23.4,96.6,45º,4,A,0949C3,3M5Q 6505 AA,,,,,S-7176,21419 E,
1.6 Lts. - TU5JP4 - 16V,Xsara / Picasso,4 ,G,3616-A,STD.,5.973,31.3,103.8,45º,2,C,7420459326,948,0948A9,9636298080,,,V-7127,1423 A,
,,,,3617-EBS,STD.,5.973,24.5,104.4,45º,2,E,,,,,,,,,
DV6C - 1.6 Lts. HDI 16V,"Ds3/ Ds4/ Ds5 - C3/ C4/ C5
",4,D,4372-AC,STD,5.478,30.15,95.6,45º,4,C,968307298A,,,,,,,,
,C3II / C4 Picasso / C4II / C5II / Berlingo,,,4373-EC,STD,5.468,27.5,95.5,45º,4,C,968307308A,,,,,,,,
1.8 Lts. 16v. EW7A,Citroen Xantia / Xsara / ZX / Xsara,4,G,3938-A,STD.,5.978,29.8,106.07,45º,2,A,963431908A,,,,,,,,
,,,,3939-EC,STD.,5.968,27.2,104.1,45º,5,A,,,,,,,,,
1.9 Lts. - DW8 - 1999~,Berlingo / Xsara / Xantia,4,D,3304-A,STD.,7.977,38.5,112.4,45º,2,C,9630597380,,,,,,,21216 A,
"1.9 Lts. - XUD9  - 1999
DW8 - 1999~","Berlingo / Xantia
Xsara / Xantia / Berlingo ",,,3303-EC,STD.,7.977,33,111.85,45º,2,A,9613736080,,,,,,,21216 E,
DW10BTED4 / HDI / DW12TED4 / TDCI,"Berlingo / C4 / C4II / Picasso / C5 / C8 / Jumpy
",4,D,4456-AC,STD,5.97,30,105,45º,4,A,0948A3,,,,,,,,
L4 2.0lt. - 16v - Diesel,,,,4457-ECB,STD,5.97,25,105,45º,4,A,0949A3,,,,,,,,
DW 10 TD  - 2.0 Lts ,Xantia / Xsara / Evasion HDI / C5 HDI,4,D,3624-AC,STD.,5.978,35.6,107.11,45º,4,A,0 948.95,,,,,,,1421 A,
,,,,3625-ECB,STD.,5.968,33.8,107.15,45º,4,A,,,,,,,,,
2.2 Hdi,Citroen Relay Bus - Van - Flatbed,4,D,4292-AC,STD.,6.935,29.8,122.1,30º,4,C,BK2Q6507BB,,,,,,,1235 A,
,,,,4293-ECP,STD.,6.925,25.8,121.88,45º,4,E,BK2Q6505BB,949000,,,,,,21235 E,
"2.5 Lts.
DJ5-DJ5T / DK5-ATE - 1994~",Jumper-XM TD VSX / Combi Club,4 ,D,3564-A,STD.,6.997,36.9,127.8,45º,4,E,96095457,,,,,,,1230 A,
,,,,3565-ECB,STD.,6.96,37,127.55,45º,4,C,96096146,,,,,,,21230 E,
EW10  -  2.0 Lts. - 16V. - 2001,X-Sara / Picaso / C4 / C5,4,G,3884-A,STD.,5.978,33.3,106.18,45º,2,C,7420459326,,,,,,,1424 A,
,,,,3885-ECB,STD.,5.968,29,103.66,45º,2,A,7420441945,,,,,,S-7152,21424 E,
,COMMER,,,,,,,,,,,,,,,,,,,
3-152 / 4-203 / 6-305 - 1959-73,KC 30 / KLB 4035,3 ,D,247-A,STD.,7.91,38.96,114.2,45º,2,C,31431281,731151M01,731704M91,731769M91,732867M91,31431261,,,
,"FC 4, 5,  6 Ton",4 / 6,,1248-E,STD.,7.91,33.4,114.2,45º,2,C,31431471,,,,,,,,
6-354   -   1973,"FC 4, 5 and 6 Ton     /   KC 6065 / VCF",4 / 6,D,249-AC,STD.,9.475,44.2,122.9,45º,2,A,31434311,31431315,31431871,,,,,,
,,,,249-AC,.005,9.602,44.2,122.9,45º,2,A,31434311,31431315,31431871,,,,,,
,,,,249-AC,.010,9.729,44.2,122.9,45º,2,A,31434311,31431315,31431871,,,,,,
,,,,249-AC,.015,9.856,44.2,122.9,45º,2,A,31434311,31431315,31431871,,,,,,
,,,,249-AC,.030,10.237,44.2,122.9,45º,2,A,31434311,31431315,31431871,,,,,,
,,,,1249-ECP,STD.,9.46,36.58,123.33,45º,2,A,2236147, , ,,,,,,
,,,,1249-ECP,.003,9.536,36.58,123.33,45º,2,A,2236147, , ,,,,,,
,,,,1249-ECP,.005,9.587,36.58,123.33,45º,2,A,2236147, , ,,,,,,
,,,,1249-ECP,.010,9.714,36.58,123.33,45º,2,A,2236147, , ,,,,,,
,,,,1249-ECP,.015,9.841,36.58,123.33,45º,2,A,2236147, , ,,,,,,
,,,,1249-ECP,.030,10.222,36.58,123.33,45º,2,A,2236147, , ,,,,,,
,CONTINENTAL,,,,,,,,,,,,,,,,,,,
129,Z129,4 ,G,353-A,STD.,7.988,32.46,101.82,30º,1,B,Z129I205,Z129I117,830487M91,,,,,,
,,,,1353-E,STD.,7.945,28.96,102.09,45º,8,B,Z129I212,Z129I108,830488M91,,,,,,
"Motor F227, Industrial F245, 
F135, F163",Continental,4 ,G,351-A,STD.,8.664,38.48,131.9,30º,8,B,F302,F600I302,,,,,,1110 A,
,,,,1351-E,STD.,8.58,30.62,132.58,45º,8,B,F303,F600I353,,,,,,21110 E,
"176 / 193 - 
1965","G176, G176 LPG, G193, GF193",4,G,3742-A,STD.,8.661,33.73,110.11,30º,18,A,830761M91,,,,,,,,
,,,,3743-ES,STD.,8.611,30.56,110.65,45º,8,E,830760M91,,,,,,,,
201 / 223 / 242,"E201, E223, E242, E242 - 10",4,G,3678-A,STD.,8.661,40.1,128,30º,18,A,1754826M1,,,,,,,,
,,,,3679-EBS,STD.,8.603,34.52,129.25,45º,8,A,1009598M1,,,,,,,,
226,"F226, F6226, PF226",6 ,G,206-A,STD.,8.65,38.5,131.75,30º,8,B,203325,,,,,,,1027 A,
,,,,1207-E,STD.,8.6,33.8,132.2,45º,8,B,F354,,,,,,,21027 E,
,CUMMINS,,,,,,,,,,,,,,,,,,,
ISF L4 2.8lt. 16v ,Cummins,4,D,4354-AC,STD,5.983,32.65,106.45,30º,2,E,5261320,,,,,,,,
,,,,4355-ECB,STD,5.965,28.9,106.45,45º,2,E,5256949,,,,,,,,
"239 3.9 Lts. Serie B
359 5.9 Lts. Serie B","4B / 4BT Turbo
6B / 6BT - Turbo",4 / 6 ,D,3466-AC,STD.,7.97,45,129.15,30º,2,E,3802355,3802005,3920867,4429105,,,,,
,,,,3466-AC,.015,8.351,45,129.15,30º,2,E,3802355,3802005,3920867,4429105,,,,,
,,,,3467-ECB,STD.,7.97,42,129.05,45º,2,E,3802356,3802006,3901607,4429109,,,,,
,,,,3467-ECB,.015,8.351,42,129.05,45º,2,E,3802356,3802006,3901607,4429109,,,,,
"L6, (5.9 Lts.), 359 C.I., 6B & 6BT, 12 Valve, Turbo Diesel",,4 / 6 ,D,4692-AC,STD.,7.97,45,129.2,70,2,E,"3802658_x000D_
3922713 ",,,,,,,,
,,,,4693-EC,STD.,7.95,42,129,70,2,E,"3802659_x000D_
3922714 ",,,,,,,,
352 / 378 / 470 / 504 / 555,"V-352 / V,VT-378 / V6-155 / V,VT-504,V8-210 / V,VT-555",6 / 8,D,1580-EB,STD.,9.62,40.75,141.35,30º,2,E,3275355,3275356,3802924,3940735,,,S-9558,22004 AE,
Turbo-Diesel  - 12V - 8.3 Lts., Series 6C - 505 C.I.,6,D,3980-AC,STD.,9.489,52,151.19,20º,29,A,3802812,,,,,,,,
,,,,3981-ECB,STD.,9.489,46,150.9,20º,2,E,3802813,,,,,,,,
505 -  8.3 Lts.  - Serie C,Serie 6C,6 ,D,3334-AC,STD.,9.485,52,150.9,30º,2,A,J915506,J924492, ,,,,,2077 A,
,,,,3335-ECP,STD.,9.488,46,151,45º,2,A,J921444, , ,,,,,22177 E,
M 11,M-11,6 / 8,D,3498-A,STD.,9.615,42.54,195.45,30º,2,E,3418020,3800636,3417778,3803310,,,,,
,,,,3499-ECBS,STD.,9.615,42.54,195.45,30º,2,E,3606856,3884005,,,,,,22106 E,
N 14,N-14   ,6 ,D,3496-A,STD.,9.622,47.63,196.26,30º,2,E,3068519,3803360,3070473,,,,V-9719X,2076 A,
,,,,3497-EBS,STD.,9.627,47.5,196.19,30º,2,E,3803770,3803427,,,,,S-9718,22076 E,
N 14,N-14,6,D,3632-AC,STD.,9.622,47.5,196.9,20º,2,E,3803854,3084045,,,,,,2276 A,
,,,,3633-EBS,STD.,9.622,47.5,196.2,45º,2,E,3166410,818475,3083991,3800891,,,,,
QSV91,"Cummins QSV 91 , V 18 ,",,GAS,4098-AX,Std,11.95,61,268,30º,2,E,4025748,,,,,,,,
,91.6 lts. combustible Gas Natural.,,Exh,4099-EX,Std,11.935,57,268,30º,2,A,4025347,,,,,,,,
NTC 290 / 350 / 855 / NH 855 ,220/225/230/250,6 / 12,D,420-A,STD.,11.443,47.5,179.41,30º,3,E,123542,135957,,,,,V-9595,2005-A,
N 855,220/225/230/250/270/290/350,,,1420-EB,STD.,11.443,47.5,179.41,30º,3,E,3040830, , , ,,,S-9596,22005 AE,
NT 855,,,,1420-EBS,STD.,11.443,47.5,179.41,30º,3,E,145701,123659,,,,,S-9596,22205-AE,
"L6 - ISB ""B"" Electrónico 260/300 -  359 - 
5,9 / 3,9 Lts. - 24V - Turbo - 
1998 al 2004","Ford  Cargo 1317/1717/1722/1517/2422/2428/2622/2628 -
 
VW 13170/17170/17220/15170/24220/24280//26220/26280
 
Dodge RAM 2500 -  5.9 LTS

Iveco Tector Eurocargo ",4 / 6,D,3976-AC,STD.,7,33,124.65,30º,2,A,3940735,3802924,,,,,,2074 A,Upgrade
,,,,3977-ECB,STD.,7,33,124.28,45º,2,A,3940734,3802967,6802237AA,,,,,22074 E,
,,,,3977-ECB,0.1,7.245,33,124.28,45º,2,A,3940734,3802967,6802237AA,,,,,22074 E,
,,,,4199-ECB,STD.,7,33,124.25,45º,2,A,68002237AA, , ,,,,,,
,,,,4199-ECB,0.1,7.245,33,124.3,45º,2,A,68002237AA, , ,,,,,,
505 CI - Turbo - 8.3 Lts. - 24V.,ISC Series,6,D,4024-AC,STD.,7.97,38,137.75,30º,2,C,3942588,3800340,,,,,,2178 A,
,,,,4025-ECB,STD.,7.97,38,137.77,45º,2,C,3942589,3800341,,,,,,22178 E,
"ISC/QSC Series Turbo-Diesel
8.3 Lts / 8.9 lts. L6 24v.",Cummins,6,D,4204-ACB,STD.,7.97,38,137.75,30º,2,C,3970727,4089761,4981794,,,,,,
,,,,4205-ECB,STD.,7.965,38,137.75,45º,2,C,3969637,4089762,4981795,,,,,,
"ISX, QSX Signature 600 24v.","ISX, QSX Signature 600 24v.",6,D,4192-AC,STD,9.62,47.5,216,20º,2,C,4965868,3680760,4059326,,,,,,
L6 TD 15lt.,L6 TD 15lt.,,,4193-EX,STD,9.624,45.5,223.75,45º,2,C,4059327,3680759,,,,,,,
600 15 Ltrs - 24 V.,ISX / QSX TD,6 ,D,4192-AC,STD.,9.624,47.5,216,20º,2,,4965868,3680760,4059326,,,,,,
,,,,4193-EX,STD.,9.624,45.47,223.8,,2,,4059327,3680759,,,,,,,
"ISB 5.9lt. y 6,7lt,","ISB (5.9lt. y 6,7lt),",6,D,4199-ECB,STD,7,33,124.3,45º,2,C,68002237AA, , ,,,,,,
"QSB 5,9lt. TD 24v. L6","QSB (5,9lt.) TD 24v. L6",,,,,,,,,,,,,,,,,,,
,DS AUTOMOBILES,,,,,,,,,,,,,,,,,,,
"L3, (1.2 LTS.), 12 VALVE,  EB2TM PURETECH","DS3 / DS4
",3,G,4908-AN,STD.,4.975,26.34,93.5,45º,2,E,4028977921902,,,,,,,,
,,,,4909-EN,STD.,5.145,24,92.75,45º,2,E,4028977921902,,,,,,,,
,DACIA,,,,,,,,,,,,,,,,,,,
H4M  1.6 Lts.  16V    ,"DOKKER / DUSTER / LODGY L4, (1.6 LTS.), 1598 C.C., 16 VALVE, HR16D -> DOKKER / DUSTER / LODGY ",4,G,4794-AN,STD.,4.97,31.7,101.75,45º,2,C,132018521R,,,,,,,,
,,,,4795-EN,STD.,4.955,25.45,102.5,45º,2,C,132028257E,,,,,,S-7324,,
,,,,4880-EN,STD.,4.965,25.45,102.5,45º,4,C,132271439R,,,,,,S-7324,,
,DAEWOO,,,,,,,,,,,,,,,,,,,
1.0 Lts.  -  1997 -  F8C / CV - 1.0 Lts. ,Tico / Damas / Matiz 800cc,3/4,G,3794-AN,STD.,5.467,35.6,110.6,45º,2,C,1291178B00000,,,,,,V-7073,5102 A,Suitable for CNG             --------            Apto GAS
,Pontiac 1000cc,,,3795-EBN,STD.,5.445,31.8,110.6,45º,2,C,,,,,,,,,
"1.5 Lts. - 1996
16SV / C16LZ / C16NZ / E16SE",Nexia / Racer / Cielo,4 ,G,3146-AC,STD.,6.997,38,101.5,45º,2,C,90215492, ,,,,,V-9711X,1311 AGNC,Suitable for CNG             --------            Apto GAS
,,,,3147-ECB,STD.,6.985,31,101.5,45º,2,E,96098751,90324412,,,,,AS-9830,21311 EGNC,
Eng. A16 DMS - 1.6 Lts. / 16V. Año 1997 - Year 1997,Lanos / Nubira,4,G,4036-AN,STD.,5.966,30.4,102.55,45º,2,C,96182806,,,,,,,5100 A,
,,,,4037-EN,STD.,5.95,26,102.1,45º,2,C,96182805,,,,,,,25100 E,
"A 13 DM / A 15 DM - 1,4-1,5 Lts. - (1998)",Lanos,4,G,3816-AN,STD.,7.005,38,103.5,44º,2,C,96182934,,,,,,,5101 A,
,,,,3817-EN,STD.,6.98,31,103.5,44º,2,C,96182933,,,,,,,25101 E,
2.0 Lts. -  1995  -  20NE / 20SE,Espero,4,G,3109-AC,STD.,7,41.8,104.15,45º,2,C,90220121,90220119,642667,,,,V-7027,6800 AGNC,
,,,,23109-EC,STD.,6.98,36.5,104.2,45º,2,A,90220112,903233756,642829,,,,S-7078,26800 EGNC,
Motor X20XE/ X22SE (99/02)," Nubira/ Leganza 2,0/ 2.2 Lts",4,G,4144-A,Std,5.95,31.96,102,45º,4,E,90412277,,,,,,,,
,,,,4145-E,Std,5.93,29,92.22,45º,4,E,90410813,,,,,,,,
,DAIHATSU,,,,,,,,,,,,,,,,,,,
850 cc . Motor ED ,Charade / Move / Cuore / Mire / Ceria,3,G,4174-AN,STD.,6.965,34,111.2,45º,2,C,1371187202,,,,,,,,
,,,,4175-EN,STD.,6.955,28,110.2,45º,2,E,1371587020,,,,,,,,
EJ-DE / EJ-EV  L3 1.0 Lt 12V,  Cuore / Move /  Sirion / Charade / Trevis / YRV,4,G,4296-AN,STD,4.99,24.5,79.2,45º,2,C,1371197205,,,,,,,,
,Materia / Xenia / Coo / Ceria / Handi Box,,,4297-EN,STD,4.96,21,78.9,45º,2,C,13715-97203,,,,,,,,
"1.0 Lts. -  AB / CB - 1979
1.0 Lts - CB - 1977","Coure / Hijet Atrai / Wide Cab
Charade 1000",2 / 3,G,455-A,STD.,6.94,36.05,101.7,45º,2,C,13711-87701,,,,,,,1085 A,
,,,,1455-ECP,STD.,6.934,33,101.6,45º,2,E,13715-87701,,,,,,,21085 E,
K3 L4 1.3 Lts 16V,Daihatsu Terios / YRV / Atrai cargo / Toyota Terios,4,G,4294-AN,STD,4.96,26,88.2,45º,2,C,1371123030,1371197401,,,,,,,
,,,,4295-EN,STD,4.96,22.6,89.2,45º,2,C,1371523030,1371597401,,,,,,,
"1.1 Lts.  -  3K - 1971-78
1.3 Lts. -  4K - 1978","Charmant / Consorte / Delta
Charmant 1300 / Delta 1300",4,G,449-A,STD.,7.975,36.1,99.85,45º,6,C,1371124012,1371124020,1371124011,1371124010,,,,1082-A,
,,,,1449-EP,STD.,7.97,28.95,100.1,45º,6,E,1371524012,1371524020,1371524011,1371524010,,,,21082-E,
"1.4 Lts. -  T - 1975-79
1.6 Lts. - 12T/2T - 1976-81",Charmant / Delta / Wide,4,G,447-A,STD.,7.98,41.05,108.9,45º,6,C,13711-25011,,,,,,,1081 A,
,,,,1447-EP,STD.,7.968,36.02,109,45º,6,E,13715-25011,,,,,,,21081 E,
1.6 Lts.  - 12R - 1976,Microbus / Taft / Delta 1500,4,G,446-A,STD.,7.959,40,109,45º,25,C,13711-31030,,,,,,,1195-A,
,,,,1446-ECP,STD.,7.968,34,109,45º,25,A,13715-31030,,,,,,,21195-E,
1.6 Lts. - 12R - 1977-81,Microbus / Taft / Delta 1500,4 ,G,804-AN,STD.,7.975,40,109,45º,2,E,1371131050,,,,,,,1095 A,Suitable for CNG             --------            Apto GAS
,,,,1804-EPN,STD.,7.965,34,109,45º,2,A,1371531070,,,,,,,21095 E,
" HC / HD - 1,6 Lts. / 1,3 Lts. (16 v) / 1989~",Feroza - Aplausse-Giro,4,G,3936-AN,STD.,6.565,30,112.6,45º,2,C,1371187104,,,,,,,,
,,,,3937-EN,STD.,6.563,26,114.6,45º,2,C,1371587106,,,,,,,,
1.9 Lts. - 2.0 Lts.  - 5R - 1972-77,Delta 2000,4,G,445-A,STD.,8.465,43.04,109.4,45º,3,C,13711-44013,,,,,,,1094-A,
,,,,1445-EP,STD.,8.456,37,110,45º,3,C,13715-44022,,,,,,,21094-E,
2.5 Lts. - B / 2B - 1972~,Delta,4,G,806-A,STD.,8.975,45,128.1,45º,6,E,1371156010,,,,,,,,
,,,,1806-EP,STD.,8.96,37.5,127.8,45º,6,E,1371556010,,,,,,,,
DG 2.5 ,Delta,4,,3295-A,STD,8.96,39.98,127.42,45º,6,C,13711-87306,,,,,,,,
,,,,23295-E,STD,8.94,33.02,127.34,45º,6,C,13715-87307,,,,,,,,
14B - 3.4 Lts. ,Delta 1989,4,D,3892-AN,STD.,8.975,46,126.35,45º,2,A,1371158020,,,,,,,1121 A,
,,,,3893-EPN,STD.,8.945,38.5,126.45,45º,2,A,1371558040,,,,,,,,
,DETROIT DIESEL,,,,,,,,,,,,,,,,,,,
71 SERIES  /  142,2-71 / 3-71 / 4-71 / 6-71 - 2 ,6 / 8,D,1388-EP,STD.,8.693,40.25,163.7,30º,2,E,5193197,5185327,,,,,,22022 AE,
53 SERIES  /  212,3-53 / 4-53 - 4 ,6 / 8 ,D,1496-EB,STD.,6.3,27.8,141,30º,8,E,5145172,5125917,5196606,,,,,22018 AE,
71 SERIES  /  284  - 1971,Allison 6-71 / 4 ,4,D,1595-EB,STD.,7.887,29.97,140.45,30º,8,E,5195167, , , ,,,S-2267,22019-E,
71 SERIES  /  284  - 1971,Allison 6-71 / 4 - Turbo,4,D,1595-EBS,STD.,7.887,29.97,140.45,30º,8,E,5195167, , ,,,,,,
501  -   8.2 Lts.  -  1983-87,Allison 500 - Aspirado y Turbo,8,D,568-AC,STD.,8.67,46,150.7,30º,6,E,23502068,5149743,8920119,,,,,,
,,,,568-AC,.005,8.797,46,150.7,30º,6,E,23502068,5149743,8920119,,,,,,
,,,,568-AC,.015,9.051,46,150.7,30º,6,E,23502068,5149743,8920119,,,,,,
,,,,1568-ECB,STD.,8.67,42.3,150.7,45º,8,E,23502067,5149742,8921347,,,,,,
,,,,1568-ECB,.005,8.797,42.3,150.7,45º,8,E,23502067,5149742,8921347,,,,,,
,,,,1568-ECB,.015,9.051,42.3,150.7,45º,8,E,23502067,5149742,8921347,,,,,,
"60 SERIES 11.1 Lts. - 12.7 Lts.
677 / 775 - EGR Valve (Gas Recirculation)",Serie 60 (Motor Electrónico - Electronic Engine Controle),6 ,D,3446-AC,STD.,8.689,44,215.83,30º,2,E,8929589,23501576,,,,,,2080 A,
,,,,3445-ECB,STD.,8.705,39.5,215.8,30º,2,C,8929596,23501577,,,,,,,
60 SERIES 11.1 Lts. - 12.7 Lts. - 677 / 775,Serie 60,,,3447-ECB,STD.,8.689,40.03,215.83,30º,8,C,8929590,23506350,23507504,23524521,,,,22080 E,
92 SERIES  /  1104 - 1973-78,Serie 92 - Turbo,6,D,1598-EB,STD.,7.884,35,140.44,30º,8,E,5106136, , ,,,,,22036 E,
"71 Series 4,7lt. 4v./cabeza ","Detroit Diesel -> 71 Series 4,7lt.",12,D,1595-EBI,STD.,7.887,29.97,140.45,30º,2,C,23500501,5111336,5114288,,,,,,
2.3.4.6.8 y 12 cil.,4v./cabeza 2.3.4.6.8 y 12 cil.,,,1595-EXI,STD.,7.887,29.97,140.45,30º,2,C,,,,,,,,,
"Detroit Diesel L6 906 Ci, 
(14.8Lts. / 15.6Lts.) SOHC, 24V
Direct injected , Turbo Diesel",DD15 / DD16,6,D,4590-ACX,STD,9.46,47.15,240,70º,2,C,A4720500126,,,,,,,,
,,,,4591-ECX,STD,9.44,45.15,246,60º,2,A,A4720500127,,,,,,,,
,DODGE,,,,,,,,,,,,,,,,,,,
135  -  2.2 Lts.  - 153 2.5 Lts. - 1986-96,135 / 153,4,G,3251-AC,STD.,7.94,40.59,114.26,45º,6,C,4323244,,,,,,V-9605,,
,,,,3251-AC,.005,8.067,40.59,114.26,45º,6,C,4323244,,,,,,V-9605,,
,,,,3251-AC,.015,8.321,40.59,114.26,45º,6,C,4323244,,,,,,V-9605,,
,,,,23285-EB,STD.,7.913,35.41,114.87,45º,5,C,,,,,,,,,
4G64 L4 2.4Lts 16v,Stratus,4/6,G,3464-AN,STD.,5.965,32.85,112.4,45º,2,C,MD159502,301193,,,,,,1627 A,
V6 3.0Lts 24 v,,,,3465-EBN,STD.,5.95,29,114.1,45º,2,C,MD15569,MD303177,,,,,,21627 E,
170  -  2.8 Lts. /    198 3.1 Lts. /    225 3.7 Lts.  -  1960-83,Dodge 170 / 198 / 225 / Serie 500,6 ,G,274-A,STD.,9.461,41.15,121.14,45º,3,C,1947623,,,,,,V-2310,1038 AGNC1,
,,,,274-A,.005,9.588,41.15,121.14,45º,3,C,1947623,,,,,,V-2310,1038 AGNC1,
,,,,274-A,.010,9.715,41.15,121.14,45º,3,C,1947623,,,,,,V-2310,1038 AGNC1,
,,,,274-A,.015,9.842,41.15,121.14,45º,3,C,1947623,,,,,,V-2310,1038 AGNC1,
,,,,274-A,.030,10.223,41.15,121.14,45º,3,C,1947623,,,,,,V-2310,1038 AGNC1,
,,,,1275-E,STD.,9.436,34.54,121.83,45º,5,C,1947624,,,,,,S-2309,21038-E,
,,,,1275-E,.005,9.563,34.54,121.83,45º,5,C,1947624,,,,,,S-2309,21038-E,
,,,,1275-E,.010,9.69,34.54,121.83,45º,5,C,1947624,,,,,,S-2309,21038-E,
,,,,1275-E,.015,9.817,34.54,121.83,45º,5,C,1947624,,,,,,S-2309,21038-E,
,,,,1275-E,.030,10.198,34.54,121.83,45º,5,C,1947624,,,,,,S-2309,21038-E,
225  -  3.7 Lts.  -  1963-77,Series 500,,,3703-EX,STD.,9.436,34.52,121.95,45º,3,E,2202961,,,,,,,,
 V8 4.7lt. 16v. , Dakota / RAM 1500 / Durango,8,G,4390-AC   ,STD,6.945,48.7,113.8,45º,4,C,,,,,,,,,
"Vin J, N, P",,,,4391-ECB           ,STD,6.91,37,115.3,45º,4,C,,,,,,,,,
"1.5 Lts. / 1,8 Lts.
1974-77",Dodge,4,G,297-AC,STD.,7.906,38.05,109.85,45º,2,C,71302882,,,,,,,1063 AGNC,Suitable for CNG             --------            Apto GAS
,,,,297-AC,.005,8.033,38.05,109.85,45º,2,C,71302882,,,,,,,1063 AGNC,
,,,,297-AC,.010,8.16,38.05,109.85,45º,2,C,71302882,,,,,,,1063 AGNC,
,,,,297-AC,.015,8.287,38.05,109.85,45º,2,C,71302882,,,,,,,1063 AGNC,
,,,,297-AC,.030,8.668,38.05,109.85,45º,2,C,71302882,,,,,,,1063 AGNC,
,,,,1297-EC,STD.,7.87,31.2,110.3,45º,2,C,71304142,,,,,,,23158 E,
,,,,1297-EC,.005,7.997,31.2,110.3,45º,2,C,71304142,,,,,,,23158 E,
,,,,1297-EC,.010,8.124,31.2,110.3,45º,2,C,71304142,,,,,,,23158 E,
,,,,1297-EC,.015,8.251,31.2,110.3,45º,2,C,71304142,,,,,,,23158 E,
"V6 3.6 Lts 24v.  
DOHC, FLEX, NAFTA 
Mod.12-13","Avenger / Challenger / Charger / Durango / 
Gran Caravan / Gran Cherokee ",6,G,4498-AN,STD,5.969,39,116.55,45º,4,C,5184127AC,,,,,,V-7157,,
,,,,4499-EBN,STD,5.96,30,115.6,45º,4,C,5184128AD,5184128AE,,,,,,,
,,,,1297-EC,.030,8.632,31.2,110.3,45º,2,C,71304142,,,,,,,23158 E,
273 / 318   -  5.2 Lts.  -V8 -  1984-87,Truck Jeep 318,8,G,280-A,STD.,9.461,45.21,126.46,45º,3,C,2465335,,,,,,V-2506,1039 A,
,,,,280-A,.005,9.588,45.21,126.46,45º,3,C,2465335,,,,,,V-2506,1039 A,
,,,,280-A,.015,9.842,45.21,126.46,45º,3,C,2465335,,,,,,V-2506,1039 A,
,,,,280-A,.030,10.223,45.21,126.46,45º,3,C,2465335,,,,,,V-2506,1039 A,
273  -  4.5 Lts.  -  1964-83,Dodge 273 / 318,,,1280-EC,STD.,9.436,38.1,127.06,45º,5,C,3830705,2465339,,,,,S-2505,21039 E,
,,,,1280-EC,.005,9.563,38.1,127.06,45º,5,C,3830705,2465339,,,,,S-2505,21039 E,
,,,,1280-EC,.015,9.817,38.1,127.06,45º,5,C,3830705,2465339,,,,,S-2505,21039 E,
,,,,1280-EC,.030,10.198,38.1,127.06,45º,5,C,3830705,2465339,,,,,S-2505,21039 E,
318  -  5.2 Lts.  -  V8 - 1984-87,Truck Jeep 318,,,23252-EC,STD.,9.44,38.5,126.86,45º,3,A,4100366,,,,,,,,
,,,,23252-EC,.015,9.821,38.5,126.86,45º,3,A,4100366,,,,,,,,
360  -  5.9 Lts.  -  V8  - 1976-77,Dodge 318 / 340 / 360,8,G,484-A,STD.,9.47,47.8,126.5,45º,3,C,3671207,3683801,,,,,V-2812,,
,,,,484-A,.005,9.597,47.8,126.5,45º,3,C,3671207,3683801,,,,,V-2812,,
,,,,484-A,.015,9.851,47.8,126.5,45º,3,C,3671207,3683801,,,,,V-2812,,
,,,,484-A,.030,10.232,47.8,126.5,45º,3,C,3671207,3683801,,,,,V-2812,,
,,,,1484-EP,STD.,9.44,44.1,123.8,45º,5,C,3830721,2899036,3418479,,,,,,
,,,,1484-EP,.015,9.821,44.1,123.8,45º,5,C,3830721,2899036,3418479,,,,,,
360  -  5.9 Lts.  -  1974-92,Dodge 360,,,1488-EC,STD.,9.436,40.7,127,45º,5,C,2863521,,,,,,S-2678,,
,,,,1488-EC,.005,9.563,40.7,127,45º,5,C,2863521,,,,,,S-2678,,
,,,,1488-EC,.015,9.817,40.7,127,45º,5,C,2863521,,,,,,S-2678,,
361   -  5.9 Lts.  -  V8  - 1960-77,HT 361 / 413,8,G,486-A,STD.,9.46,47.73,143.7,45º,5,C,,,,,,,,,
"361 (5.9)
V8        1960-77",HT 361 / 413,8,G,1486-ECP ,STD.,10.99,38.1,144.7,45º,3,C,,,,,,,,,
"L6 - ISB ""B"" Electrónico 260/300 -  359 - 5,9 / 3,9 Lts. - 24V - Turbo - 1998 al 2004",Dodge RAM 2500 / 3500. ,4 / 6,D,3976-AC,STD.,7,33,124.65,30º,2,A,3940735,3802924,,,,,,2074 A,Upgrade
,,,,3977-ECB,STD.,7,33,124.28,45º,2,A,3940734,3802967,6802237AA,,,,,22074 E,
,,,,4199-ECB,STD.,7,33,124.25,45º,2,A,68002237AA, , ,,,,,,
,,,,4199-ECB,0.1,7,33,124.3,45º,2,A,68002237AA, , ,,,,,,
"Hemi Vin 2, D, H, T -                              ",Dodge Challenger / Charger / Durango ,8,G,4348-AC,STD,7.973,52,131.2,45º,4,E,53022087AA,,,,,,V-7159,,
"     V8 - 5,7lt. - 16v",,,,4349-ECB,STD,7.94,39.4,130.5,45º,4,C,53022088AB,,,,,,S-7160,,
Hemi V8 16v. Vin 3 ,Dodge Challenger / Magnun / Charger ,8,G,4356-AC,STD,7.937,52.8,126,45º,4,E,5037372AB,,,,,,V-7287,,
,,,,4357-ECB,STD,7.937,40.5,125,45º,4,C,5037373AB,,,,,,,,
V8 - 5.7 Lts.,Hemi,8,G,3852-AC,STD.,7.945,50.78,125.25,45º,4,C,53021550AA,,,,,,,,
,,,,3853-ECB,STD.,7.914,39.41,123.05,45º,4,C,53021225AA,53021551AB,,,,,,,
"L6, (5.9 LTS.), 5882 C.C., 24 VALVE, OHV, DIESEL, FI, VIN 6, 7, C CUMMINS ISB, ISBE, QSB TURBO",5500 / 4500 / 3500 / RAM 4500 / RAM 2500 / RAM 5500 / RAM 3500 / 5500 / 4500 / RAM 2500 / 3500 / ,6,D,4768-AN,STD.,7,33,124.65,60,2,A,,,,,,,,,
,,,,4769-EN,STD.,7,33,124.3,45º,2,A,,,,,,,,,
,DODGE TRUCK,,,,,,,,,,,,,,,,,,,
ED3 / EDG Gema -,Avenger / Caliber / Journey ,4,G,4336-AC,STD,5.465,35,113.5,45º,2,E,50470688AA/AB,MN187696,,,,,V-7067,,
 L4 2.0lt. / 2.4lt.  - 16v,,,,4337-EC,STD,5.465,29,105.7,45º,2,E,5047069AA/AB,MN183950,,,,,S-7068,,
135  -  2.2 Lts - 1986-89,Dodge K ,4,G,3251-AC,STD.,7.94,40.59,114.26,45º,6,C,4323244,,,,,,V-9605,,Suitable for CNG             --------            Apto GAS
,,,,3251-AC,.005,8.067,40.59,114.26,45º,6,C,4323244,,,,,,V-9605,,
,,,,3251-AC,.015,8.321,40.59,114.26,45º,6,C,4323244,,,,,,V-9605,,
,,,,23251-ECP,STD.,7.92,35.4,114.85,45º,5,C,4298142,,,,,,S-7160,,
,,,,23251-ECP,.005,8.047,35.4,114.85,45º,5,C,4298142,,,,,,S-7160,,
,,,,23251-ECP,.015,8.301,35.4,114.85,45º,5,C,4298142,,,,,,S-7160,,
"135  -  2.2 Lts. -  SOHC
1982-85",Dodge K ,4,G,3250-A,STD.,7.943,40.6,112.23,45º,6,C,4201393,,,,,,V-9583,,
,,,,3250-A,.005,8.07,40.6,112.23,45º,6,C,4201393,,,,,,V-9583,,
,,,,3250-A,.015,8.324,40.6,112.23,45º,6,C,4201393,,,,,,V-9583,,
,,,,23250-ECP,STD.,7.892,35.4,112.85,45º,5,C,4227778,,,,,,S-9584,,
,,,,23250-ECP,.005,8.019,35.4,112.85,45º,5,C,4227778,,,,,,S-9584,,
,,,,23250-ECP,.015,8.273,35.4,112.85,45º,5,C,4227778,,,,,,S-9584,,
"156  -  2.6 Lts.
4G50 / 4G51 / 4G52  -  1979-80",Mitsubishi,4,G,3276-A,STD.,7.95,42.99,112.78,45º,6,C,MD-020580,,,,,,,,
,,,,23276-EB,STD.,7.935,35,111.6,45º,6,E,MD-020581,,,,,,,,
156  -  2.6 Lts. -  E12  -  1985-89,Mitsubishi,4,G,3275-A,STD.,7.96,46,108,45º,2,C,MD083848,,,,,,,,
,,,,23275-EB,STD.,7.94,38,106,45º,2,E,,,,,,,,,
156  -  2.6 Lts.  -  4G54  -  1981-84,Mitsubishi,4,G,835-AN,STD.,7.975,46,110,45º,6,C,MD024518,,,,,,,,Suitable for CNG             --------            Apto GAS
,,,,1835-EPN,STD.,7.935,38,108,45º,6,E,MD-024519,,,,,,,,
170  -  2.8 Lts. - 1961-70,Dodge 170 / 198 / 225,6,G,274-A,STD.,9.461,41.15,121.14,45º,3,C,1947623,,,,,,V-2310,1038 AGNC1,
,,,,274-A,.005,9.588,41.15,121.14,45º,3,C,1947623,,,,,,V-2310,1038 AGNC1,
,,,,274-A,.010,9.715,41.15,121.14,45º,3,C,1947623,,,,,,V-2310,1038 AGNC1,
,,,,274-A,.015,9.842,41.15,121.14,45º,3,C,1947623,,,,,,V-2310,1038 AGNC1,
,,,,274-A,.030,10.223,41.15,121.14,45º,3,C,1947623,,,,,,V-2310,1038 AGNC1,
,,,,1275-E,STD.,9.436,34.54,121.83,45º,5,C,1947624,,,,,,S-2309,21038-E,
,,,,1275-E,.005,9.563,34.54,121.83,45º,5,C,1947624,,,,,,S-2309,21038-E,
,,,,1275-E,.010,9.69,34.54,121.83,45º,5,C,1947624,,,,,,S-2309,21038-E,
,,,,1275-E,.015,9.817,34.54,121.83,45º,5,C,1947624,,,,,,S-2309,21038-E,
,,,,1275-E,.030,10.198,34.54,121.83,45º,5,C,1947624,,,,,,S-2309,21038-E,
218  -  3.6 Lts. - 1942-53,Dodge 218 / 219 / 220 / 230,6,G,157-A,STD.,8.66,39,123.7,45º,3,A,1109911,,,,,,,1014 A,
,,,,158-E,STD.,8.65,35.74,124.6,45º,2,A,1852247,1947231,954302,,,,,1014 E,
318 / 360 - 1964-83,Dodge 273 / 318 / 360,8,G,280-A,STD.,9.461,45.21,126.46,45º,3,C,2465335,,,,,,V-2506,1039 A,
,,,,280-A,.005,9.588,45.21,126.46,45º,3,C,2465335,,,,,,V-2506,1039 A,
,,,,280-A,.015,9.842,45.21,126.46,45º,3,C,2465335,,,,,,V-2506,1039 A,
,,,,280-A,.030,10.223,45.21,126.46,45º,3,C,2465335,,,,,,V-2506,1039 A,
,,,,1280-EC,STD.,9.436,38.1,127.06,45º,5,C,3830705,2465339,,,,,S-2505,21039 E,
,,,,1280-EC,.005,9.563,38.1,127.06,45º,5,C,3830705,2465339,,,,,S-2505,21039 E,
,,,,1280-EC,.015,9.817,38.1,127.06,45º,5,C,3830705,2465339,,,,,S-2505,21039 E,
,,,,1280-EC,.030,10.198,38.1,127.06,45º,5,C,3830705,2465339,,,,,S-2505,21039 E,
318 / 360 - V8 - 1974-78,Serie 100-300 / 318 LA / 360,8,G,1345-EC,STD.,9.438,38,127.1,45º,3,C,3769226,,,,,,,,
,,,,1345-EC,.015,9.819,38,127.1,45º,3,C,3769226,,,,,,,,
318 - V8 -1972-77,Serie 300/500/600,8,G,399-AC,STD.,9.461,46,126.47,45º,3,C,3577943,,,,,,V-9548,,
,,,,399-AC,.005,9.588,46,126.47,45º,3,C,3577943,,,,,,V-9548,,
,,,,399-AC,.015,9.842,46,126.47,45º,3,C,3577943,,,,,,V-9548,,
,,,,1399-E,STD.,9.42,38.8,126.9,45º,3,C,3577971,,,,,,S-9549,,
,,,,1399-E,.015,9.801,38.8,126.9,45º,3,C,3577971,,,,,,S-9549,,
318  - V8 - 1979-88,Truck 318 / 360,8,G,484-A,STD.,9.47,47.8,126.5,45º,3,C,3671207,3683801,,,,,V-2812,,
,,,,484-A,.005,9.597,47.8,126.5,45º,3,C,3671207,3683801,,,,,V-2812,,
,,,,484-A,.015,9.851,47.8,126.5,45º,3,C,3671207,3683801,,,,,V-2812,,
,,,,484-A,.030,10.232,47.8,126.5,45º,3,C,3671207,3683801,,,,,V-2812,,
318 - V8 - 1979-88,,,,1398-EC,STD.,9.43,38.2,126.6,45º,5,C,4100387,,,,,,,,
,,,,1398-EC,.015,9.811,38.2,126.6,45º,5,C,4100387,,,,,,,,
318  -  5.2 Lts. - V8 - 1959-68,Dodge 318 HT,8,G,485-A,STD.,9.46,46.8,116.8,45º,3,C,1821238,1945318,,,,,V-2311,,
,,,,1485-E,STD.,9.436,39.7,115.3,45º,5,C,1852248,1618636,,,,,S-2185,,
350 / 361 / 383 - V8 - 1967-71,Dodge 350 / 361 / 383 / 413 / 426 / 440,8,D,481-A,STD.,9.46,52.9,123.5,45º,3,C,3549979,2899036,3512095,,,,,,
,,,,1481-E,STD.,9.42,40.6,124.2,45º,5,C,1737698,,,,,,,,
360  -  5.9 Lts. - V8 - 1976-92,Dodge 318 / 340 / 360 / Serie 100-300 Light duty,8,G,484-A,STD.,9.47,47.8,126.5,45º,3,C,3671207,3683801,,,,,V-2812,,
,,,,484-A,.005,9.597,47.8,126.5,45º,3,C,3671207,3683801,,,,,V-2812,,
,,,,484-A,.015,9.851,47.8,126.5,45º,3,C,3671207,3683801,,,,,V-2812,,
,,,,484-A,.030,10.232,47.8,126.5,45º,3,C,3671207,3683801,,,,,V-2812,,
,Dodge 318 / 340 / 360,,,1484-EP,STD.,9.44,44.1,123.8,45º,5,C,3830721,2899036,3418479,,,,,,
,,,,1484-EP,.015,9.821,44.1,123.8,45º,5,C,3830721,2899036,3418479,,,,,,
360  -  5.9 Lts. - V8  - 1976-92,Serie 100-300 Light Duty,,,1390-EC,STD.,9.438,40.68,127,45º,3,C,3769317,,,,,,,,
361  -  5.9 Lts. - V8 - 1960-77,HT 361 / 413,8,G,486-A,STD.,9.46,47.73,143.7,45º,5,C,,,,,,,,,
,,,,1486-ECP,STD.,10.99,38.1,144.7,45º,3,C,1947718,,,,,,,,
,DONG FENG,,,,,,,,,,,,,,,,,,,
 3.6/3.9 Lts,Metro,4,D,4546-A,STD,8.95,45,127.9,45º,2,A,,,,,,,,,
,,,,4547-EP,STD,8.95,37.5,128,45º,2,A,,,,,,,,,
,FIAT,,,,,,,,,,,,,,,,,,,
1.0 Lts.  -   1960-78,600D / 600E / 750 / 600DM / 770,4,G,167-A,STD.,6.99,25.5,92.3,45º,8,A,4132958,,,,,,,1017 A,
,,,,1168-E,STD.,6.993,23.5,92.25,45º,8,A,4064702,,,,,,,21017 E,
1.0 Lts.  -  1977-81,147 / 127 / L / CL / C,4,G,380-AC,STD.,7.975,34,110.1,45º,2,A,4340118,,,,,,,6001 A,
,,,,1380-EC,STD.,7.98,29,110.7,45º,2,A,4340119, , , ,,,,26001 E,
1.0 Lts.  -  1967-70,800 / 850 Coupe,4,G,169-A,STD.,6.99,27,92.3,45º,8,A,4121897,,,,,,,1056 A,
,,,,1169-E,STD.,6.99,25,92.3,45º,8,A,4121898,,,,,,,21056 E,
1.0 Lts.  -  1968-82,127CL / 133 / 147 / 850 Sport / 900E,4,G,176-AC,STD.,6.98,28.84,95.16,45º,2,C,4265695,,,,,,,1076 A,
,,,,1177-EC,STD.,6.99,26,95.3,45º,4,A,4377979,,,,,,,21176 E,
1.0 Lts. - 1979-87 ,127 S / Ritmo 60 / Uno 60 / Duna 70 / Fiorino / Berlina,4,G,3234-AC,STD.,7.983,36.5,110.2,45º,2,E,46559031,,,,,,,6502-A,Suitable for CNG             --------            Apto GAS
,,,,23234-EC,STD.,7.983,31,110.6,45º,2,A,46470638,,,,,,,21262 E,
1.3lt TDI 16v.,500 / Doblo / Fiorino / Idea / ,4,D,4382-AC,STD,5.985,21.9,109.3,45º,4,A,46518930,,,,,,,,
,Panda / Punto / Qubo / Strada,,,4383-EC,STD,5.975,21.9,109.2,45º,4,A,93190438,,,,,,,,
1.0 Lts. - 1.3 Lts.  -  16V  -  Fire - MPI (2001~),Palio / Siena / Palio Fase II / Siena Fase II / Brava,4,G,3558-AC,STD.,5.991,26.9,95.2,45º,4,C,46553048,,,,,,,6003 AGNC,
,,,,3559-EC,STD.,5.983,22.4,96.06,45º,4,A,46553049,,,,,,,26003 EGNC,
Fire - MPI - 1.0 Lts. - 1.3 Lts. 8V (2004~),Fiat Palio / Siena / Nuevo Uno / Nueva Fiorino,4,G,3800-AC,STD.,6.988,31.4,97.05,45º,2,C,7770334,,,,,,,6002 AGNC,
,,,,3801-EC,STD.,6.99,27.3,97.2,45º,2,C,46514754,5942728,7666227,,,,,26002 EGNC,
"L4, (1.0 Lts.), 8 VALVE, FIRE FLEX",Mobi / Palio / Grand Siena,,,4906-AC,STD,4.985,31.4,98.75,45º,4,C,55271872,,,,,,,,
,,,,4257-EC,STD,4.983,27.95,100.5,45º,4,C,55211887,,,,,,,,
Fire MPFI 1.3 Lts.  -  16V ,Palio / Palio Fase II / Siena Fase II ,4,G,3998-AC,STD.,5.991,26.9,95.2,45º,4,C,55185028,,,,,,,6103 A,
Fire 1.4 Lts. - 16V.,500.,,,3999-ECB,STD.,5.983,22.4,94.66,45º,4,A,55185080,,,,,,,26103 E,
1.1 Lts. - 1.3 Lts.   -  1981~,127 / Uno / Fiorino / Duna / Panda,4,D,1828-AC,STD.,7.983,34,112,45º,2,A,4424173,,,,,,,21706 A,
,,,,1828-EC,STD.,7.983,29,112,45º,2,A,4424174,,,,,,,21706 E,
1.1 Lts. - 1.3 -  1.4 Lts.  -  1968~,128 / 147,4,G,175-AC,STD.,7.983,36,108.5,45º,2,A,4239917,446 0697,4460697, ,,,,1066 AGNC,
,,,,1175-EC,STD.,7.983,31,109,45º,2,A,4315062,4190307,4314869,5973128,,,,21266-E,
Motor 1.4 Lts 8v. MPI Fire Evo,Grand Siena Attactive/Nuevo Palio,4,G,4256-AC,STD,4.991,33.2,99.9,45º,4,C,55219002,,,,,,,,
,Nuevo Uno Fase II ,,,4257-EC,STD,4.983,27.95,100.5,45º,4,C,55211887,,,,,,,,
1.4 Lts. - TIPO,Vivace / Spazio,4,G,855-AC,STD.,7.98,37.5,107,45º,2,A,7609772,7609777,96700311,,,,,1666 AGNC,
,,,,1175-EC,STD.,7.983,31,109,45º,2,A,4315062,4190307,4314869,5973128,,,,21266-E,
1.4 8V,Fiorino Qubo Active ,4,G,3798-A,STD.,6.975,36.7,112.8,45º,2,C,94891,,,,,,V7129,1239 A,
,,,,23242-E,STD.,6.96,29.2,112.6,45º,2,C,97531044,,949 59,,,,,21209 E,
"1,4 Lts. - 8V.",Idea / Palio Fase II / Siena Fase II / Nuevo Siena Fase III / Punto,4,G,3956-AC,STD.,4.991,33.2,98.15,45º,4,C,55205734,,,,,,,6004 A,
,,,,3957-ECB,STD.,4.983,27.95,98.75,30º,4,C,55203211,,,,,,,26104 E,
"1,4 Lts. - 8V.",Idea / Palio Fase II / Siena Fase II / Nuevo Siena Fase III / Punto,4,G,3956-AC,STD.,4.991,33.2,98.15,45º,4,C,55205734,,,,,,,6004 A,
,,,,3997-ECB,STD.,4.983,27.35,98.75,45º,4,C,55194994,,,,,,,,
"1,4 Lts. - 8V.",Idea / Palio Fase II / Siena Fase II / Nuevo Siena Fase III / Punto,4,G,3956-AC,STD.,4.991,33.2,98.15,45º,4,C,55205734,,,,,,,6004 A,
,,,,4156-AC,STD.,4.985,31.4,98.15,45º,4,C,55195784,,,,,,,,
,,,,3997-ECB,STD.,4.983,27.35,98.75,45º,4,C,55194994,,,,,,,,
1.5 Lts.  -  1963-82,1500 Berlina / Familiar / Multicarga,4,G,172-A,STD.,7.99,34,110.7,45º,7,A,4080364,,,,,,,1042 A,
,,,,1173-E,STD.,7.992,31,106,45º,7,A,4094908,,,,,,,21042 E,
1.5 Lts.  -  1975-85,Regatta 85 / 128 / Ritmo,4,G,175-AC,STD.,7.983,36,108.5,45º,2,A,4239917,446 0697,4460697, ,,,,1066 AGNC,
,,,,1383-EC,STD.,7.98,33.15,109,45º,2,A,5973129,,,,,,,21089 E,
1.5 Lts. - 1.6 Lts.  -  1963-69,Coupe,4,G,174-A,STD.,7.993,35,110,45º,7,A,4127674,,,,,,,1067 A,
,,,,1174-E,STD.,7.983,31.5,104.6,45º,7,A,4127675,,,,,,,21067 E,
1.6 Lts.  -  TIPO,Uno / Duna,4,G,856-AC,STD.,7.983,39.5,108.5,45º,2,A,7617500,,,,,,,1667 AGNC,
,,,,1175-EC,STD.,7.983,31,109,45º,2,A,4315062,4190307,4314869,5973128,,,,21266-E,
1.6 Lts.  -  16V  -  TORQUE - 1999,Palio HL / Siena HL / Marea,4,G,3514-AC,STD.,6.99,30.35,102.5,45º,2,C,46761396,46462158,46413806, ,,,S-9820,1163 AGNC,Suitable for CNG             --------            Apto GAS
,,,,3515-EC,STD.,6.983,29.9,102.35,45º,2,C,46461209,46462159,46413807,,,,S-7154,21163 EGNC,
1.6 Lts. - 2.0 Lts.  -  1981-85,Regatta 100 / Croma 2000 / Ritmo 100,4,G,382-AC,STD.,7.983,43.5,105.1,45º,2,C,4460061,,,,,,,1166-A,
,,,,1382-EC,STD.,7.983,36.15,105.65,45º,2,A,4469661,,,,,,,21166 E,
1.6 Lts.- 2.0 Lts.   -   1968-84,124 / 125 / 131 / 132 Berlina / Sport 132 / Multicarga,4,G,281-AC,STD.,7.983,41.4,106.4,45º,2,C,4173746,,,,,,,1068 AGNC,Suitable for CNG             --------            Apto GAS
,,,,1281-EC,STD.,7.983,36.15,105.9,45º,2,A,4359309,,,,,,,21068 E,
1.6 Lts 16V. E-torQ,Nueva Strada Fase III / ADVENTURE ,4,G,4154-AC,Std,5.936,30.7,109.65,45º,4,C,55224590,,,,,,S-7154,,
,Nuevo Palio SPORTING Nuevo Siena Fase III ESSENCE ,,Esc,4155-EN,Std,5.908,23.3,118.4,45º,4,A,55231699,,,,,,S-7194,,
1.7 Lts.  -  1984~,Duna / Ducatto,4,D,3316-AC,STD.,7.985,37.4,116.6,45º,2,A,5990532,7547158,,,,,,21167 A,
,,,,3317-EC,STD.,7.983,33.45,116.8,45º,2,A,5990533,7588577,,,,,,21167 E,
1.7 Lts.  -  1986,Duna / Ritmo / Uno / Regatta / Palio / Siena - TD,4,D,3384-AC,STD.,7.983,37.45,116.53,45º,2,A,,,,,,,,,
,,,,3385-EC,STD.,7.983,33.45,116.53,45º,2,E,,,,,,,,,
1.8 Lts. 16vV. - DOHC - 2003~,Stilo,4,G,4054-AC,STD.,5.96,31.2,101.4,45º,4,E,93333561,,,,,,,1320 A,
,,,,4055-ECB,STD.,5.94,27.5,100.7,45º,4,C,93333562,,,,,,S-7032,,
"1.8 Lts. - 16V
2.4 Lts. - 20V   -   1995~",Marea / Bravo / Brava / Barchetta / Stilo,4 / 5,G,3736-AC,STD.,6.98,33.6,113.4,45º,4,A,7766564,,,,,,,1144 A,Suitable for CNG             --------            Apto GAS
,,,,3737-ECB,STD.,6.96,28,108.6,45º,4,A,60674496,,,,,,,21144 E,
"L4, (1.8 Lts.), 16 VALVE, FLEX, 139CV, E.TORQ EVO",TORO,4,G,4696-AN,STD.,5.945,31.5,109.4,45º,4,C,55247715 ,,,,,,,,
,,,,4697-ENX,STD.,5.908,25,117.35000000000001,45º,4,C,55247716 ,,,,,,,,
"1.9 Lts. - 2.4 Lts.
1998~",Bravo / Brava / Punto / Marea,4,G,3584-ACBS,STD.,7.983,37.55,114.2,45º,4,C,7798620,,,,,,,21267 A,Suitable for CNG             --------            Apto GAS
,,,,3585-ECBS,STD.,7.983,31.05,114.2,45º,4,A,7783225,,,,,,,21267 E,
DW10BTED4 / HDI / DW12TED4 / TDCI ,Scudo / Ulyses / Lancia / Zeta / Phedra,4,D,4456-AC,STD,5.97,30,105,45º,4,A,0948A3,,,,,,,,
L4 2.0lt. - 16v,,,,4457-ECB,STD,5.97,25,105,45º,4,A,0949A3,,,,,,,,
2.0 Lts.  -  8V  -  1990,"Regatta / Croma Tempra1, 8IE / Tempra / Tempra ",4,G,1826-AC,STD.,7.983,43.5,105.7,45º,2,C,7547400,,,,,,,1166 A,Suitable for CNG             --------            Apto GAS
,,,,1826-ECB,STD.,7.983,36.15,106.01,45º,2,A,7597080,76331719,4469661,5953041,4293992,4359309,,21165 E,
2.0 Lts. - 16V  - 1990-93,Tipo / Tempra,4,G,3320-AC,STD.,6.983,34.4,127.93,45º,2,A,7722907,,,,,,,21153-A,Suitable for CNG             --------            Apto GAS
,,,,3321-ECB,STD.,6.983,28.4,125.6,45º,2,A,7574742,,,,,,,21153 EGNC,
2.0 Lts. - 20V - 1998,Marea / Bravo (HGT),5,G,3600-AC,STD.,6.98,30.05,113,45º,4,A,7735898,,,,,,,1264 A,Suitable for CNG             --------            Apto GAS
,,,,3601-ECB,STD.,6.97,26.05,108.5,45º,4,A,7735899,,,,,,,21264 E,
2.0 Lts. - 16v. JTD,"FIAT  L4, 1956CC. (2.0LTS), 16V. JTD, 939B5/94A5 TORO",4,D,4658-AC,STD.,4.99,27.8,114.35,45º,4,C,55251295,,,,,,,,
,,,,4659-ECX,STD.,4.98,24.4,114.35,45º,4,C,55220016,,,,,,,,
,FIAT ALLIS,,,,,,,,,,,,,,,,,,,
TD 229-6,7D (Motor MWM),6 / 8,D,565-AC,STD.,8.96,41,117,45º,4,A,922604600054,,,,,,,6151 A,
,,,,1565-ECB,STD.,8.961,38,117,45º,4,A,930804600024,,,,,,,26153 E,
TD 229 EC-6,ED9 / FD9B (Motor MWM),6,D,3390-AC,STD.,8.961,42,117.15,30º,4,C,922904608094,,,,,,,6153 A,
,,,,1565-ECB,STD.,8.961,38,116.87,45º,4,A,930804600024,,,,,,,26153 E,
,FIAT IVECO,,,,,,,,,,,,,,,,,,,
2.2 hdi Multijet,Fiat Ducato Bus,4,D,4292-AC,STD.,6.935,29.8,122.1,30º,4,C,BK2Q6507BB,,,,,,,1235 A,
,,,,4293-ECP,STD.,6.925,25.8,121.88,45º,4,E,BK2Q6505BB,949000,,,,,,21235 E,
2.3 Lts. 16v. Motor F1A,Ducato Multijet,4,D,4112-AC,STD.,5.993,30,120.4,45º,4,A,500362855,504069199,,,,,,,
,,,,4113-ECB,STD.,5.983,30,120.4,45º,4,A,500362856,504378070,,,,,,,
"8140.47
2.8 Lts. / 2.5 Lts.  - 1990~",Ducato Maxi TD 34 / 49 / 59.12 / New Daily TD,4,D,3586-ACB,STD.,7.99,43.5,122,30º,2,C,98468338,,,,,,,22087 A,
,,,,3587-ECB,STD.,7.985,36.5,122,45º,2,C,98418161,,,,,,,22087 E,
,,,,4041-ECB,STD.,7.993,35.9,121.95,45º,2,A,99432837,0949 A0,50 01 836 573,,,,,22183 E,
"8140.61-  2.5 Lts.
8140.23 / 43 -  2.8 Lts. - 1986~","Daily / Ducato / New Daily TD
Aspirado y Turbo",4,D,3510-ACB,STD.,7.993,40.87,120.75,30º,2,C,7301820,0948 A2,504069200,7701030863,7701462678,7701463603,,22083 A,
,,,,3511-ECB,STD.,7.993,34.4,122,45º,2,C,7301821,4826033,,,,,,22083 E,
4 CILINDROS 16V 2.8 LTS TURBO INTERCOOLER,IVECCO DAILY F1C,4,D,4246-AC,STD.,5.993,32.4,119.95,30º,4,E,5040725311,,,,,,,,
,,,,4247-EC,STD.,5.983,32.4,119.95,30º,4,C,5040810621,,,,,,,,
"8040.05 / 25 4.0 Lts.
8060.05  6.0 Lts.  -  1987~",150 E20 / 160 E23 / Eurocargo - Intercooler,4 / 6,D,3324-AC,STD.,7.993,45.4,125.75,30º,2,E,99432652,500300570,1908408,4784888,,,,,
,,,,3325-ECB,STD.,7.993,37.65,125.75,45º,2,E,99432717,500300595,1904666,478488,,,,,
"L6 - ISB ""B"" Electrónico 260/300 -  359 - 5,9 / 3,9 Lts. - 24V - Turbo - 1998 al 2004"," 

Iveco Tector Eurocargo ",4 / 6,D,3976-AC,STD.,7,33,124.65,30º,2,A,3940735,3802924,,,,,,2074 A,Upgrade
,,,,3977-ECB,STD.,7,33,124.28,45º,2,A,3940734,3802967,6802237AA,,,,,22074 E,
,,,,4199-ECB,STD.,7,33,124.25,45º,2,A,68002237AA, , ,,,,,,
,,,,4199-ECB,0.1,7,33,124.3,45º,2,A,68002237AA, , ,,,,,,
11.0 Lts.,FNM D11000,6,D,3698-A,STD.,11.941,59.45,176.45,30º,9,C,,,,,,,,,
,,,,3699-E,STD.,11.941,51,176.45,45º,9,C,,,,,,,,,
"8210.02 / 8210.12 / 8210.42
14.0 Lts.  1970~","Series 160 / 330 / 619 / N1
421 A/AL
190 / 440 E42 Euro Star",6,D,286-AC,STD.,10.99,58.9,169.9,45º,2,A,4683025,,,,,,,,
,,,,1286-ECB,STD.,10.991,48.85,170,45º,2,A,4683026, ,,,,,,,
FIAT CURSOR 9  ,"  180 EuroTrakker /
190 EuroMover / EuroTech / Stralis 450S33T / 460S36T / 500S33T / 530S36T",4 / 6,D,4110-AC,STD.,7.977,40,174.4,30º,2,A,500354085,, ,,,,,,
8.7 Lts.,,,,4111-ECB,STD.,7.977,39,173.3,45º,2,A,504078218,,,,,,,,
,,,,4111-ECX 30,STD.,7.977,39,173.3,45º,2,A,,,,,,,,,
Iveco Cursor 13                               , Mod. Stralis ,6,,4094-AC,Std,9.967,47,199.3,30º,2,C,500355788,,,,,,,,
  12.9 Lts. 24v.,Trakker,,,4095-ECB,Std,9.967,46,198.1,45º,2,C,504080788,,,,,,,,
Iveco Cursor 13                               , Mod. Stralis ,6,,4094-AX,Std,9.967,47,199.3,30º,2,C,,,,,,,,,
  12.9 Lts. 24v.,Trakker,,,4095-EX,Std,9.967,46,198.1,45º,2,C,,,,,,,,,
/ 190 E 42 / 240 E 42 / 440 E 42 / 440 E 47 /  380 E 37 / 410 E 37 / 410 E 42 (190.30 / 170.30 )- 1995 al 2006,Euro Tech / Euro Star  Euro Trukker / (1 Resorte - 1 Spring) ,6,D,3920-AC,STD.,10.99,57.4,169.9,30º,2,A,98478407,,,,,,,2088 A,
,,,,3921-ECB,STD.,10.98,47.88,169.9,45º,2,A,98474604,4673861,,,,,,22084 E,
"L6, (5.9 LTS.), 5882 C.C., 24 VALVE, TURBO, NEF6",TECTOR PERMIUM / TECTOR ATTACK / ,6,D,4768-AN,STD.,7,33,124.65,60,2,A,,,,,,,,,
,,,,4769-EN,STD.,7,33,124.3,45º,2,A,,,,,,,,,
,FIAT TRACTORES,,,,,,,,,,,,,,,,,,,
451 FL 4 -  1957-66,U25 / 411RC - 451 FL4,2 / 4,D,513-A,STD.,8.993,39.4,131.1,45º,14,A,561286,,,,,,,3012 A,
,,,,514-E,STD.,8.993,34.4,131.1,45º,14,A,564757,,,,,,,3012 E,
CO1D  -  1959-68,Someca M45 / M50 / Super SON 55,4,D,540-A,STD.,7.93,38,171,45º,9,D,8504782,,,,,,,,
,,,,541-E,STD.,7.93,34,171,45º,9,A,8404783,,,,,,,,
450  -  1965-69,450 R,4,D,544-A,STD.,7.93,34.2,171.6,45º,9,D,8300314,,,,,,,,
,,,,545-E,STD.,7.93,31.2,171.2,45º,9,A,8300387,,,,,,,,
60R  -  1955-62,60R,4,D,517-A,STD.,10.995,51,160,45º,8,A,555324,,,,,,,,
,,,,518-E,STD.,10.995,45,160,45º,8,A,555325,,,,,,,,
CN3 / CP3 - 1968,400 R Viñatero / 500 / 900 / 1100,4,D,519-A,STD.,7.95,42.85,137.75,45º,2,D,8823548,,,,,,,,
,,,,520-E,STD.,7.952,36.35,137.75,45º,2,A,8823549,,,,,,,,
OM 513  -  1967-71,615 / 615 DT / 650 / 700R,4,D,523-A,STD.,7.93,40.85,171,45º,8,D,8806875,,,,,,,3026 A,
,,,,524-E,STD.,7.93,35.85,171,45º,8,A,8806876,,,,,,,3026 E,
1962-71,780R / 780,4,D,521-A,STD.,10.99,50.9,160.1,45º,2,A,580605,578911,,,,,,3015 A,
,,,,522-E,STD.,10.99,45,160.2,45º,2,A,580606,578912,,,,,,3015 E,
5.4 Lts. - 5.8 Lts.  -  1971-76,80C / 90C / 700E / 800,4 / 6,D,547-A,STD.,7.952,48.4,137.65,45º,2,D,8824754,,,,,,,,
,,,,548-E,STD.,7.952,40.9,137.7,45º,2,A,8825776,,,,,,,,
,FORD,,,,,,,,,,,,,,,,,,,
"L3, (1.0 LTS.), 998 C.C., 12 VALVE, EURO 5,6, ECOBOOST",B-MAX / FOCUS III FURGON / FOCUS III SEDAN / FOCUS III TURNIER / FOCUS III / ,3,G,4642-AN,STD.,4.965,27,96.2,45º,4,C,CM5Z6507A ,,,,,,,,
,,,,4643-EN,STD.,4.955,22.8,98,60,4,C,"E3BZ6505B_x000D_
E3BG6505BB ",,,,,,,,
"L3, (1.5 LTS.), 1496 C.C., 12 VALVE,  TIVCT, EURO V",ECOSPORT / FIGO / KA SEDAN / KA / ,3,G,4773-AN,STD.,5.44,34,99.10000000000001,45º,4,C,,,,,,,,,
,,,,4774-EN,STD,5.43,28.5,107.15,46º,4,C,,,,,,,,,
1.0 Lts. - Zetec Rocam  ,Fiesta / KA / Courier ,4,G,3062-AC,STD.,5.975,32.5,111.1,45º,4,C,XS6E6507AA,,,,,,,1136 A,Suitable for CNG             --------            Apto GAS
,,,,3063-ECB,STD.,5.965,28,110.65,45º,4,C,XS6E-6505-AB,,,,,,,21136 E,
1250 cc ZETEC 16 V.,FIESTA 1250 cc ,4,G,4078-AC,STD.,5.968,26,97.65,45º,4,C,96MM6507B1A,,,,,,,,
,,,,4079-EN,STD.,5.961,22,99.7,45º,4,E,96MM6505B1A,,,,,,,,
1.0 Lts. -  HCS - 1989,Fiesta / Escort,4,G,3052-AC,STD.,7.03,33,104,45º,4,C,89BM6507AA,,,,,,,1232 A,Suitable for CNG             --------            Apto GAS
1.3 Lts. -  1997,KA,,,3054-AC,STD.,7.03,34.5,104,45º,4,C,89BM6507BA,,,,,,,1132 A,
,,,,3054-AC,.005,7.157,34.5,104,45º,4,C,89BM6507BA,,,,,,,1132 A,
"1.0 Lts. - 8V. - HCS
1989 Endurra - 1.3 Lts. - 1997",KA / Fiesta / Escort,,,3053-ECB,STD.,7,29,104.25,45º,4,E,97BM6505AA,,,,,,,21132 E,
,,,,3053-ECB,.005,7.127,29,104.25,45º,4,E,97BM6505AA,,,,,,,21132 E,
79  -  1.3 Lts. - B3 - 1994-97,Festiva,4,G,3060-AC,STD.,6.97,32,105.16,45º,2,C,E8BZ6507A,F4BZ6507A,,,,,,,Suitable for CNG             --------            Apto GAS
,,,,3061-ECP,STD.,6.947,28.02,104.65,45º,2,C,E8BZ6505A,F4BZ6505A,,,,,,,
1.3lt TDI 16v.,Ka,4,D,4382-AC,STD,5.985,21.9,109.3,45º,4,A,46518930,,,,,,,,
,,,,4383-EC,STD,5.975,21.9,109.2,45º,4,A,93190438,,,,,,,,
DV4TD - 1.4 Lts.  -  (2001),Fiesta / Eco Sport,4,D,3844-AC,STD.,5.475,32.8,97.3,45º,4,E,9643767480B,,,,,,,1420 A,
,,,,3845-ECB,STD.,5.47,30.32,97.45,45º,4,A,9643767580B,,,,,,,21420 E,
1.3 Lts. - 1.6 Lts.   CHT - 1982~,Corcel II ,4,G,3036-A,STD.,6.985,32.35,95.6,45º,8,C,84AU6507A,,,,,,,6069 AGNC,
,Corcel II / Berlina / Del Rey,,,3038-A,STD.,6.975,32.35,89.6,45º,8,C,BEOM6507A,,,,,,,,
,Corcel II ,,,3037-EP,STD.,6.965,28.35,96.15,45º,9,C,84AU6505A,,,,,,,26069 EGNC,
"1.4 Lts.   -  16V  Zetec
1997",Fiesta / KA / Courier ,4,G,3064-AC,STD.,5.965,28.1,97.4,45º,4,C,97MM-6507-B2B,97MM-6507B2B,,,,,V-9587,1137 AGNC,Suitable for CNG             --------            Apto GAS
,,,,3065-EN,STD.,5.955,24.1,99.5,45º,4,C,XS6E-6505-B2A,XS6E-6505B2A,,,,,S-7258,21137 EGNC,
1.4 Lts. -  16V,Fiesta,4,G,3090-AC,STD.,5.97,28,97.35,45º,2,C,1012749,,,,,,,1237 AGNC,Suitable for CNG             --------            Apto GAS
,,,,3091-ECB,STD.,5.961,24,99.4,45º,2,C,1012747,,,,,,,21237 E,
1.4 Lts. - 1.6 Lts. -  OHC - 1982~,Corcel / Del Rey,4,G,326-A,STD.,6.973,37.9,89.6,45º,9,C,78MU-6507A,,,,,,,,
,,,,1326-E,STD.,6.95,28.3,89.3,45º,9,C,78MU-6505B,,,,,,,26051 E,
,,,,1326-E,.015,7.331,28.3,89.3,45º,9,C,78MU-6505B,,,,,,,26051 E,
1.6 Lts. - 1970-79,Taunus / Sierra / Escort / Transit FT,4,G,310-AC,STD.,8.034,42,113.15,45º,4,C,70HM-6507AE,,,,,,,1098 AGNC,Suitable for CNG             --------            Apto GAS
,,,,310-AC,.005,8.161,42,113.15,45º,4,C,70HM-6507AE,,,,,,,1098 AGNC,
,,,,310-AC,.010,8.288,42,113.15,45º,4,C,70HM-6507AE,,,,,,,1098 AGNC,
,,,,1310-ECB,STD.,8.008,32,112.55,45º,4,E,84HM-6505AA,,,,,,,21098 EGNC,
,,,,1310-ECB,.005,8.135,32,112.55,45º,4,E,84HM-6505AA,,,,,,,21098 EGNC,
,,,,1310-ECB,.010,8.262,32,112.55,45º,4,E,84HM-6505AA,,,,,,,21098 EGNC,
1.6 Lts. (98)  - 1981-83,Escort LX / Wagon,4,G,313-AC,STD.,8.026,42.04,134.77,45º,4,C,E1EE-6507EA2A,,,,,,S-7206,,Suitable for CNG             --------            Apto GAS
,,,,313-AC,.003,8.102,42.04,134.77,45º,4,C,E1EE-6507EA2A,,,,,,S-7206,,
,,,,313-AC,.015,8.407,42.04,134.77,45º,4,C,E1EE-6507EA2A,,,,,,S-7206,,
,,,,1313-ECP,STD.,8.014,37.03,131.83,45º,4,C,E1EE-6505-AA,,,,,,S-9822,21606-E,
1.6 Lts. -  CHT  -  1983,Escort / Berlina II / Del Rey / Corcel II,4,G,814-AC,STD.,6.979,36.4,97.3,45º,9,C,84AU-6507-B,,,,,,,1187 A,Suitable for CNG             --------            Apto GAS
,,,,1814-ECP,STD.,6.969,28.4,96.17,45º,9,A,84AU-6505A,,,,,,,21187 E,
1.6 Lts. TDCI DIESEL 16V,Ford Focus C-MAX / Fiesta / Fusion,4,D,4008-AC,STD.,5.478,25.6,96.44,45º,4,E,0948C7,3M5Q 6505 AA,,,,,V-7175,1419 A,
,,,,4009-ECB,STD.,5.468,23.4,96.6,45º,4,A,0949C3,3M5Q 6505 AA,,,,,S-7176,21419 E,
1.6 Lts.  CHT,Escort ,4,G,816-AC,STD.,6.979,36.4,96.2,45º,9,C,035109601C,035109601D,035109601F,,,,,,
,,,,1815-EB,STD.,7.937,33.15,98.45,45º,4,E,,,,,,,S-9599,21104-E,
DV6C - 1.6 Lts. HDI 16v,"Fiesta VI / Focus III / Focus C-Max / 
Galaxy II / Mondeo IV",4,D,4372-AC,STD,5.478,30.15,95.6,45º,4,C,968307298A,,,,,,,,
,,,,4373-EC,STD,5.468,27.5,95.5,45º,4,C,968307308A,,,,,,,,
"1.6 Lts. - 16V
Zetec  -  DOHC -  1992",Mondeo / Fiesta / Escort ,4,G,3082-AC,STD.,6.035,26,97.1,45º,2,E,928M6507C1C2A,,,,,,,1138 AGNC,Suitable for CNG             --------            Apto GAS
,,,,3083-ECB,STD.,6.015,24.5,96.7,45º,2,E,948M6505A2A,,,,,,,21138 E,
1.6 Lts. - 16V Zetec-E   -   1997~,Mondeo / Fiesta / Escort,4,G,3084-AC,STD.,6.035,26,97.1,45º,4,E,928M6507E2A,,,,,,,1238 AGNC,Suitable for CNG             --------            Apto GAS
,,,,3085-ECB,STD.,6.015,24.5,96.7,45º,4,E,948M-6505-C2A,,,,,,,,
FYDA - L4 - 1.6lt. 16v,Fiesta Kinetic Design / C-Max /  Fiesta V ,4,G,4344-AN,STD,5.97,30.1,99,45º,4,C,1S4G6507CA, ,,,,,V-7205,,
FYJB/ FYJA/ HWDA/ HWDB/ FYDB/ FYDC,,,,,,,,,,,,,,,,,,,,
FYDD/ FYDG/FYDH/ FYJA/ PNBA/ RHBA,Mondeo / Fusión / Puma / Focus III (Europa) /,,,4345-EN,STD,5.96,24.1,101.5,45º,4,E,1S6G6505BA,,,,,,S-7206,,
,,,,,,,,,,,,,,,,,,,,
1.6 Lts. - 8V  -  Zetec Rocam,Fiesta / Mondeo / Eco Sport,4,G,3092-AC,STD.,5.976,40,109.6,45º,4,C,,,,,,,,1566 A,Suitable for CNG             --------            Apto GAS
,,,,3093-ECB,STD.,5.966,34,109.82,45º,4,C,,,,,,,,,
"1.6 Lts. - 1.8 Lts.  AP inx
1988~",Escort / Galaxi ,4,G,3312-A,STD.,7.958,37.95,90.96,45º,4,E,026109601F, 048109601A, ,,,,V-9598X,1204 AGNC,
,,,,3238-A,STD.,7.963,37.95,91.85,45º,4,A,035 109 601 J,035 109 601 K,,,,,V-9747X,,
,,,,23238-EB,STD.,7.942,33.15,91.2,45º,4,E,,,,,,,S-9748,21605-E,
1.8 Lts. - 1989-1992  - TDI,Escort / Fiesta / Orion / Sierra / Courier,4,D,3040-AC,STD.,7.963,36.55,107.1,45º,4,A,89FF-6507AA,,,,,,,21564 A,
,,,,3040-AC,0.03,8.039,36.55,107.1,45º,4,A,89FF-6507AA,,,,,,,21564 A,
,,,,3040-AC,.005,8.09,36.55,107.1,45º,4,A,89FF-6507AA,,,,,,,21564 A,
,,,,3040-AC,.010,8.217,36.55,107.1,45º,4,A,89FF-6507AA,,,,,,,21564 A,
,,,,3040-AC,.015,8.344,36.55,107.1,45º,4,A,89FF-6507AA,,,,,,,21564 A,
,,,,3041-ECB,STD.,7.953,32.05,109.2,45º,4,A,89FF-6505AA,,,,,,,21564 E,
,,,,3041-ECB,.005,8.08,32.05,109.2,45º,4,A,89FF-6505AA,,,,,,,21564 E,
,,,,3041-ECB,.010,8.207,32.05,109.2,45º,4,A,89FF-6505AA,,,,,,,21564 E,
,,,,3041-ECB,.015,8.334,32.05,109.2,45º,4,A,89FF-6505AA,,,,,,,21564 E,
"1.8 Lts. - 2.0 Lts. SOHC
1972-78",Courier MA / VB / VC / NA - Motor Mazda,4,G,468-A,STD.,8.03,42.03,108.6,45º,2,C,0290-12-111,,,,,,,5304 A,
,,,,1468-ECP,STD.,8.03,33,107,45º,2,A,0305-12-121/A,,,,,,,25304 E,
AP 2000  Carb  1996~      ,Escort Versailles,4,G,3602-A,STD.,7.96,39.95,98.65,45º,4,C,026109601D,,,,,,,1134 AGNC,
AP 1800  Carb - AP 2000  Carb,Escort / Galaxy ,,,1815-EB,STD.,7.937,33.15,98.45,45º,4,E,,,,,,,S-9599,21104-E,
AP 1800  Carb - AP 2000  Carb,,,,815-AC,STD.,7.962,37.95,98.65,45º,4,C,,,,,,,,1104 AGNC,Suitable for CNG             --------            Apto GAS
,,,,1815-EGX,STD.,7.937,33.15,98.45,45º,4,E,035 109 611F,035 109 611H,,,,,,21104 EGNC,
1.8 Lts. - 2.0 Lts.  Zetec - 16V - 1991-92,Fiesta / Orion / Mondeo / Escort / Sierra / Escape,4,G,3066-AC,STD.,6.035,32,97.05,45º,4,C,928M6507F2A,,,,,,,1233 AGNC,Suitable for CNG             --------            Apto GAS
,,,,3067-ECB,STD.,6.015,28,96.7,45º,4,C,,,,,,,S-7034,21233-E,
"1,9 lts. TDI","Galaxy 1,9 lts. TDI",4,D,4082-A,STD.,6.98,35.85,89.85,45º,4,A,038109601B,,,,,,V-7093,1196 A,
,,,,4083-EX,STD.,6.963,31.5,89.65,45º,4,A,038109611B,038109611F,,,,,S-7094,21296 E,
"Ford 1.9 Lts 87 al 86
Motor 116 C.I., (1.9L), SOHC, Nafta, CARB / FI, 8V Vin 9 / 9J","
Ford Escort 1987-1996 EXP 1987-1988
 Mercury Lynx 1987 / Tracer 1991-1996 ",4,G,4212-AC,STD.,8.034,39,136.75,45º,5,C,E7EE6507B2A,E7FZ6507A,E7FZ6507B,,,,,,
,,,,4213-ECB,STD.,8.006,34,133.9,45º,5,C,E7EE6505B2A,E7EE6505B2D,E7FZ6505A,,,,,,
1RFT L4 2.0lt. 16v,Testar,4,D,4416-A,STD,7.968,39.4,106.6,60º,2,E,D27Z6507A,,,,,,,,
,,,,4417-EN,STD,7.967,35,106.6,45º,2,E,D27Z6505A, ,,,,,,,
2.0 Lts. (121)  Zetec  -  16V - 1992-02,Escort / Mondeo / Orion / Contour / Mystique ,4,G,3068-AC,STD.,6.045,31.9,97.05,45º,2,C,928M6507D1A,6640543,,,,,,1133 AGNC,Suitable for CNG             --------            Apto GAS
,,,,3069-ECB,STD.,6.015,28,96.7,45º,2,C,928M6505D2A,6640542,,,,,,21133 EGNC,
"2.0 Lts.   L4   DOHC
16V  1996-00",Mystique / Countour,4,G,3056-A,STD.,6.038,32,97.11,45º,2,C,,,,,,,V-9741X,,
,,,,3057-E,STD.,6.02,27.96,96.73,45º,2,C,,,,,,,S-9742,,
"DW10BTED4 / HDI / DW12TED4 / TDCI 
L4 2.0lt. - 16v","Focus / C-Max II / Galaxy /
 Kuga / Mondeo",4,D,4456-AC,STD,5.97,30,105,45º,4,A,0948A3,,,,,,,,
,,,,4457-ECB,STD,5.97,25,105,45º,4,A,0949A3,,,,,,,,
120  -  2.0 Lts.   1996-00,Ford Focus / Escort ,4,G,3096-AC,STD.,8.034,44.06,133.47,45º,4,C,F6CE6507CB,F6CE6507EA,F7CZ6507CB,,,,V-9903,,Suitable for CNG             --------            Apto GAS
  122 C.I.  - 2.0 Lts.  SOHC  - 8V. - 1997/01 ,,,,3651-EC,STD.,8.011,37,130.05,45º,4,C,F6CE6505BA,YS4Z6505AA,,,,,S-9904,,
122  -  2.0 Lts. - 1970-85,Taunus / Sierra / Scorpio / Escort / Transit / Ranger,4,G,3015-AC,STD.,8.035,42,111.1,45º,4,C,70HM-6507-D3C,,,,,,,,
,,,,23015-ECP,STD.,8.01,36,110.55,45º,4,C,70HM-6505-DF,,,,,,,,
"2.0 Lts. - 2.2 Lts.
R2 /  RF     1983~",Econovan - Motor Mazda,4,D,3298-AN,STD.,7.983,41.1,107.9,45º,2,A,  E43Z6507D, ,,,,,,1145 A,
,,,,3299-EN,STD.,7.978,36,107.65,45º,2,A,  E43Z6505E,,,,,,,21145 E,
140   -   2.3 Lts.   -   2.0 Lts.   -    1974-97,Taunus / Mustang / Thunderbird / Maverick / Courier / Ranger / Aerostar SOHC,4,G,291-AC,STD.,8.685,44.1,121.6,45º,5,C,D4ZE6507AD,DAFZ6507A,D6EE6507AA,,,,V-9587,1074 AGNC,Suitable for CNG             --------            Apto GAS
,,,,291-AC,.003,8.761,44.1,121.6,45º,5,C,D4ZE6507AD,DAFZ6507A,D6EE6507AA,,,,V-9587,1074 AGNC,
,,,,291-AC,.005,8.812,44.1,121.6,45º,5,C,D4ZE6507AD,DAFZ6507A,D6EE6507AA,,,,V-9587,1074 AGNC,
,,,,291-AC,.010,8.939,44.1,121.6,45º,5,C,D4ZE6507AD,DAFZ6507A,D6EE6507AA,,,,V-9587,1074 AGNC,
,,,,291-AC,.015,9.066,44.1,121.6,45º,5,C,D4ZE6507AD,DAFZ6507A,D6EE6507AA,,,,V-9587,1074 AGNC,
,,,,1291-ECP,STD.,8.672,38.1,122.1,45º,5,C,D42E6505AD,D43Z6505A,D4TE6505AD,,,,S-9588,21078 EGNC,
,,,,1291-ECP,.003,8.748,38.1,122.1,45º,5,C,D42E6505AD,D43Z6505A,D4TE6505AD,,,,S-9588,21078 EGNC,
,,,,1291-ECP,.005,8.799,38.1,122.1,45º,5,C,D42E6505AD,D43Z6505A,D4TE6505AD,,,,S-9588,21078 EGNC,
,,,,1291-ECP,.010,8.926,38.1,122.1,45º,5,C,D42E6505AD,D43Z6505A,D4TE6505AD,,,,S-9588,21078 EGNC,
,,,,1291-ECP,.015,9.053,38.1,122.1,45º,5,C,D42E6505AD,D43Z6505A,D4TE6505AD,,,,S-9588,21078 EGNC,
140 / 153  -  1985-98,Aerostar / Ranger - 2.3 / 2.5 SOHC,4 / 6,G,3070-AC,STD.,6.985,44.07,121.6,45º,4,C,F57Z6507A,F57Z6507BB,,,,,V-7137,1274 A,Suitable for CNG             --------            Apto GAS
,,,,3071-ECP,STD.,6.959,38.1,122.1,45º,4,C,F57Z6505BB,F57Z6505A,,,,,,21274 E,
"Zetec - 16V. 1,6-1,8-2,0 Lts. - (2001)",Mondeo / Focus / Escort,4,G,3814-AC,STD.,6.036,33,98.1,45º,4,C,XS7E-6507-N2A,,,,,,,1333 A,
,,,,3815-ECB,STD.,6.018,28,97.65,45º,4,C,XS7E-6505-N2A,,,,,,,,
2.5 Lts.  -  1928-32,A-AA / B-BB,4,G,183-AE,STD.,7.9,39.3,145.5,45º,12,A,,,,,,,,1019 AE,
D4FA - 2.4lt. - L4 - 16v,Transit FT 300M / Van / Flatbed,4,D,4340-AN,STD,6.935,31.3,122.3,30º,4,C,1096250,,,,,,,,
,,,,4341-EN,STD,6.925,27.8,122.3,45º,4,C,1096248,,,,,,,,
2.5 Lts,Ford Kuga,5,G,4386-A,STD,5.97,31,104.3,45º,4,A,1397641,,,,,,V-7285,,
,,,,4387-E,STD,5.96,27,103,45º,4,A,1366490,,,,,,S-7286,,
2.5 Lts. - 1984~,Transit - Aspirado 2.5,4,D,3058-A,STD.,8.953,42.05,124.4,30º,4,A,894F6507A1B,,,,,,,1131 A,
,,,,3059-E,STD.,8.935,36.4,123.86,45º,4,A,894F6505A1B,,,,,,,21131 E,
2.5 Lts.  -  Maxion Gemini HS / HST,Ranger,4,D,3344-AC,STD.,7.967,38.9,116.38,30º,4,C,,,,,,,,,
,,,,23345-ECB,STD.,7.95,36.5,116.53,45º,4,C,70910054,,,,,,,22101 E,
Motor International NGD - 3.0 Lts. - e,Ranger ,4,D,3858-ACB,STD.,5.94,32,114.19,45º,4,C,70910066,,,,,,,2310 A,
,,,,3859-EBN,STD.,5.93,29,114.2,45º,4,C,,,,,,,,,
"L4, (2.0 LTS.), 16 VALVE, ECOBOOST",Edge / Escape / Fusion / MKZ,4,G,4714-AN,STD.,5.465,29.9,104.6,45º,2,C,,,,,,,,,
,,,,4715-EN,STD.,5.465,28,104.6,45º,2,E,,,,,,,S-7316,,
182 C.I. - DOHC - Duratec - 3.0 Lts. - 24V. - Año 1996 AL 2005,"Five Hunderd / Freestyle / Taurus / Escape
Lincoln (LS)
Mercury (Montego / Sable)",6,G,3990-AC,STD.,5.984,35,114.55,45º,4,C,F5DE6507AC , 7L8Z6507A, AL8Z6507A,F6DZ6507A,AJ0312111,,V-7069,,
,,,,3991-ECB,STD.,5.959,30,115.47,45º,4,C,F5DE6505AC ,F6DZ6505A,AL8Z6505A,,,,S-7070,,
"182 C.I. - 3.0 Lts. - OHV, FLEX, - 12V. Vin U - V - Vulcan - Año 2000-2007","Ranger / Taurus / Windstar
MERCURY (Sable)",6,G,3992-AC,STD.,6.985,42.2,117.7,45º,4,C,YF1Z6507BA,,,,,,,,
,,,,3993-ECB,STD.,6.96,34.8,117.22,45º,4,C,YF1Z6505BA,,,,,,S-7022,,
144  -  1960-64,Ford 144,6,G,3034-A,STD.,7.874,37.3,108.2,45º,8,A,CODE-6507A,,,,,,,,
,,,,1190-E,STD.,7.86,32.2,108.25,45º,6,A,C0DE-6505A,,,,,,S-2306,21022 E,
153  -  2.5 Lts. -  V6 - 1995-00 - 24V,Contour / Mystique / Mondeo,6,G,3086-A,STD.,5.984,32,114.8,45º,4,C,,,,,,,,,Suitable for CNG             --------            Apto GAS
,,,,3087-ECB,STD.,5.96,26,115.5,45º,4,C,F5RZ-6505-D,,,,,,S-9744,,
170 / 200  -  1960-69,Falcon / Fairlane / Fairmont / Granada 4B,6,G,189-A,STD.,7.88,39,108.5,45º,6,A,C1DE-6507A,,,,,,V-2342,1022 A,
,,,,189-A,.003,7.956,39,108.5,45º,6,A,C1DE-6507A,,,,,,V-2342,1022 A,
,,,,189-A,.005,8.007,39,108.5,45º,6,A,C1DE-6507A,,,,,,V-2342,1022 A,
,,,,1190-E,STD.,7.86,32.2,108.25,45º,6,A,C0DE-6505A,,,,,,S-2306,21022 E,
,,,,1190-E,.015,8.241,32.2,108.25,45º,6,A,C0DE-6505A,,,,,,S-2306,21022 E,
"170 / 187 / 200 / 250
1965-76",Fairmont / Falcon / Granada / Maverick,6,G,191-A,STD.,7.88,41.91,108.2,45º,6,E,D5DZ6507A,D2DZ6507E,,,,,V-9667,1045 A,
,,,,191-A,.003,7.956,41.91,108.2,45º,6,E,D5DZ6507A,D2DZ6507E,,,,,V-9667,1045 A,
,,,,191-A,.005,8.007,41.91,108.2,45º,6,E,D5DZ6507A,D2DZ6507E,,,,,V-9667,1045 A,
,,,,191-A,.015,8.261,41.91,108.2,45º,6,E,D5DZ6507A,D2DZ6507E,,,,,V-9667,1045 A,
,,,,1192-E,STD.,7.86,35.3,108.2,45º,6,A,C9DZ-6505A,,,,,,S-9665,21045-E,
,,,,1192-E,.003,7.936,35.3,108.2,45º,6,A,C9DZ-6505A,,,,,,S-9665,21045-E,
,,,,1192-E,.005,7.987,35.3,108.2,45º,6,A,C9DZ-6505A,,,,,,S-9665,21045-E,
,,,,1192-E,.010,8.114,35.3,108.2,45º,6,A,C9DZ-6505A,,,,,,S-9665,21045-E,
,,,,1192-E,.015,8.241,35.3,108.2,45º,6,A,C9DZ-6505A,,,,,,S-9665,21045-E,
,,,,1192-E,.020,8.368,35.3,108.2,45º,6,A,C9DZ-6505A,,,,,,S-9665,21045-E,
,,,,1192-E,.030,8.622,35.3,108.2,45º,6,A,C9DZ-6505A,,,,,,S-9665,21045-E,
171  -  2.8 Lts. -  V6 - 1974-86,Capri / Mustang II / Ranger - Motor Alemán,6,G,368-AC,STD.,8.03,39.8,105.6,45º,6,C,D2RY6507A,11448522,E3TZ6507F,,,,,,Suitable for CNG             --------            Apto GAS
,,,,368-AC,.003,8.106,39.8,105.6,45º,6,C,D2RY6507A,11448522,E3TZ6507F,,,,,,
,,,,368-AC,.015,8.411,39.8,105.6,45º,6,C,D2RY6507A,11448522,E3TZ6507F,,,,,,
,,,,1368-ECP,STD.,8.004,32.2,105.6,45º,4,C,D2RY6505A,74TM6505A2A,11448894,,,,S-7138,,
,,,,1368-ECP,.003,8.08,32.2,105.6,45º,4,C,D2RY6505A,74TM6505A2A,11448894,,,,S-7138,,
,,,,1368-ECP,.015,8.385,32.2,105.6,45º,4,C,D2RY6505A,74TM6505A2A,11448894,,,,S-7138,,
171  -   2.8 Lts.  -  V6,Sierra - Motor Aleman,6,G,3076-A,STD.,8.025,42,105.6,45º,6,C,78TM-6507-AA,,,,,,,,
,,,,3076-A,.003,8.101,42,105.6,45º,6,C,78TM-6507-AA,,,,,,,,
,,,,3076-A,.015,8.406,42,105.6,45º,6,C,78TM-6507-AA,,,,,,,,
,,,,3077-E,STD.,8,36,105.6,45º,4,C,78TM-6505-AA,,,,,,,,
,,,,3077-E,.003,8.076,36,105.6,45º,4,C,78TM-6505-AA,,,,,,,,
,,,,3077-E,.015,8.381,36,105.6,45º,4,C,78TM-6505-AA,,,,,,,,
"2.8 Lts. - 2.9 Lts.
V6  - 1987-89",Sierra / Scorpio - Motor Americano,6,G,3028-AC,STD.,8.033,42,104.9,45º,6,C,86TM6507FA,E6TZ6507D,,,,,,,Suitable for CNG             --------            Apto GAS
,,,,3028-AC,.003,8.109,42,104.9,45º,6,C,86TM6507FA,E6TZ6507D,,,,,,,
,,,,3028-AC,.015,8.414,42,104.9,45º,6,C,86TM6507FA,E6TZ6507D,,,,,,,
,,,,23028-ECP,STD.,8.009,36,105,45º,4,C,E7RY6505A,86TM6505AP,E6TZ6505A,,,,,,
,,,,23028-ECP,.003,8.085,36,105,45º,4,C,E7RY6505A,86TM6505AP,E6TZ6505A,,,,,,
,,,,23028-ECP,.015,8.39,36,105,45º,4,C,E7RY6505A,86TM6505AP,E6TZ6505A,,,,,,
172 / 192   -   1955-78,Ford Industrial - E-134 / B-172,4,G,194-A,STD.,8.685,41.8,129,45º,6,E,B4A6507A,EBU6507A,C0AE6507A1,,,,,2007 AGNC,
,,,,194-A,.005,8.812,41.8,129,45º,6,E,B4A6507A,EBU6507A,C0AE6507A1,,,,,2007 AGNC,
,,,,194-A,.010,8.939,41.8,129,45º,6,E,B4A6507A,EBU6507A,C0AE6507A1,,,,,2007 AGNC,
,,,,194-A,.015,9.006,41.8,129,45º,6,E,B4A6507A,EBU6507A,C0AE6507A1,,,,,2007 AGNC,
,,,,194-A,.030,9.447,41.8,129,45º,6,E,B4A6507A,EBU6507A,C0AE6507A1,,,,,2007 AGNC,
,,,,3683-EB,STD.,8.661,38.35,126.5,45º,6,E,EAF6505D,,,,,,,,
183  -  3.0 Lts. - V6   -  1986-00,Aerostar / Ranger 4WD / Windstar,6,G,3020-AC,STD.,7.938,42.16,117.24,45º,4,C,E6DZ6507A,F4DZ6507A,,,,,V-9819,,
,,,,3020-AC,.003,8.014,42.16,117.24,45º,4,C,E6DZ6507A,F4DZ6507A,,,,,V-9819,,Suitable for CNG             --------            Apto GAS
,,,,3020-AC,.005,8.065,42.16,117.24,45º,4,C,E6DZ6507A,F4DZ6507A,,,,,V-9819,,
,,,,3020-AC,.015,8.319,42.16,117.24,45º,4,C,E6DZ6507A,F4DZ6507A,,,,,V-9819,,
,,,,23020-ECP,STD.,7.94,34.8,117.2,45º,4,C,E6DZ6505A,E6AE6505A2C,,,,,S-9820,,
,,,,23020-ECP,.003,8.016,34.8,117.2,45º,4,C,E6DZ6505A,E6AE6505A2C,,,,,S-9820,,
,,,,23020-ECP,.005,8.067,34.8,117.2,45º,4,C,E6DZ6505A,E6AE6505A2C,,,,,S-9820,,
,,,,23020-ECP,.015,8.321,34.8,117.2,45º,4,C,E6DZ6505A,E6AE6505A2C,,,,,S-9820,,
188 / 221  -  1970-78,Falcon Futura / Sprint - 7 Bancadas,6,G,193-A,STD.,7.883,41.9,108.2,30º,6,E,,,,,,,,1064-A,Suitable for CNG             --------            Apto GAS
,,,,193-A,.003,7.959,41.9,108.2,30º,6,E,,,,,,,,1064-A,
,,,,193-A,.005,8.01,41.9,108.2,30º,6,E,,,,,,,,1064-A,
,,,,193-A,.010,8.137,41.9,108.2,30º,6,E,,,,,,,,1064-A,
,,,,193-A,.015,8.264,41.9,108.2,30º,6,E,,,,,,,,1064-A,
,,,,193-A,.020,8.391,41.9,108.2,30º,6,E,,,,,,,,1064-A,
,,,,193-A,.030,8.645,41.9,108.2,30º,6,E,,,,,,,,1064-A,
,,,,1192-E,STD.,7.86,35.3,108.2,45º,6,A,C9DZ-6505A,,,,,,S-9665,21045-E,
,,,,1192-E,.003,7.936,35.3,108.2,45º,6,A,C9DZ-6505A,,,,,,S-9665,21045-E,
,,,,1192-E,.005,7.987,35.3,108.2,45º,6,A,C9DZ-6505A,,,,,,S-9665,21045-E,
,,,,1192-E,.010,8.114,35.3,108.2,45º,6,A,C9DZ-6505A,,,,,,S-9665,21045-E,
,,,,1192-E,.015,8.241,35.3,108.2,45º,6,A,C9DZ-6505A,,,,,,S-9665,21045-E,
,,,,1192-E,.020,8.368,35.3,108.2,45º,6,A,C9DZ-6505A,,,,,,S-9665,21045-E,
,,,,1192-E,.030,8.622,35.3,108.2,45º,6,A,C9DZ-6505A,,,,,,S-9665,21045-E,
"3.2 Lts. - 3.9 Lts. 
4.0 Lts. INY.  -  1988~",Falcon Fairlane /EA / EB,6,G,3050-AC,STD.,8.666,47,131.15,45º,5,C,EA-6507C,,,,,,,,Suitable for CNG             --------            Apto GAS
,,,,3051-ECB,STD.,8.67,38.9,130.1,45º,5,C,EA-6505C,,,,,,,,
,,,,3055-E,STD.,8.665,41,130.05,45º,5,C,AK-3007 O/H,,,,,,,,
200 / 250  -  1977-83,Fairmont / Granada,6,G,3008-AC,STD.,7.879,44.53,108.23,45º,6,C,D7BZ-6507A,,,,,,V-9666,1604-A,
,,,,3008-AC,.015,8.26,44.53,108.23,45º,6,C,D7BZ-6507A,,,,,,V-9666,1604-A,
,,,,1192-E,STD.,7.86,35.3,108.2,45º,6,A,C9DZ-6505A,,,,,,S-9665,21045-E,
,,,,1192-E,.003,7.936,35.3,108.2,45º,6,A,C9DZ-6505A,,,,,,S-9665,21045-E,
,,,,1192-E,.005,7.987,35.3,108.2,45º,6,A,C9DZ-6505A,,,,,,S-9665,21045-E,
,,,,1192-E,.010,8.114,35.3,108.2,45º,6,A,C9DZ-6505A,,,,,,S-9665,21045-E,
,,,,1192-E,.015,8.241,35.3,108.2,45º,6,A,C9DZ-6505A,,,,,,S-9665,21045-E,
,,,,1192-E,.020,8.368,35.3,108.2,45º,6,A,C9DZ-6505A,,,,,,S-9665,21045-E,
,,,,1192-E,.030,8.622,35.3,108.2,45º,6,A,C9DZ-6505A,,,,,,S-9665,21045-E,
"200 / 250 /  3.3 / 4.1 Lts.
1969-80",Maverick ,6,G,3008-AC,STD.,7.879,44.53,108.23,45º,6,C,D7BZ-6507A,,,,,,V-9666,1604-A,
,,,,3008-AC,.015,8.26,44.53,108.23,45º,6,C,D7BZ-6507A,,,,,,V-9666,1604-A,
,,,,23008-EC,STD.,7.86,35.35,108.46,45º,6,A,E1AZ-6505A,,,,,,,,
,,,,23008-EC,.003,7.936,35.35,108.46,45º,6,A,E1AZ-6505A,,,,,,,,
,,,,23008-EC,.015,8.241,35.35,108.46,45º,6,A,E1AZ-6505A,,,,,,,,
245 - C.I - 4.0 Lts. - SOHC - Flex- 12V. - Año 1997 al 2007,Explorer- Explorer Sport Trac - Mustang - Ranger - Mercury,6,G,3978-AC,STD.,6.972,46,114.85,45º,4,C,2L2E6507AA,2LZE6507AA,F87E6507BA,F87E6507AA,,,V-7143,,
,,,,3978-AC,.015,6.972,46,114.85,45º,4,C,2L2E6507AA,2LZE6507AA,F87E6507BA,F87E6507AA,,,V-7143,,
,,,,3979-ECB,STD.,6.957,39,114.9,45º,4,C,2L2Z6505AA,2L2Z6505BA,F87E6505BA,F87E6505AA,,,S-7144,,
,,,,3979-ECB,.015,6.957,39,114.9,45º,4,C,2L2Z6505AA,2L2Z6505BA,F87E6505BA,F87E6505AA,,,S-7144,,
3.3 Lts. - 4.0 Lts. - 1976-82,Falcon / Fairlane / F100 / F500,6,G,3018-A,STD.,8.67,44,135,45º,5,C,XC-6507A,,,,,,,,
,,,,23018-EB,STD.,8.66,38.2,126.5,45º,5,E,,,,,,,,,
"V6 213 C.I., (3.5L), DOHC, GAS, FI, 24 Valve, Vin 8, C DURATEC /  T, W DURATEC",EDGE /EXPLORER / F150 / FLEX / MUSTANG / POLICE INTERCEPTOR SEDAN / POLICE INTERCEPTOR UTILITY / TAURUS / MKS / MKT / MKX / MKZ / CX-9 ,6,G,4582-AN,STD,5.486,37,97.55,45º,2,C,7T4Z6507B,CA0112111,ZZJ112111,,,,V-7123,,
,,6,G,4583-EN,STD,5.474,31,95.4,45º,2,C,AT4Z6505A,7T4Z6505A,ZZJ112121,,,,S-7124,,
,,6,G,4583-ECX,STD,5.474,31,95.4,45º,2,C,,,,,,,,,
221  -  3.6 Lts.,Maxima Economía / Falcon,6,G,367-AC,STD.,7.883,41.91,108.18,45º,6,C,88DR-6507-A,,,,,,,1087 AGNC,Suitable for CNG             --------            Apto GAS
,,,,367-AC,.005,8.01,41.91,108.18,45º,6,C,88DR-6507-A,,,,,,,1087 AGNC,
,,,,367-AC,.010,8.137,41.91,108.18,45º,6,C,88DR-6507-A,,,,,,,1087 AGNC,
,,,,367-AC,.015,8.264,41.91,108.18,45º,6,C,88DR-6507-A,,,,,,,1087 AGNC,
,,,,367-AC,.030,8.645,41.91,108.18,45º,6,C,88DR-6507-A,,,,,,,1087 AGNC,
,,,,1367-EC,STD.,7.861,37.3,108.2,45º,6,C,88DR-6505-A,,,,,,,21087-E,
,,,,1367-EC,.005,7.988,37.3,108.2,45º,6,C,88DR-6505-A,,,,,,,21087-E,
,,,,1367-EC,.010,8.115,37.3,108.2,45º,6,C,88DR-6505-A,,,,,,,21087-E,
,,,,1367-EC,.015,8.242,37.3,108.2,45º,6,C,88DR-6505-A,,,,,,,21087-E,
,,,,1367-EC,.030,8.623,37.3,108.2,45º,6,C,88DR-6505-A,,,,,,,21087-E,
"223 / 272 / 292
312   -  1956-64",F100 / F350 / F500 / F600,6 / 8,G,197-A,STD.,8.687,45.21,129.74,45º,6,C,C0AE6507J,EBP6507E,,,,,V-2056,2008 AGNC,
,,,,197-A,.005,8.814,45.21,129.74,45º,6,C,C0AE6507J,EBP6507E,,,,,V-2056,2008 AGNC,
,,,,197-A,.010,8.941,45.21,129.74,45º,6,C,C0AE6507J,EBP6507E,,,,,V-2056,2008 AGNC,
,,,,197-A,.015,9.068,45.21,129.74,45º,6,C,C0AE6507J,EBP6507E,,,,,V-2056,2008 AGNC,
,,,,197-A,.030,9.449,45.21,129.74,45º,6,C,C0AE6507J,EBP6507E,,,,,V-2056,2008 AGNC,
,,,,1195-E,STD.,8.64,38.35,129.28,45º,6,A,C2AE6505E,C3AZ6505A,EBP3505A,,,,S-2054,22006-E,
,,,,1195-E,.003,8.716,38.35,129.28,45º,6,A,C2AE6505E,C3AZ6505A,EBP3505A,,,,S-2054,22006-E,
,,,,1195-E,.005,8.767,38.35,129.28,45º,6,A,C2AE6505E,C3AZ6505A,EBP3505A,,,,S-2054,22006-E,
,,,,1195-E,.010,8.894,38.35,129.28,45º,6,A,C2AE6505E,C3AZ6505A,EBP3505A,,,,S-2054,22006-E,
,,,,1195-E,.015,9.021,38.35,129.28,45º,6,A,C2AE6505E,C3AZ6505A,EBP3505A,,,,S-2054,22006-E,
,,,,1195-E,.030,9.402,38.35,129.28,45º,6,A,C2AE6505E,C3AZ6505A,EBP3505A,,,,S-2054,22006-E,
232 - 3.8 Lts. - V6 - 1982-95,Taunus / Mustang / F100 / Windstar,6,G,3014-AC,STD.,8.684,45.26,122.9,45º,5,C,E2DZ6507A,E4AE6507A2B,E2AE6507E2D,E2AE6507D2D,,,V-9601,,
,,,,3014-AC,.003,8.76,45.26,122.9,45º,5,C,E2DZ6507A,E4AE6507A2B,E2AE6507E2D,E2AE6507D2D,,,V-9601,,
,,,,3014-AC,.015,9.065,45.26,122.9,45º,5,C,E2DZ6507A,E4AE6507A2B,E2AE6507E2D,E2AE6507D2D,,,V-9601,,
,,,,23014-EC,STD.,8.67,37.1,123.1,45º,5,C,E2DZ6505A,E9SE6505B2B,E9SZ6505A,E2AE6505DD,,,S-9582,,
,,,,23014-EC,.003,8.746,37.1,123.1,45º,5,C,E2DZ6505A,E9SE6505B2B,E9SZ6505A,E2AE6505DD,,,S-9582,,
,,,,23014-EC,.015,9.051,37.1,123.1,45º,5,C,E2DZ6505A,E9SE6505B2B,E9SZ6505A,E2AE6505DD,,,S-9582,,
232 - 3.8 Lts. - V6 - 1996-98,Taunus / Mustang / Thunderbird,6,G,3072-AC,STD.,6.985,45.2,122.85,45º,4,C,,,,,,,,,
232 / 255  - 4.2 Lts.- V6 -1996-00,Mustang / Thunderbird - Dual Port - 3.8 / 4.2 Lts.,,,3074-AC,STD.,6.985,47.3,122.85,45º,4,C,F65E6507AA,F65Z6507AA,,,,,S-7166,,
232 / 255 - V6 - 1999~,Mustang / Thunderbird - Dual Port - 3.8 / 4.2 Lts.,,,3073-ECB,STD.,6.959,37.1,123,45º,4,C,F65E6505AA,F6ZZ6505A,,,,,S-9906,,
"V8, 302 CI, (5.0L), DOHC, GAS, FI, 32 válvulas, Vin F, 99F, ""Coyote""",MUSTANG 2015-2017,8,G,4584-AC,STD,5.98,37,119.85,45º,4,C,FR3Z6507A,13489 SBI,,,,,,,
,,,,4811-EC,STD,5.965,31.85,108.6,5º0,4,C,FR3Z6505A,13449 SBI,,,,,,,
"239 / 292 / 312 - 4.5 / 4.8 / 5.1 Lts.
V8 - 1954-62",Ford F100 / F600  ,8,G,194-A,STD.,8.685,41.8,129,45º,6,E,B4A6507A,EBU6507A,C0AE6507A1,,,,,2007 AGNC,
,,,,194-A,.005,8.812,41.8,129,45º,6,E,B4A6507A,EBU6507A,C0AE6507A1,,,,,2007 AGNC,
,,,,194-A,.010,8.939,41.8,129,45º,6,E,B4A6507A,EBU6507A,C0AE6507A1,,,,,2007 AGNC,
,,,,194-A,.015,9.066,41.8,129,45º,6,E,B4A6507A,EBU6507A,C0AE6507A1,,,,,2007 AGNC,
,,,,194-A,.030,9.447,41.8,129,45º,6,E,B4A6507A,EBU6507A,C0AE6507A1,,,,,2007 AGNC,
,,,,1195-E,STD.,8.64,38.35,129.28,45º,6,A,C2AE6505E,C3AZ6505A,EBP3505A,,,,S-2054,22006-E,
,,,,1195-E,.003,8.716,38.35,129.28,45º,6,A,C2AE6505E,C3AZ6505A,EBP3505A,,,,S-2054,22006-E,
,,,,1195-E,.005,8.767,38.35,129.28,45º,6,A,C2AE6505E,C3AZ6505A,EBP3505A,,,,S-2054,22006-E,
,,,,1195-E,.010,8.894,38.35,129.28,45º,6,A,C2AE6505E,C3AZ6505A,EBP3505A,,,,S-2054,22006-E,
,,,,1195-E,.015,9.021,38.35,129.28,45º,6,A,C2AE6505E,C3AZ6505A,EBP3505A,,,,S-2054,22006-E,
,,,,1195-E,.030,9.402,38.35,129.28,45º,6,A,C2AE6505E,C3AZ6505A,EBP3505A,,,,S-2054,22006-E,
240 / 289 / 302  - 3.9 / 4.7 / 5.0 Lts. - V8  - 1963-67,Maverick / Galaxie / Mustang,8,G,322-A,STD.,8.687,45.2,123.5,45º,6,C,C4AZ-6507A,,,,,,S-9539,1024-A,
,,,,322-A,.003,8.763,45.2,123.5,45º,6,C,C4AZ-6507A,,,,,,S-9539,1024-A,
,,,,322-A,.015,9.068,45.2,123.5,45º,6,C,C4AZ-6507A,,,,,,S-9539,1024-A,
,,,,1321-E,STD.,8.66,36.8,123.5,45º,6,C,C3AZ-6505J,,,,,,S-9504,21024-E,
,,,,1321-E,.003,8.736,36.8,123.5,45º,6,C,C3AZ-6505J,,,,,,S-9504,21024-E,
,,,,1321-E,.015,9.041,36.8,123.5,45º,6,C,C3AZ-6505J,,,,,,S-9504,21024-E,
240 - 1965-72  - 300 - 1980-84,Econoline / Club Wagon / F150 / F250,6,G,315-A,STD.,8.685,45.23,122.4,45º,6,C,C5TZ6507A,C8TE6507A,F1JE6507AA,,,,V-9660,,
,,,,315-A,.015,9.066,45.23,122.4,45º,6,C,C5TZ6507A,C8TE6507A,F1JE6507AA,,,,V-9660,,
,,,,315-A,.030,9.447,45.23,122.4,45º,6,C,C5TZ6507A,C8TE6507A,F1JE6507AA,,,,V-9660,,
,,,,1315-EP,STD.,8.69,39.7,122.35,45º,6,C,C5AE6505A,C5AE6505E,D7TE6505EA,,,,S-9661,,
"240  - 1965-74
300  - 1965-86
400  - 1965-96","E100 / E300 / Galaxie 500 / Van
E150 / E250 / F100 / F150 / F250
C5PG / 300GF - Light Duty",6,G,3010-A,STD.,8.687,45.1,122,45º,6,C,C5AZ6507A,,,,,,S-7022,1106 A,
,,,,3010-A,.003,8.763,45.1,122,45º,6,C,C5AZ6507A,,,,,,S-7022,1106 A,
,,,,3010-A,.015,9.068,45.1,122,45º,6,C,C5AZ6507A,,,,,,S-7022,1106 A,
,,,,23010-ECP,STD.,8.682,39.6,122.3,45º,6,C,D7TE6505EA,D7TE6505AA,,,,,,,
,,,,23010-ECP,.003,8.758,39.6,122.3,45º,6,C,D7TE6505EA,D7TE6505AA,,,,,,,
,,,,23010-ECP,.015,9.063,39.6,122.3,45º,6,C,D7TE6505EA,D7TE6505AA,,,,,,,
,,,,23010-ECP,.030,9.444,39.6,122.3,45º,6,C,D7TE6505EA,D7TE6505AA,,,,,,,
244  -   4.0 Lts. - V6  - 1990-97,Ranger / Explorer,6,G,3042-AC,STD.,8.034,43.45,103.95,45º,6,C,90TM6507AB,F0TZ6507A,,,,,V-9819,1568 A,
,,,,3042-A,.003,8.11,43.45,103.95,45º,6,C,FOTZ-6507-A,,,,,,V-9733,,
,,,,3042-AC,.015,8.415,43.45,103.95,45º,6,C,90TM6507AB,F0TZ6507A,,,,,V-9819,1568 A,
,,,,3043-ECP,STD.,8.008,34.55,104.1,45º,4,C,FOTZ6505A,90TM6505AB,,,,,S-9734,21568 E,
,,,,3043-ECP,.015,8.389,34.55,104.1,45º,4,C,FOTZ6505A,90TM6505AB,,,,,S-9734,21568 E,
255  -  4.2 Lts. - V8  - 1980-82,Crown Victoria / Fairmont / F100 / F150,6,G,320-AC,STD.,8.684,42.7,128.7,45º,6,C,E0SZ-6507A,,,,,,,,
,,,,320-AC,.015,9.065,42.7,128.7,45º,6,C,E0SZ-6507A,,,,,,,,
,,,,1320-EC,STD.,8.673,37.15,127.22,45º,28,A,D7DZ6505A,D5AE6505JA,D5AE6505AA,,,,S-3011,,
272 / 292 / 312 - V8 - 1956-59,Pick Up,8,G,328-A,STD.,8.69,49,129.82,45º,6,E,B7A6507A,ECR6507F,EDB6507A,,,,,6064 A,
,,,,1195-E,STD.,8.64,38.4,129.3,45º,6,A,C2AE6505E,C3AZ6505A,EBP3505A,,,,S-2054,22006-E,
,,,,1195-E,.003,8.716,38.4,129.3,45º,6,A,C2AE6505E,C3AZ6505A,EBP3505A,,,,S-2054,22006-E,
,,,,1195-E,.005,8.767,38.4,129.3,45º,6,A,C2AE6505E,C3AZ6505A,EBP3505A,,,,S-2054,22006-E,
,,,,1195-E,.010,8.894,38.4,129.3,45º,6,A,C2AE6505E,C3AZ6505A,EBP3505A,,,,S-2054,22006-E,
,,,,1195-E,.015,9.021,38.4,129.3,45º,6,A,C2AE6505E,C3AZ6505A,EBP3505A,,,,S-2054,22006-E,
,,,,1195-E,.030,9.402,38.4,129.3,45º,6,A,C2AE6505E,C3AZ6505A,EBP3505A,,,,S-2054,22006-E,
"281  -  4.6 Lts. -  V8
16V - 1992-00",Crown Victoria / Grand Marquis / Mustang - Modular SOHC,8,G,3046-AC,STD.,6.975,44.5,117.4,45º,4,C,F1AZ-6507-A,,,,,,V-9823,,
,,,,3046-AC,.003,7.051,44.5,117.4,45º,4,C,F1AZ-6507-A,,,,,,V-9823,,
,,,,3046-AC,.005,7.102,44.5,117.4,45º,4,C,F1AZ-6507-A,,,,,,V-9823,,
,,,,3046-AC,.015,7.356,44.5,117.4,45º,4,C,F1AZ-6507-A,,,,,,V-9823,,
,,,,3047-ECB,STD.,6.953,34,117.4,45º,4,C,FIAE-6505-CC,,,,,,S-9824,,
,,,,3047-ECB,.003,7.029,34,117.4,45º,4,C,FIAE-6505-CC,,,,,,S-9824,,
,,,,3047-ECB,.005,7.08,34,117.4,45º,4,C,FIAE-6505-CC,,,,,,S-9824,,
,,,,3047-ECB,.015,7.334,34,117.4,45º,4,C,FIAE-6505-CC,,,,,,S-9824,,
"281  -  4.6 Lts.-  V8
16V - 1992-00",Crown Victoria / Grand Marquis / Mustang - Modular SOHC - GNC,8,G,3088-AX,STD.,6.985,44.5,117.4,45º,4,A,F6AZ-6507-AB,,,,,,,,Suitable for CNG             --------            Apto GAS
,,,,3089-EX,STD.,6.96,34.05,117.45,45º,4,A,F6AZ-6505-AB,,,,,,,,
"281  -  4.6 Lts. -  V8
32V - 1996-00",Mustang / Cobra - Modular DOHC,8,G,3080-AC,STD.,6.985,37,135.56,45º,4,C,F2LE6507AE,F3LY6507A,,,,,,,
,,,,3081-ECB,STD.,6.96,30,116.3,45º,4,A,F2LE6505AF,F3LY6505A,,,,,S-9908,,
281  -  4.6 Lts. 334  5.4 Lts.,Modular Triton,8,G,3538-AC,STD.,6.985,44.5,120.65,45º,4,C,XL3Z6507AA,,,,,,V-9847,,
V8  - 1997,,,,3539-ECB,STD.,6.96,35.99,118.85,45º,4,C,6W7Z6505BA,XL3Z6505AA,,,,,V-9903,,
363 C.I. - 6.0Lts. - OHV - FI - 32V. - Año 2003 - 2007,E-350 / E-450 / F-550 / F-250 / Super Duty / Club Wagon / Excursion ,8,D,3988-AC,STD.,6.955,34,128.5,30º,2,A,3C3Z6507AA,,,,,,,,
,,,,3989-EC,STD.,6.955,28,128.5,37º,2,A,3C3Z6505AA,,,,,,,,
"289 / 302  -  4.7 Lts. - 5.0 Lts.
V8  - 1963-77",Mustang / Cougar / Fairlane / F150 / F250 / Bronco,8,G,409-A,STD.,8.685,45.2,123.8,45º,6,C,C6AZ6507A,C6836505J,C7AZ6505A,,,,S-9904,,
,,,,409-A,.003,8.761,45.2,123.8,45º,6,C,C6AZ6507A,C6836505J,C7AZ6505A,,,,S-9904,,
,,,,409-A,.015,9.066,45.2,123.8,45º,6,C,C6AZ6507A,C6836505J,C7AZ6505A,,,,S-9904,,
,,,,1409-E,STD.,8.68,37,124,45º,6,A,C6AZ6505J,C70E6507J,C6AZ6505A,,,,,,
,,,,1409-E,.003,8.756,37,124,45º,6,A,C6AZ6505J,C70E6507J,C6AZ6505A,,,,,,
,,,,1409-E,.015,9.061,37,124,45º,6,A,C6AZ6505J,C70E6507J,C6AZ6505A,,,,,,
"300 - 4.9 Lts. - Inyección - 
1985-87",F100 / F300,6,G,3016-AC,STD.,8.685,45.25,120.65,45º,6,E,E5TZ6507A,F1TE6507BA,,,,,,,
,,,,3016-AC,.003,8.761,45.25,120.65,45º,6,E,E5TZ6507A,F1TE6507BA,,,,,,,
,,,,3016-AC,.015,9.066,45.25,120.65,45º,6,E,E5TZ6507A,F1TE6507BA,,,,,,,
,,,,3016-AC,.030,9.447,45.25,120.65,45º,6,E,E5TZ6507A,F1TE6507BA,,,,,,,
,,,,23016-EC,STD.,8.685,39.62,120.66,45º,6,C,E5TE6505BA,E7TE6505BA,,,,,,,
,,,,23016-EC,.003,8.761,39.62,120.66,45º,6,C,E5TE6505BA,E7TE6505BA,,,,,,,
,,,,23016-EC,.015,9.066,39.62,120.66,45º,6,C,E5TE6505BA,E7TE6505BA,,,,,,,
,,,,23016-EC,.030,9.447,39.62,120.66,45º,6,C,E5TE6505BA,E7TE6505BA,,,,,,,
"302  -  5.0 Lts.
V8  -  1968-83",Mustang / Maverick / Fairmont / F100 / F250,8,G,3007-A,STD.,8.681,45.23,128.39,45º,6,C,C9AZ6507A,C9AZ6507U,D2TZ6507A,,,,V-9649,,
,,,,3007-A,.003,8.757,45.23,128.39,45º,6,C,C9AZ6507A,C9AZ6507U,D2TZ6507A,,,,V-9649,,
,,,,3007-A,.015,9.062,45.23,128.39,45º,6,C,C9AZ6507A,C9AZ6507U,D2TZ6507A,,,,V-9649,,
,,,,3007-A,.030,9.443,45.23,128.39,45º,6,C,C9AZ6507A,C9AZ6507U,D2TZ6507A,,,,V-9649,,
,,,,23007-E ,STD.,8.674,37,128.8,45º,6,A,,,,,,,,,
,,,,23007-E ,.003,8.75,37,128.8,45º,6,A,,,,,,,,,
,,,,23007-E ,.015,9.055,37,128.8,45º,6,A,,,,,,,,,
302  -  5.0 Lts.  -  1984-91 ,Ford 302,8,G,3013-A,STD.,8.685,45.3,128.7,45º,6,C,E5ZZ-6507G,,,,,,,,
,,,,3013-A,.015,9.066,45.3,128.7,45º,6,C,E5ZZ-6507G,,,,,,,,
,,,,23013-ECP,STD.,8.67,36.8,125.5,45º,6,A,E6AZ-6505A,,,,,,V-7143,,
,,,,23013-ECP,.003,8.746,36.8,125.5,45º,6,A,E6AZ-6505A,,,,,,V-7143,,
,,,,23013-ECP,.015,9.051,36.8,125.5,45º,6,A,E6AZ-6505A,,,,,,V-7143,,
"302  - 5,0 Lts./ 351 - 5,8 Lts.
V8 - 1969-88",F100 / F150 / F250 / Mustang / Maverick / Bronco / Explorer,8,G,3012-AC,STD.,8.685,45.3,128.9,45º,6,C, D5TZ6507A,D5TZ6507A2A,E6TZ6507A, ,,,S-9848,,
,,,,3012-AC,.003,8.761,45.3,128.9,45º,6,C, D5TZ6507A,D5TZ6507A2A,E6TZ6507A, ,,,S-9848,,
,,,,3012-AC,.015,9.066,45.3,128.9,45º,6,C, D5TZ6507A,D5TZ6507A2A,E6TZ6507A, ,,,S-9848,,
,,,,23012-ECP,STD.,8.665,37,128.8,45º,6,A,D5AE6505JA,D5AE6505AA,D7DZ6505A, ,,,,,
,,,,23012-ECP,.003,8.741,37,128.8,45º,6,A,D5AE6505JA,D5AE6505AA,D7DZ6505A, ,,,,,
,,,,23012-ECP,.030,9.427,37,128.8,45º,6,A,D5AE6505JA,D5AE6505AA,D7DZ6505A, ,,,,,
"330 / 330MD - 5,4 Lts.
V8 - 1964-69
428 - V8 - 1964-77  ","C4PD / C5PD / 330GF
Serie 100/500 - Medium Duty",8,G,3004-A,STD.,9.436,44.5,137,45º,6,C,C4TZ-6507J,,,,,,,,
,,,,3004-A,.015,9.817,44.5,137,45º,6,C,C4TZ-6507J,,,,,,,,
,,,,23004-E,STD.,9.411,38.35,136.75,45º,6,C,C4TZ-6505J,,,,,,,,
,,,,23004-E,.003,9.487,38.35,136.75,45º,6,C,C4TZ-6505J,,,,,,,,
,,,,23004-E,.015,9.792,38.35,136.75,45º,6,C,C4TZ-6505J,,,,,,,,
,,,,23004-E,.030,10.173,38.35,136.75,45º,6,C,C4TZ-6505J,,,,,,,,
"330HD - 5.4 Lts. - V8 - 1964-79
361 / 391   -   V8  - 1964-76","C4PA / C4PB / C4PC
M-450 Motor Home - Heavy Duty ",8,G,3003-A,STD.,9.43,44.7,136.7,45º,6,C,C4TZ-6507A,,,,,,,,
,,,,3003-A,.005,9.557,44.7,136.7,45º,6,C,C4TZ-6507A,,,,,,,,
,,,,3003-A,.015,9.811,44.7,136.7,45º,6,C,C4TZ-6507A,,,,,,,,
,,,,3003-A,.030,10.192,44.7,136.7,45º,6,C,C4TZ-6507A,,,,,,,,
,,,,23003-EC,STD.,11.03,38.2,136.5,45º,6,C,C4TZ-6505A,,,,,,,,
,,,,23003-EC,.005,11.157,38.2,136.5,45º,6,C,C4TZ-6505A,,,,,,,,
,,,,23003-EC,.015,11.411,38.2,136.5,45º,6,C,C4TZ-6505A,,,,,,,,
,,,,23003-EC,.030,11.792,38.2,136.5,45º,6,C,C4TZ-6505A,,,,,,,,
335  -  5.5 Lts. - V8  -  1979-81,F600,8,G,319-A,STD.,8.67,45.3,126.1,45º,6,C,C9TM-6507-A,,,,,,V-9536,,
,,,,319-A,.003,8.746,45.3,126.1,45º,6,C,C9TM-6507-A,,,,,,V-9536,,
,,,,319-A,.015,9.051,45.3,126.1,45º,6,C,C9TM-6507-A,,,,,,V-9536,,
,,,,1319-E,STD.,8.66,36,126.4,45º,6,C,C9TM-6505-A,,,,,,S-9538,,
,,,,1319-E,.003,8.736,36,126.4,45º,6,C,C9TM-6505-A,,,,,,S-9538,,
,,,,1319-E,.015,9.041,36,126.4,45º,6,C,C9TM-6505-A,,,,,,S-9538,,
"351 / 351M - 5.8 / 6.0 Lts.
400 - V8  - 1970-74",F100 / F150 / F250 ,8,G,3005-A,STD.,8.682,51.84,132.84,45º,5,C,DOAZ6507E,D0AE6507BU,,,,,V-2816,,
,,,,3005-A,.003,8.758,51.84,132.84,45º,5,C,DOAZ6507E,D0AE6507BU,,,,,V-2816,,
,,,,3005-A,.005,8.809,51.84,132.84,45º,5,C,DOAZ6507E,D0AE6507BU,,,,,V-2816,,
,,,,3005-A,.015,9.063,51.84,132.84,45º,5,C,DOAZ6507E,D0AE6507BU,,,,,V-2816,,
,,,,3005-A,.030,9.444,51.84,132.84,45º,5,C,DOAZ6507E,D0AE6507BU,,,,,V-2816,,
,,,,23005-ECP,STD.,8.673,42,128.3,45º,5,A,D5AZ6505E,D8AE6505BA,D8AE6505AJ,,,,S-9668,,
,,,,23005-ECP,.003,8.749,42,128.3,45º,5,A,D5AZ6505E,D8AE6505BA,D8AE6505AJ,,,,S-9668,,
,,,,23005-ECP,.015,9.054,42,128.3,45º,5,A,D5AZ6505E,D8AE6505BA,D8AE6505AJ,,,,S-9668,,
,,,,23005-ECP,.030,9.435,42,128.3,45º,5,A,D5AZ6505E,D8AE6505BA,D8AE6505AJ,,,,S-9668,,
351  -  5.8 Lts.  -  1974-81,Grand Marquis / Crown Victoria / F200,8,G,318-A,STD.,8.68,46.7,126.15,45º,6,C,,,,,,,V-9535,,
,,,,318-A,.003,8.756,46.7,126.15,45º,6,C,,,,,,,V-9535,,
,,,,318-A,.015,9.061,46.7,126.15,45º,6,C,,,,,,,V-9535,,
,,,,1318-E,STD.,8.662,38.65,126.31,45º,6,A,,,,,,,S-9539,,
,,,,1318-E,.003,8.738,38.65,126.31,45º,6,A,,,,,,,S-9539,,
,,,,1318-E,.015,9.043,38.65,126.31,45º,6,A,,,,,,,S-9539,,
351C  -  5.8 Lts.  -  V8 - 1970-74,351C,8,G,3032-A,STD.,8.687,55.75,132.9,45º,5,C,D0AZ6507A,D0AZ6507AZ,D0AZ6507BJ,,,,,,
,,,,3033-E,STD.,8.674,43.5,128.3,45º,5,A,DOHZ6505E,DOHZ6505EZ,,,,,,,
351M / 400  -  V8 - 1975-82,Maverick / Galaxie / Mustang / Ranchero / F100 / F150 / F250,8,G,3009-AC,STD.,8.687,51.84,133,45º,6,C,D0AZ6507E,D8TE6507AA,D9TZ6507A,,,,V-9669,,
,,,,3009-AC,.015,9.068,51.84,133,45º,6,C,D0AZ6507E,D8TE6507AA,D9TZ6507A,,,,V-9669,,
,,,,3009-AC,.030,9.449,51.84,133,45º,6,C,D0AZ6507E,D8TE6507AA,D9TZ6507A,,,,V-9669,,
,,,,23009-ECP,STD.,8.673,42,128.3,45º,6,A,D5AZ6505A,D8TZ6505E,,,,,,,
,,,,23009-ECP,.003,8.749,42,128.3,45º,6,A,D5AZ6505A,D8TZ6505E,,,,,,,
,,,,23009-ECP,.005,8.8,42,128.3,45º,6,A,D5AZ6505A,D8TZ6505E,,,,,,,
,,,,23009-ECP,.015,9.13,42,128.3,45º,6,A,D5AZ6505A,D8TZ6505E,,,,,,,
,,,,23009-ECP,.030,9.435,42,128.3,45º,6,A,D5AZ6505A,D8TZ6505E,,,,,,,
351W  -  5.8 Lts.   -  V8 - 1969-74,Maverick / Mustang / Galaxie / Fairline / Mercury / Grand Marquis,8,G,3006-AC,STD.,8.68,46.9,129,45º,6,C,C9DZ6507J,C9DZ6507U,D2OE6505EA,,,,V-2833,,
,,,,3006-AC,.015,9.061,46.3,129,45º,6,C,C9DZ6507J,C9DZ6507U,D2OE6505EA,,,,V-2833,,
,,,,23006-ECP,STD.,8.67,39.1,128.9,45º,6,A,C9DZ6505A,D2OE6505EA,,,,,,,
,,,,23006-ECP,.003,8.746,39.1,128.9,45º,6,A,C9DZ6505A,D2OE6505EA,,,,,,,
,,,,23006-ECP,.015,9.051,39.1,128.9,45º,6,A,C9DZ6505A,D2OE6505EA,,,,,,,
"352 / 361 / 392
410 / 428  -  V8 - 1968-76",Pick Up / Van / F100 / F150 / F250 / F350 / Mercury / Cougar,8,G,3002-A,STD.,9.435,51.6,138.35,45º,6,C,C8TZ6505A,C1AE6507A,,,,,V-2348,1020-A,
,,,,3002-A,.003,9.511,51.6,138.35,45º,6,C,C8TZ6505A,C1AE6507A,,,,,V-2348,1020-A,
,,,,3002-A,.015,9.816,51.6,138.35,45º,6,C,C8TZ6505A,C1AE6507A,,,,,V-2348,1020-A,
,,,,23002-E,STD.,9.431,39.65,137.9,45º,6,A,B8A6505BA,B9AE6505A,C0AE6505E,C7TZ6505B,,,S-2529,,
,,,,23002-E,.003,9.507,39.65,137.9,45º,6,A,B8A6505BA,B9AE6505A,C0AE6505E,C7TZ6505B,,,S-2529,,Upgrade
,,,,23002-E,.015,9.812,39.65,137.9,45º,6,A,B8A6505BA,B9AE6505A,C0AE6505E,C7TZ6505B,,,S-2529,,
"L6 - ISB ""B"" Electrónico 260/300 -  359 - 5,9 / 3,9 Lts. - 24V - Turbo - 1998 al 2004","Ford  Cargo 1317/1717/1722/1517/2422/2428/2622/2628 - 
VW 13170/17170/17220/15170/24220/24280//26220/26280 

Iveco Tector Eurocargo ",4 / 6,D,3976-AC,STD.,7,33,124.65,30º,2,A,3940735,3802924,,,,,,2074 A,
,,,,3977-ECB,STD.,7,33,124.28,45º,2,A,3940734,3802967,6802237AA,,,,,22074 E,
,,,,4199-ECB,STD.,7,33,124.25,45º,2,A,68002237AA, , ,,,,,,
,,,,4199-ECB,0.1,7,33,124.3,45º,2,A,68002237AA, , ,,,,,,
370  -  6.1 Lts.  -  V8  - 1979-91,Ford 370,8,G,316-A,.003,9.511,45.3,130.7,45º,6,C,D9HZ-6505G,,,,,,,,
,,,,316-A,.015,9.816,45.3,130.7,45º,6,C,D9HZ-6505G,,,,,,,,
,,,,1316-EC,STD.,9.409,39.7,125.6,45º,6,C,D9HZ-6507G,,,,,,,,
,,,,1316-EC,.005,9.536,39.7,125.6,45º,6,C,D9HZ-6507G,,,,,,,,
401 / 477  -  1986-94,Serie CF600 / 800 - Turbo,8,D,23029-ACB,STD.,9.435,47.5,156.3,30º,6,E,E5HN-6507-AB,,,,,,,,
,,,,23029-ACB,.003,9.511,47.5,156.3,30º,6,E,E5HN-6507-AB,,,,,,,,
,,,,23029-ACB,.015,9.816,47.5,156.3,30º,6,E,E5HN-6507-AB,,,,,,,,
,,,,23029-ECB,STD.,9.41,43,156.5,45º,6,E,E5HN-6505-AA,,,,,,,,
,,,,23029-ECB,.003,9.486,43,156.5,45º,6,E,E5HN-6505-AA,,,,,,,,
,,,,23029-ECB,.015,9.791,43,156.5,45º,6,E,E5HN-6505-AA,,,,,,,,
"V8 6.2 Lts.  16V, - NAFTA
SOHC, FLEX, CNG, LPG, FI,",FORD  F150 / F250 / 350 Super Duty,8,G,4502-AN,STD,7.943,53.5,137.8,45º,4,C,AL3Z6507A,,,,,,,,
,,,,4503-EBN,STD,7.93,42,135.84,45º,4,C,AL3Z6505A,,,,,,S-7166,,
"420  -  6.9 Lts.
V8  - 1983-87",F250 / F350 / E250 / E350 - Motor IHC,8,D,23019-ACP,STD.,9.449,47.7,144.5,30º,6,A,E3TZ6507D,,,,,,V-9755,,
,,,,23019-ACP,.015,9.83,47.7,144.5,30º,6,A,E3TZ6507D,,,,,,V-9755,,
,,,,23019-ECP,STD.,9.43,40.48,143.98,38º,6,A,E3TZ6505D,E4TZ6505A,,,,,S-9756,,
,,,,23019-ECP,.015,9.811,40.48,143.98,38º,6,A,E3TZ6505D,E4TZ6505A,,,,,S-9756,,
"NAVISTAR Power Stroke Turbo V8, 32V.",Ford Truck Super Duty F-250/ F-350 / F-450 / F-550,8,D,4206-AC,STD.,6.95,34,130.5,37º,2,C,8C3Z6507A,,,,,,V-7085,,
,,,,4207-EC,STD.,6.945,29.5,130.5,40º,2,C,8C3Z6505A,,,,,,S-7086,,
"V8, 406 C.I., 6.7LTS 32v  
Powerstroke Turbo. 
Mod. 2011 - 13","F-250 / 350 / 450 / 
550  Super Duty ",D,8,4538-AC,STD,6.98,33.8,133.15,60º,4,C,BC3Z6507A,,,,,,,,
,,,,4539-EC,STD,6.98,30.35,133.15,45º,4,C,,,,,,,,,
"429 / 460  -  
7.0 Lts. - 7.5 Lts.V8 - 
Mod. 1968-72",Fairlane ,8,G,3606-AC,STD.,8.687,52.9,134.31,45º,6,C,C8SZ6507A1,C8VE6507E,,,,,,,
,,,,3607-ECP,STD.,8.687,42.05,129,45º,6,C,C8SZ6505A,C8VE6505J,D0VZ6505A,,,,,,
"429 / 460  -  7.0Lts. -  7.5 Lts.
V8  - 1973-87",Fairlane / Thunderbird ,8,G,314-AC,STD.,8.69,52.88,132.25,45º,6,C,D7JE6507AA,D7AZ6507E,,,,,,,Suitable for CNG             --------            Apto GAS
,,,,314-AC,.003,8.766,52.88,132.25,45º,6,C,D7JE6507AA,D7AZ6507E,,,,,,,
,,,,314-AC,.015,9.071,52.88,132.25,45º,6,C,D7JE6507AA,D7AZ6507E,,,,,,,
,,,,1314-ECP,STD.,8.685,42.05,126.6,45º,6,C,D3VZ6505A,D7JE6505AA,,,,,S-2900,,
,,,,1314-ECP,.003,8.761,42.05,126.6,45º,6,C,D3VZ6505A,D7JE6505AA,,,,,S-2900,,
,,,,1314-ECP,.015,9.066,42.05,126.6,45º,6,C,D3VZ6505A,D7JE6505AA,,,,,S-2900,,
Algunas tapas/culatas/cabezas de cilindros vienen con valvulas de adm en 45º,NUEVA INCORPORACION,,,4906-AC,STD.,6.935,30.3,122.1,45º,4,E,FB3Z-6507-A,FB3Q-6507-AA,,,,,,,
Motor Puma 2.2 Lts - 2.4 Lts - 3.2 Lts DOCH 4 - 5 Cilindros,Ford Ranger,4/5,D,4292-AC,STD.,6.935,29.8,122.1,30º,4,C,BK2Q6507BB,,,,,,,1235 A,
,,,,4293-ECP,STD.,6.925,25.8,121.88,45º,4,E,BK2Q6505BB,,,,,,,21235 E,
2.0 Lts. - Motor Duratec / 2001 ~  - 2.0 Lts. - 2.3 Lts  (16V.) / 2003 / 2001,Ford  Ranger / Eco Sport / Mondeo/ Focus One/ Focus II/ Escape / Fusion / Transit,4,G,3094-AC,STD.,5.47,35,103.4,45º,2,C,1S7Z6507AA,3S4Z6507AA,9S4Z6507A,,,,V-7065,1567 A,
,,,,3095-EC,STD.,5.473,30,104.65,45º,2,C,1S7Z6505AA,,,,,,S-7066,21567 E,
460  -  7.5 Lts.  -  V8  - 1976-94,460L / 460S / 875R,8,G,314-AC,STD.,8.69,52.88,132.25,45º,6,C,D7JE6507AA,D7AZ6507E,,,,,,,Suitable for CNG             --------            Apto GAS
,,,,314-AC,.003,8.766,52.88,132.25,45º,6,C,D7JE6507AA,D7AZ6507E,,,,,,,
,,,,314-AC,.015,9.071,52.88,132.25,45º,6,C,D7JE6507AA,D7AZ6507E,,,,,,,
,,,,3078-AC,STD.,8.684,52.9,131.45,45º,6,C,F3TZ-6507-E,,,,,,V-9765,,
,,,,23024-ECPS,STD.,8.684,38.3,126.55,45º,6,C,D5JE6505AA,,,,,,S-7144,,
460  -  7.5 Lts.  -  V8  - 1988-99,460L / 460S / 875R,8,G,3048-AC,STD.,8.684,50.2,132,45º,6,C,E7TE-6507-AB,,,,,,,,
,,,,3048-AC,.015,9.065,50.2,132,45º,6,C,E7TE-6507-AB,,,,,,,,
460  -  7.5 Lts.  -  V8  -  1988-92,F250 / F350 - Fuel Injection - LPG,8,G,3048-ACPS,STD.,8.684,50.2,132,45º,6,C,E7TE-6507-BA,,,,,,,,Suitable for CNG             --------            Apto GAS
460  -  7.5 Lts.  -  V8  -  1988-99,"460L / 460S / 875R
F250 / F350 - Fuel Injection - LPG",8,G,3049-ECB,STD.,8.684,42,126.55,45º,6,C,E7TE-6505-AB,,,,,,S-9766,,
Triton - V8 - 24V. - (3x Cil)   -           ,F150 4x2 / 4x4,8,G,3832-AC,STD.,5.984,33.8,117.3,45º,4,C,3L3Z6507BA,,,,,,V-7033,,
" 5,4 Lts.   -  (2004)",,,,3833-ECB,STD.,5.958,37.5,116.4,45º,4,C,4C3Z6505AA,4C3Z6505DB,4C3Z6505A,4C3Z6505AB,,,S-7034,,
"NAVISTAR Power Stroke 
Turbo V8, 32V.","FORD TRUCK SUPER DUTY F-250
/ F-350 / F-450 / F-550",8,D,4206-AC,STD.,6.95,34,130.5,37º,2,C,8C3Z6507A,,,,,,V-7085,,
,,,,4207-EC,STD.,6.945,29.5,130.5,40º,2,C,8C3Z6505A,,,,,,S-7086,,
,FORD TRACTOR,,,,,,,,,,,,,,,,,,,
120  -  2.0 Lts.  -  1948-52,Tractor 120 ,4,G,3610-A,STD.,8.661,38.35,122.4,45º,6,E,8BA6505A2,,,,,,,,
,,,,3611-E,STD.,8.661,32.53,122.08,45º,6,A,8N-6505A,,,,,,,,
"3.3 Lts. - 3.6 Lts. - 5.4 Lts.
1952-64","4D / 6D 590 E
Fordson Major / Country Full Truck",4 / 6,D,325-AC,STD.,9.496,43.8,158.8,30º,6,A,E1ADDN-6507,,,,,,,6060-A,
,,,,1325-ES,STD.,9.53,38.8,156.4,30º,8,A,,,,,,,,,
4.0 Lts. - 4.6 Lts. - 5.0 Lts. - 5.6 Lts. - 6.6 Lts. - 8.6 Lts.,"Fordson Dexta / Major
4600 / 6600 / 5610 / 6610",3 / 4,D,329-A,STD.,9.435,45.8,146,45º,6,A,C5NN6507B,C3NN6507A,D6NN6507A,,,,V-9546,,
,,,,329-A,.003,9.511,45.8,146,45º,6,A,C5NN6507B,C3NN6507A,D6NN6507A,,,,V-9546,,
,,,,329-A,.015,9.816,45.8,146,45º,6,A,C5NN6507B,C3NN6507A,D6NN6507A,,,,V-9546,,
,,,,329-A,.030,10.197,45.8,146,45º,6,A,C5NN6507B,C3NN6507A,D6NN6507A,,,,V-9546,,
,,,,1329-E,STD.,9.409,38.35,145.86,45º,7,C,D3NN6505A,,,,,,S-9547,26064 E,
,,,,1329-E,.003,9.485,38.35,145.86,45º,7,C,D3NN6505A,,,,,,S-9547,26064 E,
,,,,1329-E,.015,9.79,38.35,145.86,45º,7,C,D3NN6505A,,,,,,S-9547,26064 E,
,,,,1329-E,.030,10.171,38.35,145.86,45º,7,C,D3NN6505A,,,,,,S-9547,26064 E,
Motor Ford 675/TA,"MXM120,130,135,",6,,4186-AC,STD.,9.436,47.5,146.9,30º,5,A,87802256,,,,,,,,
,"140, 150, 155, 165, 175,185,190",,,4187-ECB,STD.,9.41,43,146.5,45º,5,A,87802258,,,,,,,,
Motor Ford 675/TA,"MXM120,130,135,",6,,4186-AC,0.15,9.817,47.5,146.9,30º,5,A,87802256,,,,,,,,
,"140, 150, 155, 165, 175,185,190",,,4187-ECB,0.15,9.791,43,146.5,45º,5,A,87802258,,,,,,,,
"4.2 Lts. - 5.9 Lts. - 6.2 Lts.
1969-81","240 / 254 / 2701 / 2706E / 330 / 2703
Fordson 360 (Thames) - Turbo",6,D,3017-A,STD.,9.49,45.06,155.8,30º,6,A,723F-6507AAA,,,,,,,,
,,,,23017-EC,STD.,9.465,39,156.4,30º,6,A,,,,,,,,,
401  -  6.6 Lts. - 1986-94,Ford Cargo Brasil - Turbo,6,D,3044-AC,STD.,9.435,46.65,145.85,30º,6,C,E2TN-6507AB,,,,,,,,
,,,,3044-AC,.003,9.511,46.65,145.85,30º,6,C,E2TN-6507AB,,,,,,,,
,,,,3045-ECP,STD.,9.411,40.1,145.9,45º,6,C,E3HN-6505AB,,,,,,,,
,,,,3045-ECP,.003,9.487,40.1,145.9,45º,6,C,E3HN-6505AB,,,,,,,,
474  -  7.8 Lts. - 1987-94,Ford Cargo Brasil- Turbo,6,D,23029-ACB,STD.,9.435,47.5,156.4,30º,6,E,E5HN-6507-AB,,,,,,,,
,,,,23029-ACB,.003,9.511,47.5,156.4,30º,6,E,E5HN-6507-AB,,,,,,,,
,,,,23029-ACB,.015,9.816,47.5,156.4,30º,6,E,E5HN-6507-AB,,,,,,,,
,,,,23029-ECB,STD.,9.41,43,156.4,45º,6,A,E5HN-6505-AA,,,,,,,,
,,,,23029-ECB,.003,9.486,43,156.4,45º,6,A,E5HN-6505-AA,,,,,,,,
,,,,23029-ECB,.015,9.791,43,156.4,45º,6,A,E5HN-6505-AA,,,,,,,,
,FUQI,,,,,,,,,,,,,,,,,,,
G6BA Delta V6 2.7Lts 24V,Fuqi Woonderful,4,G,4258-AN,STD,5.955,32.05,96.35,45º,2,A,2221137201,,,,,,,,
,,,,4259-EN,STD,5.963,27.55,97.15,45º,2,A,2221237200,,,,,,,,
,GENERAL MOTORS (G.M. / CHEVROLET),,,,,,,,,,,,,,,,,,,
1.0 Lts.  -  G10  -  1985-88,Sprint Norm / Turbo -  (Suzuki),3,G,3107-AN,STD.,6.97,36,115.6,45º,2,C,1291182000,1291182010,,,,,,1117 A,
,,,,3153-EB,STD.,6.945,30,114.55,45º,2,E,96051656,96053081,,,,,,,
1.0 Lts. - G10   -  1989-00,Metro - (Suzuki),3,G,3150-AB,STD.,5.48,35.05,84.1,45º,2,C,96060053,,,,,,V-7071,,
,,,,3151-EB,STD.,5.455,28,83.9,45º,2,E,1291560B70,1291560B20,,,,,,,
1.0 Lts.  - C10  -  16V,Corsa,4,G,3578-AC,STD.,5.962,24.89,104,45º,4,C,93248325,,,,,,,1310 A,Suitable for CNG             --------            Apto GAS
,,,,3579-ECB,STD.,5.942,19.84,103,45º,4,A,,,,,,,,21310-E,
 SOHC 1.0 Lts.  8v,Celta / Corsa,4,G,4004-AC,STD.,5.963,33,104.7,45º,4,C,24579671,,,,,,,1502 A,
L4 - 1.0lt. - 16v,Chevrolet Novo Prisma / Classic / Onix / Celta,,,4005-ECB,STD.,5.944,29,104.7,45º,4,C,93385791,,,,,,,,
L3 - 1.0  - 1.2 lt. - 12v,Onix / Tracker 2021-2023,3,G,4876-AN,STD.,4.96,30.2,93.9,45º,4,C,55496633,,,,,,,,
,,,,4877-EN,STD.,4.95,24.3,102,45º,4,C,5549662,25197617,,,,,,,
1.0 Lts.,Alto,4,G,3880-AN,STD.,5.472,24.6,80.2,45º,2,A,1291173 G 01,,,,,,,,
,,,,3881-EN,STD.,5.445,21.4,81.25,45º,2,A,1291573 G20,,,,,,,,
1.0 Lts. -  F8C / CV        2004,Spark (Daewo),4,G,3794-AN,STD.,5.467,35.6,110.6,45º,2,C,1291178B00000,,,,,,V-7073,5102 A,Suitable for CNG             --------            Apto GAS
,,,,3795-EBN,STD.,5.445,31.8,110.25,45º,2,C,,,,,,,,,
L4 1.2lt. 16v. LAQ ,Chevrolet Van N200 / N300,4,G,4398-AN,STD,4.97,25.8,99.2,45º,2,C,2453097,,,,,,V-7203,,
,,,,4399-EN ,STD,4.955,23.45,99.7,45º,2,C,,,,,,,,,
 SOHC 1.4 Lts. - 8v,Corsa - Celta - Meriva - Prisma,4,G,4006-AC,STD.,5.963,38,105,45º,4,C,93399245,,,,,,,1501 A,
L4 - 1.4lt. - 16v,Chevrolet Novo Prisma / Montana / Agile / Onix ,,,4007-ECB,STD.,5.944,31,105,45º,4,C,93399247,,,,,,,,
1000 - 1.4 Lts. / 1.3 Lts.,Corsa - EFI / Chevy,4,G,3136-AC,STD.,6.99,32.95,105,45º,2,C,90323519,641002,,,,,V-9816X,1211 A,Suitable for CNG             --------            Apto GAS
,,,,3137-ECB,STD.,6.985,28.95,105,45º,2,C,90323524,641302,,,,,AS-9832,21211 E,
1.3 Lts.  -  1992-97,Chevrolet Sprint,4,G,3107-AN,STD.,6.97,36,115.6,45º,2,C,1291182000,1291182010,,,,,,1117 A,Suitable for CNG             --------            Apto GAS
,,,,23107-EPN,STD.,6.96,30,114.6,45º,2,E,96051656,96053081,,,,,,,
"L4, (1.4 Lts.), 1399 C.C., DOHC, 16 Valve.",SAIL / ,4,G,4684-AN,STD.,4.965,27.900000000000002,98.4,45º,2,E,9024688 ,,,,,,,,
,,,,4685-EN,STD.,4.965,24.6,98.9,45º,2,C,9024683 ,,,,,,,,
1.4 Lts. / 1.6 Lts - 2005,Aveo - Optra ,4,G,3882-AN,STD.,5.96,28.5,101.6,45º,2,C,96440081,96376881,,,,,V-7089 STD,1319 A,
,,,,3883-EN,STD.,5.94,27.2,101.25,45º,2,C,96440079,96376980,,,,,S-7090 STD,21319 E,
CHEVROLET L4 1.5Lts. 16v. L2B MPFI,CHEVROLET L4 1.5Lts. 16v. L2B MPFI / Aveo / Optra / Sail,,,4807-AN,STD.,4.965,27.9,98.4,45º,2,E,24101586,,,,,,V-7313 STD,,
,,,,4808-EN,STD.,4.96,24.4,99.2,45º,2,C,24101587,,,,,,S-7314 STD,,
1.4 Lts. - C14SE   -  1991~,Corsa / Astra,4,G,3158-AC,STD.,7.005,38,104.6,45º,2,C,641317,,,,,,V-9711X,1314 A,Suitable for CNG             --------            Apto GAS
,,,,3159-ECB,STD.,6.98,30.95,104.8,45º,2,E,641317,,,,,,AS-9710,21314 E,
E-TECH II 8V SOHC 1.5 Lts.,Chevi Taxi,4,G,4062-AN,STD.,5.978,38,104,44º,4,C,96335947,,,,,,,,
,,,,4063-EBN,STD.,5.972,31,104,45º,4,E,96335948,,,,,,,,
"1.4 Lts.  -  1976-77
1.6 Lts.  -  1976-87",Chevette 85 / 98,4,G,418-A,STD.,7.977,39,98.6,45º,2,C,360501,,,,,,,6101-A,
,,,,418-A,.005,8.104,39,98.6,45º,2,C,360501,,,,,,,6101-A,
,,,,418-A,.010,8.231,39,98.6,45º,2,C,360501,,,,,,,6101-A,
,,,,418-A,.015,8.358,39,98.6,45º,2,C,360501,,,,,,,6101-A,
,,,,418-A,.030,8.739,39,98.6,45º,2,C,360501,,,,,,,6101-A,
,,,,1418-E,STD.,7.958,32,100.5,45º,2,B,360502,,,,,,,26101-E,
,,,,1418-E,.005,8.085,32,100.5,45º,2,B,360502,,,,,,,26101-E,
,,,,1418-E,.010,8.212,32,100.5,45º,2,B,360502,,,,,,,26101-E,
,,,,1418-E,.015,8.339,32,100.5,45º,2,B,360502,,,,,,,26101-E,
"L4, (1.4 Lts.), 1399 C.C., DOHC 16V. TURBO - NAFTA",Cruze,4,G,4718-AN,STD.,4.965,28,106.45,45º,4,C,,,,,,,,,
,,,,4719-ECX,STD.,4.955,23.3,105.65,45º,4,C,,,,,,,S-7298,,
"1.4 Lts. - 16V   -   1993~
1.6 Lts. - 16V  -   1983~",Corsa / Astra / Vectra,4,G,3138-AC,STD.,5.96,31,103.07,45º,4,C,641034,90412712,,,,,,1212 AGNC,
,,,,3139-EC,STD.,5.932,27.5,102.07,45º,4,C,641340,,,,,,S-7076,21320 E,
1.6 Lts.,Chevette,4,G,332-AC,STD.,7.983,39,98.5,45º,2,A,94621104,,,,,,,6101 A,Suitable for CNG             --------            Apto GAS
,,,,332-AC,.003,8.059,39,98.5,45º,2,A,94621104,,,,,,,6101 A,
,,,,332-AC,.005,8.11,39,98.5,45º,2,A,94621104,,,,,,,6101 A,
,,,,332-AC,.010,8.237,39,98.5,45º,2,A,94621104,,,,,,,6101 A,
,,,,332-AC,.015,8.364,39,98.5,45º,2,A,94621104,,,,,,,6101 A,
,,,,332-AC,.030,8.745,39,98.5,45º,2,A,94621104,,,,,,,6101 A,
,,,,1332-ECP,STD.,7.96,32,98.95,45º,2,A,7334188,,,,,,,21045 E,
,,,,1332-ECP,.003,8.036,32,98.95,45º,2,A,7334188,,,,,,,21045 E,
,,,,1332-ECP,.005,8.087,32,98.95,45º,2,A,7334188,,,,,,,21045 E,
,,,,1332-ECP,.010,8.214,32,98.95,45º,2,A,7334188,,,,,,,21045 E,
,,,,1332-ECP,.015,8.341,32,98.95,45º,2,A,7334188,,,,,,,21045 E,
,,,,1332-ECP,.030,8.722,32,98.95,45º,2,A,7334188,,,,,,,21045 E,
1.6 Lts.,Monza,4,G,3108-AC,STD.,7.98,35,106.5,45º,2,E,90106792,,,,,,,6126 A,Suitable for CNG             --------            Apto GAS
,,,,23108-ECPS,STD.,7.96,32,106.5,45º,2,E,90106797,,,,,,,26126 E,
1.6 Lts. -  E16 - 8V,"Corsa, Meriva (Flex)",4,G,3146-AC,STD.,6.997,38,101.5,45º,2,C,90215492, ,,,,,V-9711X,1311 AGNC,Suitable for CNG             --------            Apto GAS
,,,,3147-ECB,STD.,6.985,31,101.5,45º,2,E,96098751,90324412,,,,,AS-9830,21311 EGNC,
"1.6 Lts.  - 1982 / 1.7 Lts.  - 1989
X17DTL / 16DA / 16D / 17DR / 17D",Ascona / Kadett / Astra / Vectra,4,D,3148-AC,STD.,7.975,36,123.2,45º,2,A,642651,,,,,,,1312 A,
,,,,3149-EC,STD.,7.97,31.95,123.2,45º,2,C,642818,,,,,,,21312 E,
"1.6 Lts. - 1.8 Lts. - 2.0 Lts.
G161 / G180 / G200    1976-80",Luv - Motor Isuzu,4,G,476-AC,STD.,7.95,42.35,109.7,45º,8,C,8-94205-977-0,,,,,,,5301 A,
,,,,1476-ECP,STD.,7.938,33.95,110.8,45º,8,C,8-94212-835-0,,,,,,S-7090,25301 E,
Y17 -1.7 Lts. - TDI - 16v. ,Meriva - Corsa II - Astra,4,D,3970-AC,STD.,5.99,27.5,98.5,45º,2,A,,,,,,,,,
,,,,3971-EC,STD.,5.98,26.5,98.1,45º,2,A,,,,,,,,,
Y17 -1.7 Lts. - TDI - 16v. ,Meriva - Corsa II - Astra,4,D,3954-AC,STD.,5.99,27.5,97.6,45º,2,A,,,,,,,,21313 A,
,,,,3955-EC,STD.,5.98,26.5,97.2,45º,2,A,,,,,,,,21313 E,
1.7 Lts.  -  4EE1,Corsa - Motor Isuzu,4,D,3168-A,STD.,6.96,34.4,103.9,45º,2,E,641000 / 641044,,,,,,,1213 A,
,,,,3169-EB,STD.,6.95,30.5,103.8,45º,2,E,641300 / 641322,,,,,,,21213 E,
1.8 / 2.0 / 2.5 / 3.2 Lts. 16v.,"Vectra / Calibra / Astra / Omega
Frontera / Sintra / Zafira / Signum /
Antara",4,G,4144-A,STD.,5.95,31.96,102,45º,4,E,90412277,,,,,,,,
,,,,4145-E,STD.,5.93,29,92.22,45º,4,E,90410813,,,,,,,,
"L4, 16v. 1.6lt / 1.8lt. Ecotec ",Chevrolet Cruze,4,G,4388-AC  ,STD,4.97,31.2,113.8,45º,4,E,,,,,,,,,
A16XER / Z16LEL / Z16LER / A18XER / Z18 XER ,"Opel Astra / Insignia / Mokka / Zafira
Vauxhall Astra / Insignia / Mokka / Zafira",,,4389-EC,STD,4.955,27.5,113.16,45º,4,C,24405815            ,55355572,641391,641392,71744388,,S-7162,,
1.8 Lts 16v,Chevrolet Cruze,4,G,4454-AN,STD,4.97,31.2,102.4,45º,4,E,55569449,,,,,,,,
,,,,4455-EN,STD,4.955,27.5,101.75,45º,4,C,55569450,,,,,,,,
1.8 Lts. 16vV. - DOHC - 2003~,Meriva,4,G,4054-AC,STD.,5.96,31.2,101.4,45º,4,E,93333561,,,,,,,1320 A,
,,,,4055-ECB,STD.,5.94,27.5,100.7,45º,4,C,93333562,,,,,,S-7032,,
1.8 Lts.  -  8V  - 1986~,Vectra / Omega / Calibra / Astra - Fase II,4,G,3109-AC,STD.,7,41.8,104.15,45º,2,C,90220121,90220119,642667,,,,V-7027,6800 AGNC,
"1.8 Lts. - 2.0 Lts. - 2.4 Lts.
8V  -  1986~",Vectra / Omega / Calibra / Astra - Fase II Monza / LUV,,,23109-EC,STD.,6.98,36.5,104.2,45º,2,A,90220112,903233756,642829,,,,S-7078,26800 EGNC,
"2.0 Lts. - 2.2 Lts.(122)
1987-91",Monza / LUV,,,3110-AC,STD.,7,43,104.2,45º,2,A,90220129,52285384,93203650,,,,,6801 AGNC,
"1,8 Lts.   -  8v.",Corsa Fase II / Meriva,4,G,3912-AC,STD.,5.963,38,101.05,45º,4,C,93399246,,,,,,V-7161,,Suitable for CNG             --------            Apto GAS
,,,,3913-ECB,STD.,5.944,31,101.5,45º,4,C,93399248,,,,,,S-7246,,
L4 - 1.8lt. - 16v,Chevrolet Cobalt / Spin / Montana,4,G,3912-AC,STD,5.963,38,101.05,45º,4,C,93399246,,,,,,V-7161,,
,,,,4005-ECB,STD,5.944,29,104.7,45º,4,C,93385791,,,,,,,,
1.8 Lts. 16V - Z18XE / Z18XEL / X18XE1,Astra,4,G,3808-A,STD.,4.964,31.2,101.43,45º,4,E,90536095,,,,,,V-9857,1317 A,
,,,,3809-EB,STD.,4.948,27.5,100.76,45º,4,C,55556689,90536164,,,,,,21317 E,
"L4, (2.0 LTS), 1998 C.C., 16 VALVE, DOHC, FLEX, Turbocharged ",CHEVROLET S10 / Camaro / Colorado / Malibu / Blazer / Equinox / Impala,4,G,4805-AN,STD.,5.96,36.5,95.8,45°,2,C,12662527,,,,,,,,
"L4, (2.5 LTS), 2457 C.C., 16 VALVE, DOHC, FLEX, Naturally Aspirated",,,,4806-EN,STD.,5.955,29,103.4,45°,2,C,12653010,,,,,,,,
"1.8 Lts. - 16V - 1994~
2.0 Lts.  - 16V - 1992~
2.4 Lts.-  24V - 1993~ - Ecotec
2.4 Lts 16V - Z 24 XE ","Optra / Astra / Vectra / Omega / 
Calibra - (Ecotec)
Captiva",4 / 6,G,3140-AC,STD.,5.96,32,102.1,45º,4,C,90412277,,,,,,V-7079,2524 A,Suitable for CNG             --------            Apto GAS
,,,,23141-EC,STD.,5.95,29,92.2,45º,4,C,90412974,,,,,,,22524 E,
1.8 - 2.0 Lts. - 1982-86,Monza - Fase I,4,G,344-AC,STD.,7.975,41,106.15,45º,2,E,90136614,,,,,,S-7078,6127 A,Suitable for CNG             --------            Apto GAS
,,,,1344-ECP,STD.,7.965,35,106.15,45º,2,E,90136621,,,,,,,26127 E,
"1.8 Lts. (112) - 1982~
2.0 Lts. (121) - 1983-86",Cavalier,4,G,3118-AC,STD.,7.963,40.65,119.4,45º,2,C,14004097,,,,,,,,Suitable for CNG             --------            Apto GAS
,,,,3118-AC,.015,8.344,40.65,119.4,45º,2,C,14004097,,,,,,,,
,,,,3119-ECP,STD.,7.957,35,120.05,45º,2,C,14004098,,,,,,,,
,,,,3119-ECP,.015,8.338,35,120.05,45º,2,C,14004098,,,,,,,,
 1.6lt.- 16val. ,Sonic / Aveo ,4,G,4326-AC,STD,4.963,31.2,117.2,45º,4,E,24418513,,,,,,V-7199,,
,,,,4327-EC,STD,4.943,27.5,116.25,45º,4,C,24418514,,,,,,S-7200,,
1.9 Lts.  -  1991-99,Saturn,4,G,3762-AC,STD.,6.967,32.36,101.55,45º,2,A,21007038,21006406,21000638,,,,,,
,,,,3763-EC,STD.,6.944,27.46,100.85,45º,2,A,21007037,21000637,,,,,,,
SOHC - 8V. - 2.0 Lts.,Vectra GT  - Zafira,4,G,4056-AC,STD.,7.005,41.8,104.2,44º,4,C,93382956,,,,,,S-7162,,
,,,,4057-EX,STD.,6.985,36.5,104,44º,4,C,93382957,,,,,,,,
Z20S - L4 - 2.0lt. 16v, Captiva - Epica- Lacetti- Nubira- Kombi,4,D,4358-AC,STD,5.943,28.6,95.7,45º,4,A,96440147,,,,,,,,
,,,,4359-ECB,STD,5.915,24.4,95.7,45º,4,A,96440148,,,,,,,,
2.0 Lts. - 16V  -  1988~,Vectra  / Astra / Calibra / Kadett,4,G,3774-AC,STD.,6.965,33,105,45º,4,C,,,,,,,,1315 A,Suitable for CNG             --------            Apto GAS
,,,,3775-ECB,STD.,6.94,29,105,45º,4,C,,,,,,,,21315 E,
134  -  2.2 Lts.  -  1990-91,Cavalier / Beretta,4,G,3120-AC,STD.,7.96,43,138.6,45º,2,C,14086088,,,,,,,,
,,,,3120-AC,.015,8.341,43,138.6,45º,2,C,14086088,,,,,,,,
,,,,3121-ECP,STD.,7.94,37,131.16,45º,2,C,14086089,,,,,,,,
,,,,3121-ECP,.015,8.321,37,131.16,45º,2,C,14086089,,,,,,,,
134  -  2.2 Lts  -  1992-93,Beretta / Cavalier / Century,4,G,3132-AC,STD.,7.965,44,138.6,45º,2,C,10156070,,,,,,,,
,,,,3133-ECP,STD.,7.955,37,131.2,45º,2,C,10156071,,,,,,,,
134  -  2.2 Lts.  -  1994-97,Beretta / Cavallier,4,G,3134-AC,STD.,6.972,43.99,138.81,45º,2,C,10198816,,,,,,V-7091,,
,,,,3134-AC,.015,7.353,43.99,138.81,45º,2,C,10198816,,,,,,V-7091,,
,,,,3135-EC,STD.,6.947,36.88,130.58,45º,2,C,10198817,,,,,,S-7092,,
,,,,3135-EC,.015,7.328,36.88,130.58,45º,2,C,10198817,,,,,,S-7092,,
Ecotec L4 2.2 Lts. / 2.4 Lts 16v,Astra / Captiva 2.4lt. / Equinox 2.4lt./ Malibu 2.4lt. / Cobalt / HHR 2.2lt. / 2.4lt.,4,G,3806-AC,STD.,5.961,35.13,102.2,45º,4,C,12575793,12622329,90537240,,,,,1318 A,
,,,,3807-ECB,STD.,5.951,30.11,100.9,45º,4,C,12596034,12615936,,,,,,21318 E,
134  -  2.2 Lts.  -  1998-01,Cavalier ,4,G,3712-AC,STD.,6.975,44,134.25,45º,2,C,24575387,,,,,,,,
,,,,3713-ECP,STD.,6.955,37,127,45º,2,C,24575384,,,,,,V-9843,,
2.3 Lts.  -  1988,Luv,4,G,847-AN,STD.,7.95,42.4,110.6,45º,8,C,8941539690,8942512750,,,,,,1114 A,Suitable for CNG             --------            Apto GAS
,,,,1847-EPN,STD.,7.939,36,110.15,45º,8,C,8941367270,,,,,,V-9939,,
138  -  2.3 Lts.  -  1988-89,Oldsmobile Quad 4 LD2,4,G,3126-AC,STD.,6.981,35.5,110,45º,2,A,,,,,,,,,
,,,,3127-EC,STD.,6.968,30,109.5,45º,2,A,,,,,,,,,
2.3 Lts.  -  1989-91,Quad IV LD2 / LG0 / 40,4,G,3128-AC,STD.,6.98,36.5,109.7,45º,2,C,22542308,24573076,,,,,,,
,,,,3129-EC,STD.,6.97,31.5,109.5,45º,2,A,22542314,,,,,,,,
Ecotec 2.4 Lts 16v,Saturn Aura / Sky ,4,G,3806-AC,STD.,5.961,35.13,102.2,45º,4,C,12575793,12622329,90537240,,,,,1318 A,
,,,,3807-ECB,STD.,5.951,30.11,100.9,45º,4,C,12596034,12615936,,,,,,21318 E,
Ecotec 2.4 Lts 16v,Terrain,4,G,3806-AC,STD.,5.961,35.13,102.2,45º,4,C,12575793,12622329,90537240,,,,,1318 A,
,,,,3807-ECB,STD.,5.951,30.11,100.9,45º,4,C,12596034,12615936,,,,,,21318 E,
146  -  2.4 Lts.   -  16V  - 1995-01,Cavalier DOHC / Sunfire,4,G,3612-AC,STD.,5.94,35.5,107.3,45º,2,C,,,,,,,,,
,,,,3612-AC,.015,6.321,35.5,107.3,45º,2,C,,,,,,,,,
,,,,3613-EC,STD.,5.915,29,108.2,45º,2,C,,,,,,,S-9912,,
,,,,3613-EC,.015,6.296,29,108.2,45º,2,C,,,,,,,S-9912,,
TDI L4  2.0lt. / 2.4lt.  16v.,Chevrolet / Opel Astra /Frontera / Omega / Vectra ,4,D,4352-ACB,STD,5.97,29,97.2,45º,4,A,,,,,,,,21316 A,
,,,,4353-ECB,STD,5.96,26,97,45º,4,E,,,,,,,,21316 E,
235 (1950-62) - 261 (1954-62),Apache ,4,G,135-A,STD.,8.666,47.63,162.2,30º,7,E,3965455,3758810,,,,,V-2275,2002 A,
,,,,135-A,.030,9.428,47.63,162.2,30º,7,E,3965455,3758810,,,,,V-2275,2002 A,
,,,,1138-E,STD.,8.67,38.1,125,45º,7,E,3835639,3724778,373122,,,,S-2090,21011-E,
,,,,1138-E,.030,9.432,38.1,125,45º,7,E,3835639,3724778,373122,,,,S-2090,21011-E,
"153  2.5 Lts.
194  3.2 Lts.
215  3.5 Lts.
230 3.8 Lts.
250  4.1 Lts.
262 / 265  4.3 Lts.
267  4.3 Lts.
283  4.6 Lts.
305 / 307  5.0 Lts.
325  5.4 Lts.
1962~",Chevrolet 400 / Chevy / Malibu / Monte Carlo / Tempest,"4 / 6 / 8

",G,137-A,STD.,8.67,43.68,124.77,45º,7,E,2787537,,,,,,V-2231,1011-A,Suitable for CNG             --------            Apto GAS
,,,,137-A,.003,8.746,43.67,124.77,45º,7,E,2787537,,,,,,V-2231,1011-A,
,,,,137-A,.005,8.797,43.67,124.77,45º,7,E,2787537,,,,,,V-2231,1011-A,
,,,,137-A,.010,8.924,43.67,124.77,45º,7,E,2787537,,,,,,V-2231,1011-A,
,,,,137-A,.015,9.051,43.67,124.77,45º,7,E,2787537,,,,,,V-2231,1011-A,
,,,,137-A,.030,9.432,43.67,124.77,45º,7,E,2787537,,,,,,V-2231,1011-A,
,,,,1138-E,STD.,8.67,38.1,125,45º,7,E,3835639,3724778,373122,,,,S-2090,21011-E,
,,,,1138-E,.003,8.746,38.1,125,45º,7,E,3835639,3724778,373122,,,,S-2090,21011-E,
,,,,1138-E,.005,8.797,38.1,125,45º,7,E,3835639,3724778,373122,,,,S-2090,21011-E,
,,,,1138-E,.010,8.924,38.1,125,45º,7,E,3835639,3724778,373122,,,,S-2090,21011-E,
,,,,1138-E,.015,9.051,38.1,125,45º,7,E,3835639,3724778,373122,,,,S-2090,21011-E,
,,,,1138-E,.020,9.178,38.1,125,45º,7,E,3835639,3724778,373122,,,,S-2090,21011-E,
,,,,1138-E,.030,9.432,38.1,125,45º,7,E,3835639,3724778,373122,,,,S-2090,21011-E,
"2.5 Lts.  HS / 
HST / GEMINI  1997~",Blazer / Pick Up S10 - (Maxion),4,D,3344-ACB,STD.,7.967,38.9,116.38,30º,4,C,70910053,,,,,,,22101 A,
,,,,23345-ECB,STD.,7.95,36.5,116.53,45º,4,C,70910054,,,,,,,22101 E,
2.6 Lts. -  4Z1E   -    1988-97,Trooper - Motor Isuzu,4,G,3106-A,STD.,7.95,44.15,108.6,45º,8,C,8941742221,8944470250,,,,,,,
,,,,23106-EP,STD.,7.94,37,108.2,45º,8,C,8941742231,8971102560,,,,,,,
"2.8 Lts. - 4.2 Lts.
4.10 / 6.10 (Turbo y Aspirado)",S 10,4 / 6,D,3422-AC,STD.,8.961,45,126,30º,4,C,91004600034,,,,,,,6154 A,
,,,,23423-ECB,STD.,8.961,41,126,45º,4,C,961004600024,,,,,,,26154 E,
2.8 Lts 12V,Passenger Truck,4,G,4144-A,STD.,5.95,31.96,102,45º,4,E,90412277,,,,,,,,
,,,,4145-E,STD.,5.93,29,92.22,45º,4,E,90410813,,,,,,,,
V6 2.8lt. 24v. Vin 4/6 Turbo ,Captiva / Equinox,6,G,4402-AN,STD,5.96,35.15,101.22,45º,2,C,12575352,12620501,,,,,V-7211,,
V6 3.0lt. 24v. Vin 5/LFW / G/Y/LF1 ,,,,,,,,,,,,,,,,,,,,
V6 2.8lt. 24v. A28NER/B284/B284R/GM LP9,GMC Terrain,,,4403-EBN,STD,5.95,30.6,95.2,45º,2,E,12621548,,,,,,S-7212,,
,,,,,,,,,,,,,,,,,,,,
"VM Motori
L4 2.8lt. 16v.",S10,4,D,4470-AC,STD,5.961,31.85,107.6,45º,4,C,12625213,,,,,,,,
,,,,4471-ECB,STD,5.951,29.25,107.8,45º,4,C,12625566,,,,,,,,
2.8/3.5/4.2 LTS. DOHC,"Chevrolet Colorado L4- L5  2004/6
Trailblazer - L6   2002/5",4/5/6,G,4086-AC,STD.,5.961,37,105.4,46º,4,C,24576974,824576740,,,,,V-7137,,
,,,,4087-ECB,STD.,5.951,30.5,107.85,46º,4,C,24576975,824576750,22503324,22521789,,,S-7138,,
"173   -  2.8 Lts.  -  V6   -  1980-84
189   -  3.1 Lts. -  V6  -  1990-94",Cavalier / Celebrity / Century,6,G,811-AC,STD.,8.669,43.63,119.52,45º,17,C,,,,,,,V-9600,,
,,,,811-AC,.003,8.745,43.63,119.52,45º,17,C,,,,,,,V-9600,,
,,,,811-AC,.015,9.05,43.63,119.52,45º,17,C,,,,,,,V-9600,,
,,,,1811-EC,STD.,8.667,36.1,120.3,45º,7,C,14031328,,,,,,S-3188,,
,,,,1811-EC,.003,8.743,36.1,120.3,45º,7,C,14031328,,,,,,S-3188,,
,,,,1811-EC,.015,9.048,36.1,120.3,45º,7,C,14031328,,,,,,S-3188,,
"173 / 189  2,8 Lts. / 3.1 Lts.
V6 - 1987-89",Cavalier / Celebrity / Century - FI ,6,G,3104-AC,STD.,7.973,43.64,119.52,45º,2,C,14091805,,,,,,V-9610,,
,,,,3104-AC,.003,8.049,43.64,119.52,45º,2,C,14091805,,,,,,V-9610,,
,,,,3104-AC,.015,8.354,43.64,119.52,45º,2,C,14091805,,,,,,V-9610,,
,,,,23104-ECP,STD.,7.965,36.2,120.3,45º,2,C,10070124,14091806,5232958,,,,S-9611,,
,,,,23104-ECP,.015,8.346,36.2,120.3,45º,2,C,10070124,14091806,5232958,,,,S-9611,,
173  -  2.8 Lts. - V6 - 1980-86,Celebrity / Century (Buick 173),6,G,339-AC,STD.,8.66,40.7,119.4,45º,7,C,476529,8132227,14024249,,,,V-3103,,Suitable for CNG             --------            Apto GAS
,,,,339-AC,.003,8.736,40.7,119.4,45º,7,C,476529,8132227,14024249,,,,V-3103,,
,,,,339-AC,.015,9.041,40.7,119.4,45º,7,C,476529,8132227,14024249,,,,V-3103,,
,,,,1339-ECP,STD.,8.67,33.25,120,45º,7,C,4766528,14024254,,,,,S-3093,,
,,,,1339-ECP,.003,8.746,33.25,120,45º,7,C,4766528,14024254,,,,,S-3093,,
,,,,1339-ECP,.015,9.051,33.25,120,45º,7,C,4766528,14024254,,,,,S-3093,,
2.9/3.7/4.2 LTS. DOHC,"Chevrolet Colorado L4- L5  2007/8
Trailblazer - L6   2006/8",4/5/6,G,4084-AC,STD.,5.961,38.7,105.8,46º,4,C,12601763,12623722,,,,,V-7091,,
,,,,4085-ECB,STD.,5.951,33.6,108,46º,4,C,12601762, ,,,,,S-7092,,
"RDM - 3.0 Lts. / TD25 2,5 Lts.",D.-Max / Nissan Urvan - Atlas - E24 - F22 - D21,4,D,3964-APN,STD.,7.95,42,117.5,45º,2,A,8971317292,,,,,,,,
,,,,3823-EPN,STD.,7.93,35.6,118,45º,2,E,8970438612,8942478751,,,,,,21125 E,
189   -  3.1 Lts.  -  V6 - 1994-99,Chevrolet 189 - Lumina,6,G,3642-AC,STD.,7.974,43.65,119.5,45º,2,C,10166341, ,,,,,,,
,,,,3643-ECB,STD.,7.957,36.2,120.32,45º,2,C,12617048,10166342,,,,,,1004 AE,
200   -   3.3 Lts.   -   V6 - 1978-79,Malibu / Monte Carlo,6,G,331-AC,STD.,8.66,40.6,123.9,45º,7,A,461348,14004007,,,,,,,
,,,,331-AC,.003,8.736,40.6,123.9,45º,7,A,461348,14004007,,,,,,,
,,,,331-AC,.015,9.041,40.6,123.9,45º,7,A,461348,14004007,,,,,,,
,,,,1331-ECP,STD.,8.674,35.08,124.98,45º,7,A,461349,14024229,,,,,,,
,,,,1331-ECP,.003,8.75,35.08,124.98,45º,7,A,461349,14024229,,,,,,,
,,,,1331-ECP,.015,9.055,35.08,124.98,45º,7,A,461349,14024229,,,,,,,
207   -  3.4 Lts.  -  V6  -  1996-00,Monte Carlo / Montana,6,G,3734-AC,STD.,7.974,44.7,118.97,45º,2,C,24505722,12569583, ,,,,,,
,,,,3734-AZ,STD.,7.974,44.7,118.6,45º,2,C,,,,,,,,,
,,,,3734-AZ,.015,8.355,44.7,118.6,45º,2,C,,,,,,,,,
,,,,23104-ECP,STD.,7.965,36.2,120.3,45º,2,C,10070124,14091806,5232958,,,,S-9611,,
,,,,23104-ECP,.015,8.346,36.2,120.3,45º,2,C,10070124,14091806,5232958,,,,S-9611,,
"207  -  3.4 Lts. - 24V
V6 - 1991-97",Lumina,6,G,3670-AC,STD.,6.96,36.4,104,45º,2,A,10127492,24504246,,,,,,,
,,,,3671-EC,STD.,6.96,32,104.15,45º,2,A,10127493,10162178,,,,,V-7209,,
LX5 - 3.5 Lts. ,D.-Max,6,G,3962-AN,STD.,5.96,34,103.8,45º,2,C,8971319610,,,,,,,,
,,,,3963-EN,STD.,5.96,29,103.5,45º,2,C,8971319620,,,,,,,,
"V6, 217 C.I(3.6L), DOHC,FLEX,GAS,FI, 24V,VIN 3 LFX DIREECT INJEC
V6, 217 C.I(3.6L), DOHC,GAS,FI, 24V,VIN 8 LF3 TURBO","Camaro / Caprice / Colorado / 
Equinox / Impala / Impala Limited",6,G,4605-AN,STD,5.959,38.35,100.65,45º,2,C,,,,,,,V-7271,,
,,,,4403-EBN,STD,5.95,30.6,95.2,45º,2,E,12621548,,,,,,S-7212,,
"V6, 217 C.I., (3.6L), DOHC, GAS, FI, 24 Valve, Vin D, V, LLT Direct Injected.",Equinox / Malibu / Traverse,6,G,4600-AN,STD,5.963,37,101.3,45º,2,C,12575351,,,,,,,,
,,,,4601-EN,STD,5.95,30.6,97.1,45º,2,C,12575354,,,,,,,,
225  3.7 Lts.  -  V6 - 1964-67,Caprice / Impala - (Buick 225/300/340),6,G,337-A,.015,8.66,41.42,118,45º,9,C,1370109,,,,,,,,
,,,,337-E,STD.,8.648,34.88,118,45º,9,C,1370108,,,,,,,,
,,,,337-E,.015,9.029,34.88,118,45º,9,C,1370108,,,,,,,,
4.1 Lts. -  S4,Pick Up S 10 / D20 - (Maxion),4,D,3342-AC,STD.,9.474,44.2,122.7,45º,4,A,70910040,,,,,,,2100 A,
,,,,3389-ECB,STD.,9.458,38.2,123.12,45º,4,A,70910041,,,,,,,22100-E,
4.1 Lts. - S4T / S4T Plus,D20 -  (Maxion Turbo),4,D,3388-ACB,STD.,9.474,44.22,122.56,30º,4,A,70910039,,,,,,,22100 E,
,,,,3389-ECB,STD.,9.458,38.2,123.12,45º,4,A,70910041,,,,,,,22100-E,
Q20B 4.236 / 4.248  - 4.1 Lts.,Q20B 4.236 / 4.248,4 / 6,D,3392-AC,STD.,9.474,44.2,122.9,45º,4,A,70910017,70910025,,,,,,2414 A,
,,,,3393-ECB,STD.,9.458,36.6,123.4,45º,4,A,70910018, , , ,,,,22414 E,
4.2 Lts. - 4.07 - 12V - 6.07  - 18V,"Blazer / Pick Up S10
G 150T - (MWM)",4 / 6,D,3546-AC,STD.,6.95,33,105.1,30º,4,A,961004600024,,,,,,,6156 A,
,,,,3547-ECB,STD.,6.96,40,105.15,45º,4,A,940704600034,,,,,,,26156 E,
196 / 231    -    V6 - 1978-85,"Chevrolet 196 / 231
Buick 181 / 252",6,G,477-A,STD.,8.665,43.3,119.7,45º,8,C,1254161,,,,,,,,
,,,,477-A,.003,8.741,43.3,119.7,45º,8,C,1254161,,,,,,,,
,,,,477-A,.015,9.046,43.3,119.7,45º,8,C,1254161,,,,,,,,
,,,,1477-E ,STD.,8.66,38.1,119.9,45º,8,C,,,,,,,,,
,,,,1477-E ,.003,8.736,38.1,119.9,45º,8,C,,,,,,,,,
,,,,1477-E ,.015,9.041,38.1,119.9,45º,8,C,,,,,,,,,
,,,,1477-E ,.030,9.422,38.1,119.9,45º,8,C,,,,,,,,,
231   -  3.8 Lts.   -   V6 - 1978-85,Chevrolet 231,,,23114-EC,STD.,8.674,38.1,119.7,45º,8,C,25521841,,,,,,,,
,,,,23114-EC,.003,8.75,38.1,119.7,45º,8,C,25521841,,,,,,,,
,,,,23114-EC,.015,9.055,38.1,119.7,45º,8,C,25521841,,,,,,,,
"229   -   3.8 Lts.  -  V6 - 1980-84
305   -   5.0 Lts.  -  V8  - 1985-93","Malibu / Monte Carlo / Impala
Camaro / Caprice",6 / 8,G,475-AC,STD.,8.674,46.75,124.7,45º,7,E,14025571,3989088,3989083,14007370,,,V-9818,1650-A,
,,,,475-AC,.003,8.75,46.75,124.7,45º,7,E,14025571,3989088,3989083,14007370,,,V-9818,1650-A,
,,,,475-AC,.005,8.801,46.75,124.7,45º,7,E,14025571,3989088,3989083,14007370,,,V-9818,1650-A,
,,,,475-AC,.015,9.055,46.75,124.7,45º,7,E,14025571,3989088,3989083,14007370,,,V-9818,1650-A,
,,,,475-AC,.030,9.436,46.75,124.7,45º,7,E,14025571,3989088,3989083,14007370,,,V-9818,1650-A,
,,,,1475-ECP ,STD.,9.44,38.1,125,45º,7,A,,,,,,,,,
,,,,1475-ECP ,.003,9.516,38.1,125,45º,7,A,,,,,,,,,
,,,,1475-ECP ,.005,9.567,38.1,125,45º,7,A,,,,,,,,,
,,,,1475-ECP ,.030,10.202,38.1,125,45º,7,A,,,,,,,,,
"231   -   3.8 Lts.
V6 - 1992-95",Chevrolet 231 - (Buick),6,G,3130-AC,STD.,8.654,43.45,120.05,45º,6,A,,,,,,,S-7134,,
,,,,3130-AC,.015,9.035,43.45,120.05,45º,6,A,,,,,,,S-7134,,
,,,,3131-ECP,STD.,8.658,37.85,120.05,45º,6,A,,,,,,,V-7133,,
,,,,3131-ECP,.015,9.039,37.85,120.05,45º,6,A,,,,,,,V-7133,,
"231   -   3.8 Lts.
V6 -  1995-00",Chevrolet 231 - (Buick),6,G,3596-AC,STD.,7.96,45.7,119.9,45º,2,C,24507422,12569550,,,,,,,
,,,,3597-ECP,STD.,7.95,38.5,119.7,45º,2,C,24507423,212579949,,,,,V-9815X,,
,,,,3597-ECP,.003,8.026,38.5,119.7,45º,2,C,24507423,212579949,,,,,V-9815X,,
3.0 Lts.  Año 1985~,Omega,6,G,4030-AN,STD.,8.977,45,123.2,45º,2,E,642663,,,,,,,,
,,,,4031-EPN,STD.,8.975,40,123.8,45º,2,E,642826,,,,,,,,
6.6 Lts. - 2001~   Duramax TD Isuzu,Chevrolet Silverado - 2500HD / 3500,6,D,3790-APN,STD.,6.96,32.9,126.4,45º,2,E,97225507,12638805, ,,,,,,
,GMC Sierra 2500HD,,,3791-EPN,STD.,6.95,30.9,126,45º,2,E,97225508,97366946, ,,,,,,
"350   -   5.7 Lts.
V6  - 1967-82",Corvette / Malibu / Nova,6,G,487-A,STD.,8.67,49.3,124,45º,7,C,3799576,,,,,,V-2552,,
,,,,487-A,.003,8.746,49.3,124,45º,7,C,3799576,,,,,,V-2552,,
,,,,487-A,.005,8.797,49.3,124,45º,7,C,3799576,,,,,,V-2552,,
,,,,487-A,.015,9.051,49.3,124,45º,7,C,3799576,,,,,,V-2552,,
,,,,487-A,.030,9.432,49.3,124,45º,7,C,3799576,,,,,,V-2552,,
,,,,1138-E,STD.,8.67,38.1,125,45º,7,E,3835639,3724778,373122,,,,S-2090,21011-E,
,,,,1138-E,.003,8.746,38.1,125,45º,7,E,3835639,3724778,373122,,,,S-2090,21011-E,
,,,,1138-E,.005,8.797,38.1,125,45º,7,E,3835639,3724778,373122,,,,S-2090,21011-E,
,,,,1138-E,.010,8.924,38.1,125,45º,7,E,3835639,3724778,373122,,,,S-2090,21011-E,
,,,,1138-E,.015,9.051,38.1,125,45º,7,E,3835639,3724778,373122,,,,S-2090,21011-E,
,,,,1138-E,.020,9.178,38.1,125,45º,7,E,3835639,3724778,373122,,,,S-2090,21011-E,
,,,,1138-E,.030,9.432,38.1,125,45º,7,E,3835639,3724778,373122,,,,S-2090,21011-E,
403  -  6.6 Lts. (Caterpillar),Truck 403 - Kodiac - (Caterpillar) 3116 / 14-190 / 15-190 / 16-220,6,D,3614-AC,STD.,8,47,177.2,30º,2,E,7W8064,1614280, , ,,,,23077 A,
,,,,3615-EC,STD.,8,40,176.9,45º,2,E,1051779,1360819,7W2699,,,,,23077 E,
"250 / 292  -  1966-84
350  -  V8 - 1969-95",Truck 250 / 292 / 350 LPG,6 / 8,G,3604-AC,STD.,8.687,43.68,124.9,45º,7,E,,,,,,,,,Suitable for CNG             --------            Apto GAS
,,,,1138-E,STD.,8.67,38.1,125,45º,7,E,3835639,3724778,373122,,,,S-2090,21011-E,
,,,,1138-E,.003,8.746,38.1,125,45º,7,E,3835639,3724778,373122,,,,S-2090,21011-E,
,,,,1138-E,.005,8.797,38.1,125,45º,7,E,3835639,3724778,373122,,,,S-2090,21011-E,
,,,,1138-E,.010,8.924,38.1,125,45º,7,E,3835639,3724778,373122,,,,S-2090,21011-E,
,,,,1138-E,.015,9.051,38.1,125,45º,7,E,3835639,3724778,373122,,,,S-2090,21011-E,
,,,,1138-E,.020,9.178,38.1,125,45º,7,E,3835639,3724778,373122,,,,S-2090,21011-E,
,,,,1138-E,.030,9.432,38.1,125,45º,7,E,3835639,3724778,373122,,,,S-2090,21011-E,
"5,7 - 6,0 Lts.",346 - 364 - CI,8,G,3804-AC,STD.,7.966,50.8,123.68,45º,2,C,12563063,12550457,12555906,,,,V-7209,,
,,,,3805-ECP,STD.,7.942,39.4,125.05,45º,2,C,12555908, , ,,,,,,
"4,8 / 5,2 Lts. - 1999 / 2001",325,8,G,3706-AC,STD.,7.96,48,123.65,45º,2,C,12555905,12563062,,,,,,,
,,,,3707-ECP,STD.,7.965,39.3,124.85,45º,2,C,12550458,12563064,,,,,,,
"265 / 350 - 4,3 -5,7 Lts.
V8     1994-97",Chevrolet 265 / 350 ,8,G,3162-AC,STD.,8.665,46.75,123.95,45º,6,C,10244974,10220606,,,,,,,
,,,,3162-AC,.003,8.741,46.75,123.95,45º,6,C,10244974,10220606,,,,,,,
,,,,3162-AC,.005,8.792,46.75,123.95,45º,6,C,10244974,10220606,,,,,,,
,,,,3162-AC,.015,9.046,46.75,123.95,45º,6,C,10244974,10220606,,,,,,,
,,,,3164-AC,STD.,8.665,49.28,123.95,45º,6,C,10227494,10241746, , ,,,V-2552,1002 A,
,,,,3164-AC,.003,8.741,49.28,123.95,45º,6,C,10227494,10241746, , ,,,V-2552,1002 A,
,,,,3164-AC,.005,8.792,49.28,123.95,45º,6,C,10227494,10241746, , ,,,V-2552,1002 A,
,,,,3164-AC,.015,9.046,49.28,123.95,45º,6,C,10227494,10241746, , ,,,V-2552,1002 A,
,,,,3163-ECP,STD.,8.663,38.1,124.97,45º,6,C,12550909,10168594,12550909,,,,,22064 E,
,,,,3163-ECP,.003,8.739,38.1,124.97,45º,6,C,12550909,10168594,12550909,,,,,22064 E,
,,,,3163-ECP,.005,8.79,38.1,124.97,45º,6,C,12550909,10168594,12550909,,,,,22064 E,
,,,,3163-ECP,.015,9.044,38.1,124.97,45º,6,C,12550909,10168594,12550909,,,,,22064 E,
302 / 327 / 350  - 5.0 / 5.4 / 5.7 Lts.   -   V8 - 1967-69,Corvette / Malibu / Monte Carlo,8,G,330-AC,STD.,8.674,51.3,124.08,45º,7,C,3849814,3942556,,,,,,,
,,,,1330-ECP,STD.,8.67,40.64,124.48,45º,7,C,3849818,3937750,3955188,,,,,,
,,,,1330-ECP,.015,9.051,40.64,124.48,45º,7,C,3849818,3937750,3955188,,,,,,
L4 5.2lt. 4HK-1TC 16 val. ,Kodiak C6500 / C7500 / T6500 / T7500 / W5500 Tiltmester,4,D,4428-AN,STD,7.95,37,130.55,30º,2,E,8943958820,,,,,,,,
L6 7.8lt. GHK1-TC 24 val. ,,6,,4429-EN ,STD,7.93,36.98,130.25,45º,2,E,,,,,,,,,
"307   -   5.0 Lts.
V8 - 1973-80",Delta / Luxury / Tornado - (Oldsmobile),8,G,3100-A,STD.,8.712,44.45,118.7,45º,6,C,22503324,22521789,,,,,,,
,,,,3100-A,.003,8.788,44.45,118.7,45º,6,C,22503324,22521789,,,,,,,
,,,,3100-A,.005,8.839,44.45,118.7,45º,6,C,22503324,22521789,,,,,,,
,,,,3100-A,.015,9.093,44.45,118.7,45º,6,C,22503324,22521789,,,,,,,
,,,,3100-A,.030,9.474,44.45,118.7,45º,6,C,22503324,22521789,,,,,,,
,,,,1334-EC,STD.,8.694,38.15,119.1,30º,6,C,555456,,,,,,,21109-E,
,,,,1334-EC,.003,8.77,38.15,119.1,30º,6,C,555456,,,,,,,21109-E,
,,,,1334-EC,.005,8.821,38.15,119.1,30º,6,C,555456,,,,,,,21109-E,
,,,,1334-EC,.015,9.075,38.15,119.1,30º,6,C,555456,,,,,,,21109-E,
,,,,1334-EC,.030,9.456,38.15,119.1,30º,6,C,555456,,,,,,,21109-E,
"350   -   5.7 Lts.
V8  - 1973-80",Delta (Oldsmobile),8,G,334-A,STD.,8.7,47.7,118.7,45º,6,C,412354,553396,,,,,,1109-A,
,,,,334-A,.015,9.081,47.7,118.7,45º,6,C,412354,553396,,,,,,1109-A,
"350   -   5.7 Lts.
V8  -  1973-76",Delta / Luxury - (Oldsmobile),,,23103-EC,STD.,8.693,41.15,118.65,30º,6,C,553408,417736,,,,,,,
"330 C.I - 5.4 Lts - 5,7  Lts. -  - V8 - Año 1964 al 1972",Oldsmobile - Cutlass / Delta 88 / Vista Crusier,8,G,333-A,STD.,8.7,47.63,120.3,45º,6,C,388380,399809,,,,,,,
,,,,1333-E,STD.,8.694,41.2,119.6,30º,6,C,409265,,,,,,,,
,,,,3987-EB,STD.,8.692,39.65,120.1,45º,6,C,388385,401768,,,,,,,
"350   -   5.7 Lts.
V8  - 1968-80",Corvette / Malibu - (Buick 350),8,G,492-AC,STD.,9.46,47.6,127,45º,9,C,1381657,,,,,,,,
,,,,1492-EC,STD.,9.464,39.35,127.5,45º,9,A,1247718,,,,,,,,
,,,,1492-EC,.003,9.54,39.35,127.5,45º,9,A,1247718,,,,,,,,
"350   -   5.7 Lts. -  400  6.6 Lts.  -  455  7.5 Lts.
V8 - 1968-71",Delta / Toronado - (Oldsmobile),8,G,340-A,STD.,8.7,50.6,119.7,45º,6,C,389451,405874,411202,,,,,,
,,,,340-A,.015,9.081,50.6,119.7,45º,6,C,389451,405874,411202,,,,,,
,,,,4020-A,STD.,8.704,52.63,119.08,30º,13,C,230171,403350,415784, ,,,,,
,,,,1340-EP,STD.,8.685,41.25,119.3,45º,6,C,387457,401762,405892,,,,,,
"366  -   6.0 Lts.  -  427  7.0 Lts.
V8 - 1966-97",Truck,8,G,3142-AC,STD.,9.435,49.3,132.85,45º,6,A,2112716,3859915,14081053,,,,,,
"366 / 427 - 6.0 / 7.0 / 7.4 Lts.
V8 - 1966-97",Truck,8,G,489-AC,STD.,9.446,46.76,132.8,45º,6,A,336770,388127,,,,,,,Suitable for CNG             --------            Apto GAS
,,,,489-AC,.015,9.827,46.76,132.8,45º,6,A,336770,388127,,,,,,,
,,,,1489-ECPS,STD.,9.43,42.2,136.4,45º,6,C,10114115,10166867,3859914,3981040,,,,,
,,,,1489-ECPS,.015,9.811,42.2,136.4,45º,6,C,10114115,10166867,3859914,3981040,,,,,
6.2 Lts. - 6.5 Lts.,GM,8,D,3156-AC,STD.,8.67,46.9,129.7,45º,7,C,,,,,,,,,
,,,,3156-AC,.015,9.051,46.9,129.7,45º,7,C,,,,,,,,,
,,,,3157-ECPS,STD.,9.826,39,129.85,45º,7,C,,,,,,,,,
,,,,3157-ECPS,.015,10.207,39,129.85,45º,7,C,,,,,,,,,
"381 / 395 - 6,2 Lts. - 6,5 Lts.
V8  -  1982-00",Truck 381  / 395  - Blazer - Serie 10/20/30,8,D,3124-AC,STD.,8.67,46,129.75,45º,7,A, 14033927,,,,,,,,
"  6.2 Lts. / 395
V8  -  1984-90",Truck 381 - Blazer - Serie 10/20/30,,,3125-ECPS,STD.,9.436,38,129.75,45º,7,E,10137454,14033928,23500054,,,,,,
"381  -  6.2 Lts. -  395  6.5 Lts.
V8  -  1989-00",Truck 381  / 395 - Blazer - Serie 10/20/30,,,3165-ECPS,STD.,9.446,39,129.85,45º,7,A,10149663,23500283,,,,,,,
402 / 427 / 454  - 6.6 / 7.0 / 7.4 Lts.  -  V8 - 1966-76,Chevrolet,8,G,470-AC,STD.,9.449,52.4,132.7,45º,6,C,3931005,3860004,10101149,10114118,,,,,
,,,,470-AC,.003,9.525,52.4,132.7,45º,6,C,3931005,3860004,10101149,10114118,,,,,
,,,,470-AC,.005,9.576,52.4,132.7,45º,6,C,3931005,3860004,10101149,10114118,,,,,
,,,,470-AC,.015,9.83,52.4,132.7,45º,6,C,3931005,3860004,10101149,10114118,,,,,
,,,,1470-ECP,STD.,9.44,43.7,136,45º,6,C,3835639,3906695,3931006,,,,S-9670,,
,,,,1470-ECP,.003,9.516,43.7,136,45º,6,C,3835639,3906695,3931006,,,,S-9670,,
,,,,1470-ECP,.005,9.567,43.7,136,45º,6,C,3835639,3906695,3931006,,,,S-9670,,
,,,,1470-ECP,.015,9.821,43.7,136,45º,6,C,3835639,3906695,3931006,,,,S-9670,,
455  -  7.5 Lts.  -  V8  - 1970-76,Chevrolet 455 - (Buick),8,G,3708-AC,STD.,9.461,50.8,130.6,45º,20,C,1385075,,,,,,,,
,,,,3709-EC,STD.,9.464,42.85,130.95,45º,20,C,1246741,,,,,,,,
501   -  8.2 Lts. -  V8  -  1983-87,Detroit - Asp. - Turbo,8,D,568-AC,STD.,8.67,46,150.7,30º,6,E,23502068,5149743,8920119,,,,,,
,,,,568-AC,.005,8.797,46,150.7,30º,6,E,23502068,5149743,8920119,,,,,,
,,,,568-AC,.015,9.051,46,150.7,30º,6,E,23502068,5149743,8920119,,,,,,
,,,,1568-ECB,STD.,8.67,42.3,150.7,45º,6,E,23502067,5149742,8921347,,,,,,
,,,,1568-ECB,.005,8.797,42.3,150.7,45º,6,E,23502067,5149742,8921347,,,,,,
,,,,1568-ECB,.015,9.051,42.3,150.7,45º,6,E,23502067,5149742,8921347,,,,,,
Vortec GEN III V8 16v. 6.0lt. Vinj. L99 / ,Camaro / Corvette / Express / Silverado / Suburban ,8,G,4380-AC,STD,7.966,55,124,45º,2,C,12590771,12617533,,,,,V-7071,,
6.2lt. Vin W LS3  ,Savanna 2500/3500/4500 / Yukon XL2500 // ,,,4381-ECP,STD,7.955,40.4,124.8,45º,2,C,12582719,12612427,,,,,S-7072,,
8.1 Lts. Vortec  -  V10,8100 Vortec,10,G,3732-AC,STD.,9.445,55.65,132.85,45º,6,C,14096684,14097045,3864808,,,,V-9843,,Suitable for CNG             --------            Apto GAS
,,,,3733-EX,STD.,9.436,43.7,136.95,45º,6,C,12558849,,,,,,,,
,GMC,,,,,,,,,,,,,,,,,,,
"L4, (2.0 LTS), 1998 C.C., 16 VALVE, DOHC, FLEX, Turbocharged ",GMC Acadia / Canyon / 	Terrain,4,G,4805-AN,STD.,5.96,36.5,95.8,45°,2,C,12662527,,,,,,,,
"L4, (2.5 LTS), 2457 C.C., 16 VALVE, DOHC, FLEX, Naturally Aspirated",,,,4806-EN,STD.,5.955,29,103.4,45°,2,C,12653010,,,,,,,,
V6 2.8lt. 24v. Vin 4/6 Turbo ,GMC Terrain,6,G,4402-AN,STD,5.96,35.15,101.22,45º,2,C,12575352,12620501,,,,,V-7211,,
V6 3.0lt. 24v. Vin 5/LFW / G/Y/LF1 ,,,,,,,,,,,,,,,,,,,,
V6 2.8lt. 24v. A28NER/B284/B284R/GM LP9,,,,4403-EBN,STD,5.95,30.6,95.2,45º,2,E,12621548,,,,,,S-7212,,
,,,,,,,,,,,,,,,,,,,,
6.6 Lts. - 2001~   Duramax TD Isuzu,Chevrolet Silverado - 2500HD / 3500,6,D,3790-APN,STD.,6.96,32.9,126.4,45º,2,E,97225507,12638805, ,,,,,,
,GMC Sierra 2500HD,,,3791-EPN,STD.,6.95,30.9,126,45º,2,E,97225508,97366946, ,,,,,,
"V6, 217 C.I., (3.6L), DOHC, GAS, FI, 24 Valve, Vin D, V, LLT Direct Injected.",Acadia,6,G,4600-AN,STD,5.963,37,101.3,45º,2,C,12575351,,,,,,,,
,,,,4601-EN,STD,5.95,30.6,97.1,45º,2,C,12575354,,,,,,,,
"V6, 217 C.I(3.6L), DOHC,FLEX,GAS,FI, 24V,VIN 3 LFX DIREECT INJEC
V6, 217 C.I(3.6L), DOHC,GAS,FI, 24V,VIN 8 LF3 TURBO",Canyon / Terrain ,6,G,4605-AN,STD,5.959,38.35,100.65,45º,2,C,,,,,,,V-7271,,
,,,,4403-EBN,STD,5.95,30.6,95.2,45º,2,E,12621548,,,,,,S-7212,,
,GUASCOR,,,,,,,,,,,,,,,,,,,
 SFG LD 180 / 240 / 360 / 480  L6 / L8 /,Guascor Engine ,6/8/12/16,D,4347-EX (Adm/Esc),STD,10.96,52,193.5,20º,2,A,,,,,,,,,
" V12 / V16 - 18,0lt. / 24.0lt. / 36.lt. / 48.0lt",,,,,,,,,,,,,,,,,,,,
,HANOMAG,,,,,,,,,,,,,,,,,,,
D57 - 1950-69,Tractor R45 / 55 / 60,4,D,529-AE,STD.,9.97,40.3,163.3,45º,8,B,503651000,,,,,,,,
,,,,,,,,,,,,,,,,,,,,
,HINO,,,,,,,,,,,,,,,,,,,
"L4, (4.6 LTS.), 16 VALVE, OHC, TURBO INTERCOOLER, SERIE 300, J05E",,4,D,4712-AN,STD.,6.963,38.9,132.8,60,2,E,S1371-11632 ,,,,,,,,
,,,,4713-EN,STD.,6.94,36.9,132.15,45º,2,E,S1371-51733 ,,,,,,,,
,HOLDEN,,,,,,,,,,,,,,,,,,,
"253 / 308
V8  - 1978-79",Comodore / Torana,8,G,3205-AN,STD.,8.665,45,132.8,45º,7,E,7434767,,,,,,,,
,,,,23205-EN,STD.,8.645,28.8,132.8,45º,7,E,7434768,,,,,,,,
308  -  1974-75,Torana L34,8,G,3202-AN,STD.,8.67,49.5,132.2,45º,7,C,9935278,,,,,,,,
,,,,23202-EPN,STD.,8.67,40.7,132.2,45º,7,A,9935284,,,,,,,,
,HONDA,,,,,,,,,,,,,,,,,,,
L13A- 16v,Fit 1.4 Ltrs,4,G,4164-AN,STD.,5.475,32,118.35,45º,2,A,14711-PWA-000,,,,,,,1192 A,
,,,,4165-EN,STD.,5.45,27.9,118.25,45º,2,C,14721-PWA-000,,,,,,,21192 E,
D15B1   -  1.5 Lts.   -   D16A6   -   1.6 Lts.   -   16V  - 1988~,Accura / Civic / Integra,4,G,3432-A,STD.,5.475,28.9,115.1,45º,2,C,14711PM3000,17211PM3003,,,,,,21190 A,
,,,,3433-EBN,STD.,5.44,25,118.7,45º,2,C,14721PM3000, ,,,,,,21190 E,
EJ / EF /EC 1355 CC,HONDA,4,G,3290-A,STD.,6.57,35.04,112.66,45º,20,C,,,,,,,,,
"1.3 Lts. - 1.5 Lts.
EV / EW  - 12V - 1983~",Civic / Triumph / CRX / Ballade / Shuttle,,,3287-AN,STD.,6.58,27,112.7,45º,2,C,14711-PEO-000,,,,,,,,Suitable for CNG             --------            Apto GAS
,,,,23287-EN,STD.,6.55,32,113.85,45º,2,C,14721-PEO-000,,,,,,,,
1.5 Lts. - EP  -  12V - 1980~,Accord / Prelude / Quintet,4,G,3289-A,STD.,6.99,35,113.2,45º,2,C,14711-PB2-000,,,,,,,,
,,,,23289-E,STD.,6.96,28.08,113.33,45º,2,A,14721-689-000,,,,,,,,
L15A6 1.5-16v, City / New Fit VTEC,4,G,4166-AN,STD.,5.475,27.5,118.35,45º,2,C,14711-PWC-000,,,,,,,1193 A,
,,,,4167-EN,STD.,5.455,23,117.6,45º,2,C,14721-PWC-000,,,,,,,21193 E,
"V-TEC / V-TEC-E -16V.-1.6 Lts -(1992-2000)- 
1.7 Lts. - (2001-03)                ",Civic,4,G,3854-AN,STD.,5.484,30,118.57,45º,2,C,14711P08000,14711P2A000,,,,,,1191 A,
,,,,3855-EBN,STD.,5.456,25.98,115.95,45º,2,C,14721P08000,,,,,,S-7010,21191 E,
"1.6 Lts. - 1.8 Lts.
ES / EY  -  12V - 1983~",Prelude / Accord,4,G,3291-AN,STD.,6.55,30,121,45º,2,C,14711-PC6-000,,,,,,,,Suitable for CNG             --------            Apto GAS
,,,,23291-EBN,STD.,6.947,34.9,120.6,45º,2,C,14721-PC6-000,,,,,,,,
"1.6 Lts. - 1.8 Lts. - 2.0 Lts.
A16 / A18 / A20
C27 / B20  -  1984~",Accord / Prelude / CRV 2.0 Ltrs,4,G,3430-A,STD.,6.57,33,104.4,45º,2,C,14711PH3000,,,,,,,,
,,,,4022-A,STD.,6.584,31.1,105.35,45º,2,C,,,,,,,,,
,,,,3431-EB,STD.,6.55,28,106,45º,2,C,,,,,,,,,
1.8 Lts.  -  EK  -  12V  -  1978~,Accord / Prelude,4,G,3236-A,STD.,6.97,34,113.3,45º,2,C,14711-689-000,,,,,,,,
,,,,23236-EP,STD.,6.955,28,113.8,45º,2,C,14721-689-660,,,,,,,,
1.8 Lts.  -  EK  -  12V  -  1982~,Accord / Prelude,4,G,3288-AN,STD.,6.99,36,113.4,45º,2,C,14711-PC1-000,,,,,,,,Suitable for CNG             --------            Apto GAS
,,,,23288-ECP,STD.,6.96,30,113.8,45º,2,C,14721-PC1-000,,,,,,,,
H22A4 L4 2.2lt. 16v. ,Prelude ,4,G,4302-AN,STD,5.475,35,106.85,45º,2,C,14711-P13-000,,,,,,,,
,,,,4263-ECB,STD,5.47,30,106.95,45º,2,C,EM-2763,,,,,,,,
 B20B 2.0 lt. 4 cil. 16 v.,CR-V,4,G,4130-A,STD,6.575,31,105.5,45º,2,C,,,,,,,,,
,,,,4131-EN,STD,6.56,28,105.8,45º,2,C,,,,,,,,,
2.0 Lts. SI / CRV-4 2.4 Lts.,Civic / CRV-4 / Element / Accord / Acura TSX,4,G,4252-A,STD,5.47,35,109.1,45º,2,C,14711-PNA-000,,,,,,V-7113,,
Motor K20A / K24A / K24A8 / K24Z6 / 424Z1 L4 2.4Lts 16V,,,,4253-E,STD,5.45,30,108.75,45º,2,C,14721-PNA-000,,,,,,V-7051,,
F20A / F18A 2.0lt / 1.8lt - L4 - 16v,                 Honda Prelude / Accord                                     ,4,G,4342-AN,STD,5.48,32,112.3,45º,2,C,14711-PTO-000,,,,,,,,
,,,,4343-EN,STD,5.46,27,124,45º,2,C,14721-PTO-000,,,,,,,,
1.8 Lts. - 06/12 - Motor R18A1 ,Civic,4,G,4176-AN,STD.,5.485,32,116.7,45º,2,C,14711-RNA-A00,,,,,,,,
,,,,3855-EBN,STD.,5.456,25.98,115.95,45º,2,C,14721P08000,,,,,,S-7010,21191 E,
2.2 Lts.  -  F22   -   16V  -   1989~,Accord / Inspire / Accura/ Prelude,4,G,3458-AN,STD.,5.479,34,112.04,45º,2,C,14711PT3A00,14711P0BA00,,,,,,,Suitable for CNG             --------            Apto GAS
,,,,3459-EBN,STD.,5.455,29,123.6,45º,2,C,14721PT30A0,14721PT6A00,,,,,,,
2.2 Lts.  -  F22  -  16V  -  1989~,Accord / Inspire / Accura,4,G,3688-AN,STD.,6.584,34,103.65,45º,2,C,14711PT2000,,,,,,,,Suitable for CNG             --------            Apto GAS
,,,,3689-ECB,STD.,6.551,29,102.7,45º,2,C,14721PT2000,,,,,,,,
L4 16v. 2.3lt. - F23A1 / F23A4 / F23A7,HONDA Accord y Odyssey,4,G,4306-AN,STD,5.49,34.01,115.85,45º,2,C,14711POHA00,,,,,,V-7053,,
V6 24v. 3.0lt. - J30A1,,,,4163-EN,STD,5.452,29,114.2,45º,2,C,14721P0HA00,,,,,,S-7054,,
"Motor K24A27 
 2.4 Lts. 4Cil. 16v.",Honda CRV,4,G,4522-AN,STD,5.475,36,108.8,45º,2,C,14711R40A00,,,,,,,,
,,,,4523-EBN,STD,5.46,31,108.8,45º,2,C,14721R40A00,,,,,,,,
J35A6/J35A7 / J35A9 / J32A3 / J35A5-,Honda Odyssey / Pilot / Ridgeline,6,G,4264-AN,STD,5.48,35,116,45º,2,C,14711P8EA00,,,,,,V-7241,,
 V6 - 3.0lt. / 3.2lt. / 3.5lt. - 24v. ,,,,4265-EBN,STD,5.46,30.1,114.3,45º,2,C,14721P8EA00,,,,,,,,
"V6 3471cc (3.5L), SOHC, GAS, FI, 24 VALVE, J35Z2","Accord/ Crosstour/ Odyssey/ Pilot/ Ridgeline
RDX-RLX-TL-TSX-ZDX",6,G,4604-AN,STD,5.489,36,117,45º,2,C,,,,,,,V-7239,,
"V6 3664 cc (3.7L), SOHC, GAS, FI, 24 VALVE J37A4",,,,4265-EBN,STD,5.46,30.1,114.3,45º,2,C,14721P8EA00,,,,,,,,
,HYUNDAI,,,,,,,,,,,,,,,,,,,
1.0 Lts. - 3JE -  12V - 1999,Atos,4,G,3796-AN,STD.,5.47,23.4,100.4,45º,2,C,2121102500,,,,,,,5049 A,Suitable for CNG             --------            Apto GAS
,,,,3797-EBN,STD.,5.44,26.96,100.15,45º,2,E,,,,,,,,,
"L3 1,0lt 12v.",Hyundai HB 20,3,G,4490-AN,STD,5.475,26.8,92.9,45º,2,E,2221104000,,,,,,,,
,,,,4491-EN,STD,5.46,24.1,93.4,45º,2,E,2221204070,,,,,,,,
L4 1.1lt. iRDE2 12 val,Hyundai Picanto i10,4,G,4426-AN,STD,5.465,24.9,99.1,45º,2,E,2221102220,,,,,,,,
,,,,4427-EBN,STD,5.445,28,98.5,45º,2,E,2221202210,,,,,,S-7178,,
1.1 Lts. - 12V.,Santro,4,G,4050-AN,STD.,5.475,23.5,99.6,45º,2,E,2221102200,,,,,,,,
,,,,4051-EN,STD.,5.44,27,99,45º,2,E,2221102200,,,,,,,,
"1.3 Lts. - 1.5 Lts.
G13B / G15  -  1985~",Exel / Pony,4,G,462-A,STD.,6.57,34,102.15,45º,2,C,MD-016460,,,,,,,1086 A,
,,,,1462-EB,STD.,6.358,30.03,101,45º,2,C,MD-016461,,,,,,V-9579X,21086 E,
1.3 Lts. - 1.5 Lts.  -  12V,Accent / Lantra,4,G,3738-AN,STD.,5.945,27.45,99,45º,2,E,2221122003,,,,,,,,Suitable for CNG             --------            Apto GAS
,,,,3739-EBN,STD.,5.945,32,98.4,45º,2,E,22212-22011,,,,,,,,
 4G61 / 4G63,Lantra / Sonica -,4,G,3426-AC,STD.,6.573,33.96,109.65,45º,2,C,2221133000,MD127840,,,,,,5051 A,Suitable for CNG             --------            Apto GAS
 1.6 Lts. - 1.8 Lts. - 2.0  Lts. - 16V  1989~,,,,3427-ECB,STD.,6.54,30.43,109.65,45º,2,C,2221233000,MD127841,,,,,,25051 E,
"Motor G4F - NAFTA
1.6 LTS. ",I-30 GAMMA,4,G,4250-AN,STD,5.47,31.5,93.2,45º,2,E,22211-2B400,,,,,,V-7293,,
,,,,4251-EN,STD,5.47,26,92.6,45º,2,E,22212-2B400,,,,,,S-7294,,
"G4ED
1.6 Ltrs. 16V","Elantra / Coupe / Accent / 
Lavita / Click / Excel II / Tiburon / 
Verna  Vision/ Getz / Matrix ",4,G,4152-AN,STD,5.97,29.1,91.8,45º,2,E,2221126600,,,,,,V-7003,,
,,,Esc,4153-EN,STD,5.96,24.9,92.4,45º,2,E,2221226000,2221226050,,,,,S-7004,,
"G4DM / G4GM - 
1.8 / 2.0 Lts. 16v. ",Elantra / Tiburon / Tucson/ Trajet / i30 ,4,G,4178-AN,STD,5.94,32,102.2,45º,2,C,2221123000, ,,,,,,,
,,,Esc,4179-EN,STD,5.932,27.5,104.7,45º,2,c,2221223000,,,,,,,,
"G4GC  4Cil. 2.0Lts. 
DOHC, GAS, FI, 16 v.  ",Elantra / Tucson,4,G,4536-AN,STD,5.966,31.9,114.35,45º,2,C,2221123600, ,,,,,,,
,,,,4537-EN,STD,5.95,27.4,116.8,45º,2,C,2221223600,,,,,,,,
"CRDi / D4EA
2.0 Lts ",Tucson/ Sta Fe/Carens /  Elantra ,4,D,4118-A,Std,5.94,28.55,95.63,45º,2,E,2221127001,,,,,,,,
,,,Esc,4119-EN,Std,5.9,24.26,95.27,45º,2,E,2221227001,,,,,,,,
"D4HB / D4HA
2.2 Lts. 16v","Santa Fe, Santa Fe II,
 Tucson CRDI, IX 35 CRDI",4,D,4516-AN,STD,5.935,29,108.3,45º,4,C,22211-2F000,,,,,,,,
,,,,4517-EBN,STD,5.915,26,108.3,45º,4,C,22212-2F010,,,,,,,,
D4BH - 2.5 Lts.,H1 - Terracam ( 2004) - Galloper (1999-2001) - Mitsubishi L 200 D4BH ,4,D,3896-AN,STD.,7.97,40,130,45º,2,A,2221142520,,,,,,V-7051,21626 A,
,,,,3897-EN,STD.,7.935,34,129.85,45º,2,A,2221242520,,,,,,,21626 E,
"2.5 Lts.  D - 4BB
D4BA - 1999~",H100,4,D,3720-AN,STD.,7.97,42,136.2,45º,2,C,22211-42200,,,,,,,,Suitable for CNG             --------            Apto GAS
,,,,3721-EBN,STD.,7.95,36,136,45º,2,C,22212-42200,,,,,,,25050 E,
Motor Euro IV,I-10 Kappa,4,G,4268-AN,STD,5.475,26.8,101,45º,2,E,2221103201,,,,,,V-7291,,
,,,,4269-EN,STD,5.465,24.1,101.15,45º,2,E,3331203201,,,,,,S-7292,,
5BP 8Lts. L4 Vin 1.  16v,Spectra/ Sephia,4,G,4284-AN,STD,5.974,31.5,102.92,45º,2,C,OK24712111,,,,,,,,
,,,,4285-EN,STD,5.974,27,101.42,45º,2,C,OK24712121,,,,,,,,
2.5 Lts. Motor D4BB -DIESEL, H100 / H1,4,D,4170-AN,STD,7.96,42,132,45º,2,E,22211-42220,,,,,,,,
,,,Esc,4171-EN,STD,7.94,36,131.8,45º,2,E,22212-42220,,,,,,,,
G6BA Delta V6 2.7Lts 24V,Hyunday Santa Fe/ Tucson/ Tiburon / Sonata,4,G,4258-AN,STD,5.955,32.05,96.35,45º,2,A,2221137201,,,,,,,,
,,,,4259-EN,STD,5.963,27.55,97.15,45º,2,A,2221237200,,,,,,,,
"Hyundai V6, 3342cc, (3.3L), DOHC, GAS, FI, 24 Valve, Vin F, G G6DH Lamda II GDi Direct Injected /  
V6, 3778cc, (3.8L), DOHC, GAS, FI, 24 Valve, Vin D, J G6DJ Lamda II GDi Direct Injected.","Azera /Genesis /Genesis Coupe / 
SantaFe / Santa Fe XL",6,G,4598-AN,STD,5.471,36,105.3,45º,2,E,222113C800,,,,,,,,
,,,,4599-EN,STD,5.463,31,105.5,45º,2,E,222123C800,,,,,,,,
Hyunday G6AU Sigma v6 3.5Lts. 24v,Hyunday Santa Fe/ Xg350,4,G,4280-AN,STD,6.565,35,106.25,45º,2,C,2221135510,2221135520,,,,,,,
,,,,4281-EN,STD,6.54,30.5,105.41,45º,2,C,2221235500,,,,,,,,
"L4, (2.5lts) 8v.",Galloper / H100,4,D,4634-A,STD,7.96,40,132.4,45º,2,E,,,,,,,,,
,,4,D,4635-EN,STD,7.93,34,132.4,45º,2,E,,,,,,,,,
,INFINITI,,,,,,,,,,,,,,,,,,,
SR20DE ,Infinity G20                                    ,4,G,4378-AN,STD,5.965,34,98.3,45º,2,C,132012J202,132012J202,,,,,V-9745,,
2.0lt. L4 16v ,,,,4379-EN,STD,5.945,30.1,99.1,45º,2,C,132022J202,,,,,,,,
VG30DE v6 3.0Lts 24v, Infiniti J30,4,G,4278-AC,STD,5.98,34,103.12,45º,2,C,1320130P00,13201F6510,13201F6511,,,,,,
,,,,4279-EC,STD,5.95,29.6,106.66,45º,2,C,1320230P00,132024P00,,,,,,,
VQ35SE V6 3.5lt. 24v,JX35 / EX35 / M35 / FX35,6,G,4420-AN,STD,5.97,36.8,97.2,45º,2,C,132019N00A,13201JK20A,13201JK20B,,,,,,
,,,,4421-EN,STD,5.96,30.4,94.8,45º,2,C,132029N00A,13202JA10A,13202JK21A,,,,,,
 VK56DE V8 ,QX56.,8,G,4418-AN,STD,5.97,37.15,96.45,45º,2,C,1291182Z10,132017S000,,,,,S-7058,,
5.6lt 32v,,,,4419-EN,STD,5.96,31.35,94,45º,2,C,132027S000, ,,,,,S-7057,,
,IHC/NAVISTAR,,,,,,,,,,,,,,,,,,,
113  -  1994-96,TT 113 - C 113,4,G,3740-A,STD.,8.661,34.1,122.75,45º,8,A,42024DA,,,,,,,,
,,,,3741-EB,STD.,8.661,30.94,123,45º,8,A,42025DA,,,,,,,,
"Turbo Diesel V8, 6,4lt. 32v.",Power Stroke Turbo,16,D,4206-AC,STD,6.95,34,130.5,37º,2,C,8C3Z6507A,,,,,,V-7085,,
,,,,4207-EC,STD,6.945,29.5,130.5,40º,2,C,8C3Z6505A,,,,,,S-7086,,
"L4 2,5L - L4 2,7L","122, H, HV, I4, IV4, W, W4, C152, Super H, HV, W4, V164 - C164",4,D,4318-A,STD,8.661,38.1,136.22,45º,8,A,50706DA,,,,,,,,
,,,,4319-E,STD,8.661,34.93,136.12,45º,8,B,50707DA,,,,,,,,
"L6 3,9L - L4 2,7L - L6 4,6L",I.H.C. Tractor,4 y 6,D,3476-A,STD,9.449,41.96,154,45º,8,C,278301R1,,,,,,,,
,,,,3477-EP,STD,9.449,33.02,154,46º,8,C,278302R1,,,,,,,,
123,C123 Tractor,4,G,3636-A,STD.,8.661,34.1,125.5,45º,8,A,57797D,,,,,,,,
,,,,3637-E,STD.,8.661,29.4,125.5,45º,8,B,57798D,,,,,,,,
DT 408 / 466 / D530  ,Navistar / IHC Truck,6,D,3556-AC,STD,9.444,50.04,147.12,60º,2,A,1824642C1,1824642C2,,,,,V-9753X,,
 L6 6.7 Lts. / TD Inj. L6 7.6 Lts. /  L6 8.7Lts. 12v.,,,,3557-EX,STD,9.433,40.65,147,45º,2,E,1824842C1,,,,,,,,
7.6 / 8.7 Lts. - HEUI INJ - 12V,530 - DT 466 C.I. Elec. Inj.,6,D,3982-AC,STD.,9.454,50.04,152.2,30º,2,E,1826471C1,1826471C2,1842913C1,,,,,,
,,,,3968-AC,STD.,9.45,45.35,152.15,30º,2,A,1823875C2,1823875C1,,,,,V-9554,,
,,,,3969-EX,STD.,9.422,45.35,152.15,45º,2,A,1824840C2,1824840C1,1842912C1,,,,,,
"400 c.i. (6,6 l.) - v 400 (1974/1975)",IHC/Navistar,8 ,G,474-A,STD.,9.449,51.43,124.43,30º,5,C,3218733,3229657,8122756,,,,V-9556,,
,,,,474-A,.015,9.83,51.43,124.43,30º,5,C,3218733,3229657,8122756,,,,V-9556,,
,,,,1474-EP,STD.,9.449,42.67,124.7,45º,5,C,3218731,,,,,,S-9557,,
,,,,1474-EP,.003,9.525,42.67,124.7,45º,5,C,3218731,,,,,,S-9557,,
,,,,1474-ECP,.015,9.83,42.67,124.7,45º,5,C,3218731,3224598,J3224598,,,,,,
155,Neuss D179 / D239 / D358,6,D,3200-A,STD.,9.957,42.9,146.09,45º,2,A,3055055R2,,,,,,V-9509,,
,,,,3200-E,STD.,9.936,40.9,146,45º,2,A,3055056R1,31804799R1,,,,,S-9510,,
"232 - 3,8 l. -  1973-80",AMC Jeep 232 / 258 / 304,6,G,428-A,STD.,9.44,45.4,124.4,30º,5,A,3218732,3218809,3218810,444829C1,,,V-9554,,
,,,,428-A,.003,9.516,45.4,124.4,30º,5,A,3218732,3218809,3218810,444829C1,,,V-9554,,
,,,,428-A,.015,9.821,45.4,124.4,30º,5,A,3218732,3218809,3218810,444829C1,,,V-9554,,
,,,,1428-EP,STD.,9.44,35.7,124.3,45º,5,A,3224597,3218813,3224602,,,,S-9555,1037 E,
,,,,1428-EP,.003,9.516,35.7,124.3,45º,5,A,3224597,3218813,3224602,,,,S-9555,1037 E,
,,,,1428-EP,.015,9.821,35.7,124.3,45º,5,A,3224597,3218813,3224602,,,,S-9555,1037 E,
"232C,I, (3,8 l.) - 12 valv. - AMC (1969/1972)",IHC/Navistar,6 / 8 ,G,3204-A,STD.,9.44,45.3,124.4,30º,8,E,3240768,3237465,J3237465,,,,,,
,,,,3204-A,.015,9.821,45.3,124.4,30º,8,E,3240768,3237465,J3237465,,,,,,
,,,,23204-ECP,STD.,9.44,35.6,124.2,45º,8,E,3240767,3237464,J3237464,,,,,,
,,,,23204-ECP,.003,9.516,35.6,124.2,45º,8,E,3240767,3237464,J3237464,,,,,,
,,,,23204-ECP,.015,9.821,35.6,124.2,45º,8,E,3240767,3237464,J3237464,,,,,,
 ,Navistar DT 360,6,D,3494-AP,STD.,9.449,43.38,144.29,30º,6,A,676687C4,,,,,,V-9715,,
,,,,3495-EPS,STD.,9.411,37.01,144.3,45º,6,A,1810086C1,1810086C2,,,,,AS-9714,,
7.6 Lts. - Diesel Electronic Inj. 24 V,"TRUCK DT466 ""Maxforce""",6,D,4068-AC,STD.,7.927,39.72,147.98,30º,2,A,1839968C1,,,,,,,,
,,,,4069-EX,STD.,7.927,36.55,147.6,45º,2,A,1839970C1,1842145C2,,,,,,,
408  -  1993-99,Navistar DT408 ND,6,D,3536-AC,STD.,7.925,50.04,147.04,30º,6,C,1818580C1,,,,,,S-9751,,
,,6 Cyl,,3537-EC,STD.,7.907,40.64,146.97,45º,6,C,1818579C1,1824838C1,,,,,V-9752,,
414 / 436 / 466  - 1972~,IHC D414 / D436 / D466,6,D,23201-ACP,STD.,9.451,50.01,146.99,30º,6,A,675046C4,675046C2,,,,,V-9713,22038 A,
,IHC D414 / D436 / D466 - Turbo,,,23201-ECPS,STD.,9.451,40.64,147.14,45º,6,A,676865C4,676865C2,,,,,AS-9712,,
551   -   9.0 Lts. - V8,IHC Truck 351,6,D,3256-AC,STD.,9.47,48.75,153,45º,16,A,,,,,,,,,
,,,,23256-EC,STD.,9.44,43.79,153.5,45º,16,A,,,,,,,,,
363 C.I. - 6.0Lts. - OHV - FI - 32V. - Año 2003 - 2007,Powerstroke Turbo,8,D,3988-AC,STD.,6.955,34,128.5,30º,2,A,3C3Z6507AA,,,,,,,,
,,,,3989-EC,STD.,6.955,28,128.5,37º,2,A,3C3Z6505AA,,,,,,,,
"420 / 445  - 6.9 / 7.3Lts.
V8 - 1988-95",IHC / Navistar,8,D,23019-ACP,STD.,9.449,47.7,144.5,30º,6,A,E3TZ6507D,,,,,,V-9755,,
,,,,23019-ACP,.015,9.83,47.7,144.5,30º,6,A,E3TZ6507D,,,,,,V-9755,,
,,,,23019-ECB,STD.,9.449,40.5,144.2,38º,6,C,1816638C2,,,,,,,,
,,,,23019-ECB,.015,9.83,40.5,144.2,38º,6,A,1816638C2,,,,,,,,
304 / 345  -  V8,IHC 4-152 / V-304 / V-345,8,D,472-AC,STD.,9.46,50.2,132.5,45º,7,A,151269R2,391936C1,151269R2,,,,,,
,,,,1472-ECPS,STD.,9.449,40.8,139.2,45º,7,A,151443R2,151443R3,151443R2,,,,,,
,,,,1472-ECPS,.015,9.83,40.8,139.2,45º,7,A,151443R2,151443R3,151443R2,,,,,,
"444  7.3 Lts.
V8 - 1993-00",Navistar 444 TE,8,D,3258-AC,STD.,7.93,42.7,147.49,30º,6,E,1814424C1,,,,,,,,
,,,,3259-ECP,STD.,7.93,42.7,147.34,38º,6,E,,,,,,,,,
L4 4.8LTS. 16V. EURO IV - DIESEL,MIDIBUS 3100 FE (12/),4,D,4612-AC,STD,6.963,36.6,122.05,60,4,C,,,,,,,,,
,,4,D,4613-ECX,STD,6.963,32.5,121.5,45º,4,C,,,,,,,,,
,ISUZU,,,,,,,,,,,,,,,,,,,
4FE1 L4 8V,Autoelevador Isuzu,4,D,4298-AN,STD,7.95,31,134.4,45º,2,C,8-94178-102-0,,,,,,,,
,,,,4299-EN,STD,7.94,26,134.4,45º,2,C,8-94410-960-2,,,,,,,,
1.5 Lts.  -  4XC1 / 4XE1  -  16V - 1985~,Gemini / I-Mark,4,G,3115-AN,STD.,6.98,36,105.1,45º,2,C,8-94250-977-0,,,,,,,,
,,,,23115-EN,STD.,6.965,31,105.1,45º,2,C,8-94250-978-0,,,,,,,,
"1.6 Lts. - 1.8 Lts. -  2.0 Lts.
G161 / G180 / G200 - 1966~",Bellet / Luv / Trooper / Impulse / Piazza,4,G,476-AC,STD.,7.95,42.35,109.7,45º,8,C,8-94205-977-0,,,,,,,5301 A,Suitable for CNG             --------            Apto GAS
,,,,1476-ECP,STD.,7.938,33.95,110.8,45º,8,C,8-94212-835-0,,,,,,S-7090,25301 E,
1.7 Lts. -  4EE1,Gemini D,4,D,3168-A,STD.,6.96,34.4,103.9,45º,2,E,641000 / 641044,,,,,,,1213 A,
,,,,3169-EB,STD.,6.95,30.5,103.8,45º,2,E,641300 / 641322,,,,,,,21213 E,
1.8 Lts.  -  G180 / G180S / G180Z    1972~,Luv / Faster / KB,4,G,832-AN,STD.,7.945,40.34,110.8,45º,8,C,94217178,94251275,,,,,,5306 A,Suitable for CNG             --------            Apto GAS
,,,,1832-EN,STD.,7.945,34.02,109.18,45º,8,C,94217179,94251276,,,,,,25306 E,
"1.8 Lts.- 2.0 Lts. - 2.2 Lts.
4FB1 / 4FC1 / 4FD1  - 1982~",Gemini / WFR,4,D,3112-AC,STD.,7.96,39,132.3,45º,2,A,8-94216-589-0,,,,,,,,
,,,,23112-ECP,STD.,7.945,34,132.3,45º,2,A,8-94108-307-0,,,,,,,,
2.0 Lts 8V  4ZC1 TURBO,ISUZU,,G,4144-A,Std,5.95,31.96,102,45º,4,E,90412277,,,,,,,,
,,,,4145-E,Std,5.93,29,92.22,45º,4,E,90410813,,,,,,,,
"4ZC1 / 4ZD1   -  1983~ 
2.0 Lts. ",Impulse / Trooper,4,G,847-AN,STD.,7.95,42.4,110.6,45º,8,C,8941539690,8942512750,,,,,,1114 A,Suitable for CNG             --------            Apto GAS
,Impulse / Trooper,4,G,1847-EN,STD.,7.939,36,110.15,45º,8,C,8942512760,8942514400,,,,,S-9940,21114 E,
"2.0 Lts. - 2.2 Lts. - 2.4 Lts.
C190 / C220 / C240     1971~",Elf / Luv / Trooper / Florian,4,G,837-A,STD.,7.945,38,115.8,45º,2,E,9-12551-802-0,,,,,,,5307 A,
,,,,1837-EP,STD.,7.925,32,115.9,45º,2,A,9-12552-801-0,,,,,,,25307 E,
"2.0 Lts. - 2.2 Lts. - 2.4 Lts.
C190 / C223 / C240      1981~",Journey / Trooper / Elf / Luv,4,D,3700-AC,STD.,7.937,40,115.85,45º,2,E,5-12551028,,,,,,,,
,,,,3701-EC,STD.,7.912,34,115.85,45º,2,E,5-12552034,,,,,,,,
"L4  2.2lt. 
D 210 - 8v","Termo-King
",4,D,4438-AN,STD,7.965,38.1,118.6,45º,2,E,8-94171-291-0,,,,,,,,
,,,,4439-EN,STD,7.935,32,118.4,45º,2,E,8-94171-292-0,,,,,,,,
"2.3 Lts. - 2.6 Lts.
4ZD1 / 4ZE1  -  1986~",Trooper,4,G,3106-A,STD.,7.95,44.15,108.6,45º,8,C,8941742221,8944470250,,,,,,,
,,,,23106-EP,STD.,7.94,37,108.2,45º,8,C,8941742231,8971102560,,,,,,,
2.6 Lts.  -  4ZE1  -  1988~,Trooper,4,G,3424-A,STD.,7.945,44.1,108.6,45º,8,C,8-94447-025-0,,,,,,,,
,,,,3425-EB,STD.,7.933,37,108.1,45º,8,C,8-94447-026-0,,,,,,,,
"4JB1 / 4JA1 - 2,5/2,7 Lts. - (1998)",NKR / NHR,4,D,3822-AN,STD.,7.935,40,118,45º,2,E,8941332751,,,,,,,1125 A,
,,,,3823-EPN,STD.,7.93,35.6,118,45º,2,E,8970438612,8942478751,,,,,,21125 E,
"2.8 Lts. - 3.2 Lts. -  5.0 Lts. - 
3.2 Lts. - 3.6 Lts. - 3.8 Lts. - 5.4 Lts. - 5.7 Lts. - 6.1 Lts. -  1970~",4BA / C330 / D500 / 4BC1 / 4BC2 / 4BB1  / 4BD1 / 4BE1 / 6BB1 / 6BD1 / 6BF1 / Elf / Journey / NPR,4 / 6,D,848-AN,STD.,8.94,45,127.6,45º,2,E,9125518010,894129550,897343790,,,,,,
,,,,1848-EPN,STD.,8.93,37.5,127.8,45º,2,E,5125520480,8943331140,8944619580,,,,,,
"178 CI (2.9 l.) DOHC FI 16 V. VIN 9 ""GM""
223CI (3.7 l.) DOHC FI 20 V. VIN E ""GM""
256 CI (4.2 l.) DOHC FI 24 V. VIN S ""GM"" VORTEC""",Ascender / I-290 / I-370,"
4

5

6",G,4084-AC,STD.,5.961,38.7,105.8,46º,4,C,12601763,12623722,,,,,V-7091,,
,,,,4085-ECB,STD.,5.951,33.6,108,46º,4,C,12601762, ,,,,,S-7092,,
"169 CI (2.8 l.) DOHC FI 16 V. 
VIN 8
211 CI (3.5 l.) DOHC FI 20 V. 
VIN 6
256 CI (4.2 l.) DOHC FI 24 V. 
VIN S ""VORTEC",Ascender,"
4

5

6",G,4086-AC,STD.,5.961,37,105.4,46º,4,C,24576974,824576740,,,,,V-7137,,
,,,,4087-ECB,STD.,5.951,30.5,107.85,46º,4,C,24576975,824576750,22503324,22521789,,,S-7138,,
L4 16v. 2.3lt. - F23A1 / F23A4 / F23A7,"ISUZU Oasis
",4,G,4306-AN,STD,5.49,34.01,115.85,45º,2,C,14711POHA00,,,,,,V-7053,,
V6 24v. 3.0lt. - J30A1,,,,4163-EN,STD,5.452,29,114.2,45º,2,C,14721P0HA00,,,,,,S-7054,,
"6B31 V6 
24v  3.0Lts - SOHC ",Outlander / Pajero Sport,6,G,4578-AN,STD,5.975,35,111.9,45º,21,C,1010A138,,,,,,V-9571,,
,,,,4579-EN,STD,5.96,29.5,114,45º,21,C,1011A086,,,,,,,,
3.1 td," Isuzu luv 3.1 td /  
Trooper 3.1td",4,D,3964-APN,STD.,7.95,42,117.5,45º,2,A,8971317292,,,,,,,,
,,,,3823-EPN,STD.,7.93,35.6,118,45º,2,E,8970438612,8942478751,,,,,,21125 E,
2.8 Lts. - 3.1 Lts.  -  1983-86,Trooper,6,G,811-A,STD.,8.669,43.63,119.52,45º,17,C,14031332,,,,,,,,
,,,,811-A,.003,8.745,43.63,119.52,45º,17,C,14031332,,,,,,,,
,,,,811-A,.015,9.05,43.63,119.52,45º,17,C,14031332,,,,,,,,
,,,,1811-EC,STD.,8.667,36.1,120.3,45º,7,C,14031328,,,,,,S-3188,,
,,,,1811-EC,.003,8.743,36.1,120.3,45º,7,C,14031328,,,,,,S-3188,,
,,,,1811-EC,.015,9.048,36.1,120.3,45º,7,C,14031328,,,,,,S-3188,,
3.2 Lts.   -   6VD1  -  24V,Trooper,6,G,3154-AN,STD.,5.965,34,98.9,45º,2,C,8970155460,8970155462,,,,,V-7317,,
,,,,3155-EPN,STD.,5.96,30,100.55,45º,2,C,8970155471,8970155470,,,,,S-7318,,
LX5 - 3.5 Lts. ,D.-Max,6,G,3962-AN,STD.,5.96,34,103.8,45º,2,C,8971319610,,,,,,,,
,,,,3963-EN,STD.,5.96,29,103.5,45º,2,C,8971319620,,,,,,,,
3.5 Lts.  J35A5 / ACU-J35A5,ACURA,6,G,3962-AN,STD.,5.96,34,103.8,45º,2,C,8971319610,,,,,,,,
,,,,3963-EN,STD.,5.96,29,103.5,45º,2,C,8971319620,,,,,,,,
"4HG1 - 4,7 Lts. - 1980-2004",NPR,4,D,3890-AN,STD.,8.955,51,141.15,45º,2,A,8971713980,,,,,,,,
,,,,3891-EN,STD.,8.925,42,140.65,45º,2,A,8971713990,,,,,,,,
L4 5.2lt. 4HK-1TC 16 val. ," ELF 400, 450, 500, 600 / ",4,D,4428-AN,STD,7.95,37,130.55,30º,2,E,8943958820,,,,,,,,
L6 7.8lt. GHK1-TC 24 val. ,FRR / FSR / FTR / FVR / FXR / HTR / HVR,6,,4429-EN ,STD,7.93,36.98,130.25,45º,2,E,,,,,,,,,
,JEEP,,,,,,,,,,,,,,,,,,,
"L4, (1.8 Lts.), 16 VALVE, FLEX, 139CV, E.TORQ EVO",RENEGADE,4,G,4696-AN,STD.,5.945,31.5,109.4,45º,4,C,55247715 ,,,,,,,,
,,,,4697-ENX,STD.,5.908,25,117.35000000000001,45º,4,C,55247716 ,,,,,,,,
ED3 / EDG Gema -,Patriot / Comprass ,4,G,4336-AC,STD,5.465,35,113.5,45º,2,E,50470688AA/AB,MN187696,,,,,V-7067,,
 L4 2.0lt. / 2.4lt.  - 16v,,,,4337-EC,STD,5.465,29,105.7,45º,2,E,5047069AA/AB,MN183950,,,,,S-7068,,
"L4, (2.0 LTS.), 1998 C.C., 16 VALVE, DOHC, FLEX, TURBO, ECG, ECL",COMPASS TIGERSHARK,4,G,4898-AN,STD,5.465,36,126.95,45º,4,E,K05048197AA,,,,,,,,
,,,,4899-EN,STD,5.455,29,120,45º,4,E,K05048198AA,,,,,,,,
"V6 3.6 Lts 24v.  
DOHC, FLEX, NAFTA 
Año.12-13",Grand Cherokee / Wrangler ,6,G,4498-AN,STD,5.969,39,116.55,45º,4,C,5184127AC,,,,,,V-7157,,
,,,,4499-EBN,STD,5.96,30,115.6,45º,4,C,5184128AD,5184128AE,,,,,,,
V8 4.7lt. 16v.,Grand Cherokee / Commander,8,G,4390-AC ,STD,6.945,48.7,113.8,45º,4,C,,,,,,,,,
" Vin J, N, P",,,,4391-ECB ,STD,6.91,37,115.3,45º,4,C,53021644AC,,,,,,,,
"Hemi Vin 2, D, H, T -    ","Jeep Grand Cherokee
",8,G,4348-AC,STD,7.973,52,131.2,45º,4,E,53022087AA,,,,,,V-7159,,
"V8 -5,7lt. - 16v",,,,4349-ECB,STD,7.94,39.4,130.5,45º,4,C,53022088AB,,,,,,S-7160,,
Hemi V8 16v. Vin 3 ,Jeep Cherokee - Grand Cherokee ,8,G,4356-AC,STD,7.937,52.8,126,45º,4,E,5037372AB,,,,,,V-7287,,
,,,,4357-ECB,STD,7.937,40.5,125,45º,4,C,5037373AB,,,,,,,,
,JOHN DEERE,,,,,,,,,,,,,,,,,,,
730  - 1958-71,730D,2,D,532-A,STD.,12.61,63.4,211.45,45º,8,A,F-3213-R,,,,,,,"3020-A+0,4",
,,,,533-E,STD.,12.61,48.26,210.7,45º,8,A,F-3214-R,,,,,,,"3020-E+0,4",
"152 / 179
219 / 239 / 276
303 / 329 / 359   ~1995",1020 / JD300 / 2020 / 2510 / JD400 / JD440 / 2240 / 4039 / 2630 / 2640 / 4030 / 4400 / 6359 / Serie 300,"3 / 4 /
6",D,550-AC,STD.,9.45,45,131,45º,8,A,R52251,R79623,,,,,,,
,,,,550-AC,.003,9.526,45,131,45º,8,A,R52251,R79623,,,,,,,
,,,,550-AC,.005,9.577,45,131,45º,8,A,R52251,R79623,,,,,,,
,,,,550-AC,.015,9.831,45,131,45º,8,A,R52251,R79623,,,,,,,
,,,,1550-EC,STD.,9.45,40,131,45º,8,A,R52252,R79624,,,,,,,
,,,,1550-EC,.003,9.526,40,131,45º,8,A,R52252,R79624,,,,,,,
,,,,1550-EC,.005,9.577,40,131,45º,8,A,R52252,R79624,,,,,,,
,,,,1550-EC,.015,9.831,40,131,45º,8,A,R52252,R79624,,,,,,,
"179 / 239
276 / 359 / 414   1995~",3029 / 4039 / 4045 / 6059 / 6068 / Serie 300 RCP / 350,"3 / 4 /
6 ",D,3618-AC,STD.,7.874,46.6,134.07,30º,2,A,R98062,,,,,,,3051-A,
,,,,3618-AC,.015,8.225,46.6,134.07,30º,2,A,R98062,,,,,,,3051-A,
,,,,3618-AC,.030,8.636,46.6,134.07,30º,2,A,R98062,,,,,,,3051-A,
,,,,3619-ECB,STD.,7.861,42.5,133.46,30º,2,A,R90692,,,,,,,23051 E4,
,,,,3619-ECB,.015,8.242,42.5,133.46,30º,2,A,R90692,,,,,,,23051 E4,
,,,,3619-ECB,.030,8.623,42.5,133.46,30º,2,A,R90692,,,,,,,23051 E4,
254 / 381,3010 / 4010 / Serie 400,4 / 6,D,562-A,STD.,9.449,45.21,159,45º,3,A,R26124,,,,,,,,
,,,,1562-EP,STD.,9.449,40.34,159,45º,3,A,R26123,,,,,,,,
270 / 404,3020 / JD500 / JD500A / JD500B / 4000 / 4020 / JD600,4 / 6,D,594-A,STD.,9.45,48.31,158.6,45º,3,A,R44174,R32034R,,,,,,23059-E,
,,,,594-A,.015,9.831,48.31,158.6,45º,3,A,R44174,R32034R,,,,,,23059-E,
,,,,1594-E,STD.,9.446,43.67,158.1,45º,3,A,R44175,R32035R,R32035,,,,,23059 E,
,,,,1594-E,.015,9.827,43.67,158.1,45º,3,A,R44175,R32035R,R32035,,,,,23059 E,
Serie 250,Serie 250,3 / 4 / 5,D,4058-AC,STD.,7,37,123.5,30º,2,E,R502454,,,,,,,,
,,,,4059-ECB,STD.,6.987,34,122,30º,2,E,R502455,,,,,,,,
"L6, 549 C.I., (9.0L), 
6090, 24 Valve, 
Diesel Power Tech Plus",Serie 450 Tier III,6,D,4208-AC,STD,7.98,40,162.3,30º,2,E,R520223,R540088,,,,,,,
,,,,4209-ECB,STD,7.98,40,162.3,45º,2,C,R520224,R540087,,,,,,,
466,4640 / 4840 / 8430 / JD743,6,D,865-AC,STD.,9.443,43.56,157.3,30º,18,E,R50358,,,,,,,3158 A,
,,,,1865-ECP,STD.,9.448,43.58,157.62,30º,8,E,R50357,,,,,,,23058-E,
L4 / L6 - 4.4lt. / 6.6lt. /,270 / 4270 / 404 / 466D / 6466D ,4/6,D,4322-AX,STD,9.449,48.3,156.15,46º,18,C,R43883,R41410,,,,,,,
 7.6lt. - 8 y 12 v ,,,,4323-ECB,STD,9.449,43.55,155.78,46º,8,E,R41411,R43679,,,,,,,
S450 8.1 Lts. Turbo,S450,6,D,3850-AC,STD.,9.474,51,153.92,30º,2,E,R504060,R84618,,,,,,3063 A,
,,,,3851-ECB,STD.,9.449,47,156.92,30º,2,E,R504061,R84619,,,,,,23063 E,
Serie 300,Serie 300,6,D,3940-AC,STD.,9.449,46.25,131.22,30º,18,E,R83071,R51735,R72611,R89219,,,,,
,,,,3940-AC,.003,9.525,46.25,131.22,30º,18,E,R83071,R51735,R72611,R89219,,,,,
,,,,3940-AC,.015,9.83,46.25,131.22,30º,18,E,R83071,R51735,R72611,R89219,,,,,
,,,,1550-EC,STD.,9.45,40,131,45º,18,A,R52252,R79624,,,,,,,
,,,,1550-EC,.003,9.526,40,131,45º,18,A,R52252,R79624,,,,,,,
,,,,1550-EC,.015,9.831,40,131,45º,18,A,R52252,R79624,,,,,,,
"L4, (4.5 Lts.), 275 C.I., 4045, 16 Valve, Diesel Power Tech Plus",6420S (4045HL474) / ENGINE 6320 (4045HL476) / ENGINE  6320 (4045HL472) / 6420 (4045HL475) / 6420 (4045HL473) / ,6,D,4648-AC,STD.,7,37,135.65,60,2,E,"R502369_x000D_
R536135_x000D_
13246EA_x000D_
RE557890_x000D_
RE531221_x000D_
RE518080_x000D_
R518806 ",,,,,,,,
,,,,4649-ECX,STD.,6.987,36,135.45,60,2,A,"R502370_x000D_
R536136_x000D_
13247EA_x000D_
RE557891_x000D_
RE518081_x000D_
R527845_x000D_
R524875 ",,,,,,,,
,K.H.D (DEUTZ),,,,,,,,,,,,,,,,,,,
"1.3 Lts. - 11.6 Lts.
FL614 - 1957~",5020 / R84,1 / 8,D,504-A,STD.,11.85,44.4,170,45º,11,A,3369307,,,,,,,,
,,1 & 8 ,,505-E,STD.,11.85,41.5,170,45º,11,C,E0154084234,,,,,,,,
"1.3 Lts. - 10.6 Lts. F8LT14
F4L514 - F3L314 - 1962~",A30 / A40 / A45 / A50 / A70 / A100,1 / 8,D,508-A,STD.,9.89,44.6,170,45º,2,A,3358980,,,,,,,,
F8LT14 - F4L514 - F3L314,F8LT14 - F4L514 - F3L314,1 & 8 ,D,509-E,STD.,9.86,41.6,170,45º,2,A,,,,,,,,,
BF3 M1011 / BF4 M1011 ,Deutz Engine,3 / 4,D,4476-ACB,STD,7.973,41.1,124.7,45º,4,A,4280350,4230048,,,,,,,
" L3 / L4 - 2,2lt. / 2.9lt. - 4v./cil",,,,4477-ECB,STD,7.953,35.4,124.7,45º,4,A,4280049,,,,,,,,
"Agroplus 75, 80, 85, 90, 95 / Agrotron 100, 4.70, 4.80, 4.85, 4.90, 4.95, 80, 85, 90 / Engine","Serie 1012 L4 3.2Lts. BF4M 1012 C,E,EC / F4M // L6 4.8Lts.  BF6M 1012 C,E,EC // F6M - Diesel",4/6,D,4602-AC,STD,7.965,41.7,124.7,60º,4,E,4283374,4255216,4208095,,,,,,
"Agroplus 100 / Agrotron 100, 105, 106, 110, 115, 6.00, 6.01, 6.05, 6.15 / Engine",,,,4603-EC,STD,7.94,36,124.7,45º,4,C,4283375,4255217,4208096,,,,,,
"TCD 2012 Euro 3 L4 y L6 Euro III 
L4 / L6  - 4,0lt / 5,7lt. / 6.0lt. - 4val./cil ",Deutz Engine,4 / 6,D,4478-AC,STD,7.973,41.7,121.2,30º,4,A,4284042,,,,,,,,
,,,,4479-ECB,STD,7.953,35.9,121.2,45º,4,A,4284043,,,,,,,,
"1.7 Lts. - 6.0 Lts. - F2L / F3L / F4L / F6L / 812 / 912 / 913
1957  -  3.7 Lts.-5.6 lTs.
BF4L / BF6L / 913 - 1967",AX80S / AX100S / AX120S / AX160T - Asp. - Turbo,4 / 6,D,1556-ACB,STD.,7.953,43,133.4,45º,2,A,2137301,4153631, ,,,,,,
,,4 & 6 ,,1556-ACB 30,STD.,7.953,43,133,30º,2,C,4153455,,,,,,,,
,,,,1556-ECB,STD.,7.93,37,133,45º,2,A,2237221,,,,,,,,
"BF4L / BF6L  913C -1967~
3.7 Lts. - 5.6 Lts.",AX160T - Turbo,3 / 4 / 6,D,1557-ACB 30,STD.,7.953,43,133,30º,4,A,,,,,,,,,
"L6 6,1lt. 12 val. BF6 913
L6 6,5lt. 12 val. BF6 914 ",Deutz Engine,,,1557-ACB ,STD.,7.953,43,133,45º,4,C,,,,,,,,,
"L4 4.3lt. 8 val. BF4 L914 
L4 4.0lt. 8 val. BF4 L913 ",,,,1557-ECB 30,STD.,7.93,37,133,30º,4,A,,,,,,,,,
"L3 2.8lt. 6 val. F3L 912W
L3 2.8lt. 6 val. F3L 912D ",,,D,1557-ECB,STD.,7.93,37,133,45º,4,A,2137300,4153697,2237221,3371762,,,,,
"F2 L   912 1.9lt. - L2 -   4v. 
F3 L   912 2.9lt. - L3 - 12v. 
FB4 L 913 4.0lt. - L4 - 16v.
F5 L   912 4.7lt. - L5 - 20v. 
F6 L   913 6.1lt. - L6 - 24v.",Actor 5510 / AgroCompact 3.30/3.50/3.70/3.90 / AgroPrima / AgroStar / AgroXtra / AgroLux,2 / 3 / 4 / 5 / 6,D,4474-A ,STD,7.96,45,133,45º,4,A,,,,,,,,,
,,,,1557-ECB,STD.,7.93,37,133,45º,4,A,2137300,4153697,2237221,3371762,,,,,
"10.0 Lts. - 12.7 Lts.
F8L413 - 1968~",Magirus / 200 D16 / 210 EV120,8,D,282-AC,STD.,9.93,53.6,164.95,45º,2,A,2402585,,,,,,,"2028-A+0,8",
F8L413,,8,D,1282-EC,STD.,9.91,46.6,165.25,45º,2,A,2148906,,,,,,,,
FL1114 - FL2114,A85 / A130 / Bus 150 L12,2 / 6,D,549-A,STD.,9.93,50.6,170,45º,2,A,,,,,,,,,
FL 1114 / 2114,FL 1114 / 2114,2 & 6 ,D,1549-ECP,STD.,9.86,44.6,170,45º,2,A,20460,,,,,,,,
"V6 24v. BF6M 1015C /
 BF6M 1015CP // 
V8 32v. FB8M 1015C / FB8MCP ",Deutz Engine,6/8,D,4396-ACB  ,STD,7.97,46,133,30º,4,A,,,,,,,,,
,,,,4397-ECB ,STD,7.96,42,133,45º,4,A,,,,,,,,,
"L6 - L8 - V8 // 11.9 Lts - 16.0 Lts
BFG 6M 1015 C // 
BFG 8M 1015 C // 
TCD 16.0 Lts V8 ",Deutz Engine,6/8,D,4396-ACB  ,STD,7.97,46,133,30º,4,A,,,,,,,,,Suitable for CNG             --------            Apto GAS
,,,,4481-EX,STD,7.96,42,133,30º,4,A,04228253,04268372,,,,,,,
1013,1013,4 / 6,D,4014-AC,STD.,8.974,48,138.9,30º,4,A,4283380,4204014,4255254,,,,,3004 A,
,,,,4015-ECB,STD.,8.956,42,139,45º,4,A,4283381,4204015,4255255,,,,,23004 E,
,KIA,,,,,,,,,,,,,,,,,,,
"L3 1,0lt 12v.",Kia Picanto,3,G,4490-AN,STD,5.475,26.8,92.9,45º,2,E,2221104000,,,,,,,,
,,,,4491-EN,STD,5.46,24.1,93.4,45º,2,E,2221204070,,,,,,,,
1.1 Lts. - 12V.,Kia Picanto ,4,G,4050-AN,STD.,5.475,23.5,99.6,45º,2,E,2221102200,,,,,,,,
,,,,4051-EN,STD.,5.44,27,99,45º,2,E,2221102200,,,,,,,,
1.3 Lts.  -  (2002),Rio,4,G,3824-AN,STD.,6.46,37.2,103.45,45º,2,C,0K30C 12111,,,,,,,,
,,,,3825-EPN,STD.,6.46,31.6,103.45,45º,2,C,0K30C 12121,,,,,,,,
"1.5 Lts. - 2.0 Lts.
B5 / B6 - 1986-94",Avella / Sportage,4,G,3518-AC,STD.,6.983,38,103.95,45º,2,C,B63012111,K93012111,,,,,,,Suitable for CNG             --------            Apto GAS
,,,,3519-ECB,STD.,6.958,32,103.3,45º,2,C,B63012121,,,,,,,,
1.5 Lts.  -  (2002),Rio,4,G,3818-AN,STD.,5.475,27.8,96.45,45º,2,C,0K30E 12111,,,,,,,,
,,,,3819-EN,STD.,5.437,24.9,95.55,45º,2,C,0K30E 12121,,,,,,,,
Motor A6D 16v, Rio 1.6 Ltrs,4,G,4158-AN,STD,5.472,29.2,96.15,45º,2,C,0K2NC12111,,,,,,,,
,,,,4159-EN,STD,5.452,25.8,95,45º,2,C,0K2NC12121,,,,,,,,
 1.6 Ltrs. 16V, Soul / Cerato / Rio II / Pride,4,G,4152-AN,STD,5.97,29.1,91.8,45º,2,E,2221126600,,,,,,V-7003,,
,,,Esc,4153-EN,STD,5.96,24.9,92.4,45º,2,E,2221226000,2221226050,,,,,S-7004,,
"F3N-
2.0 Lts. 16v- DOHC-", Sportage Nueva,4,G,3962-AN,STD.,5.96,34,103.8,45º,2,C,8971319610,,,,,,,,
,,,,3963-EN,STD.,5.96,29,103.5,45º,2,C,8971319620,,,,,,,,
"Motor Hyundai G4GC  
4Cil. 2.0Lts. 
DOHC, GAS, FI, 16v.  ",Soul / Sportage / Spectra / Tiburon,4,G,4536-AN,STD,5.966,31.9,114.35,45º,2,C,2221123600, ,,,,,,,
,,,,4537-EN,STD,5.95,27.4,116.8,45º,2,C,2221223600,,,,,,,,
2.0 Lts CRDi D4EA,"Kia Carens / Cerato / Sportage /
Lotze / Rondo",4,D,4118-A,Std,5.94,28.55,95.63,45º,2,E,2221127001,,,,,,,,
,,,Esc,4119-EN,Std,5.9,24.26,95.27,45º,2,E,2221227001,,,,,,,,
1RFT L4 2.0lt. 16v,Gran Sportage,4,D,4416-A,STD,7.968,39.4,106.6,60º,2,E,D27Z6507A,,,,,,,,
,,,,4417-EN,STD,7.967,35,106.6,45º,2,E,D27Z6505A, ,,,,,,,
"Motor G4DM / G4GM
2.0 Lts. 16v. ",Kia Cerato / Carens / Sportage,4,G,4178-AN,STD,5.94,32,102.2,45º,2,C,2221123000, ,,,,,,,
,,,Esc,4179-EN,STD,5.932,27.5,104.7,45º,2,c,2221223000,,,,,,,,
2.2 Lts. - R2 / B5,Besta,4,D,3298-AN,STD.,7.983,41.1,107.9,45º,2,A,  E43Z6507D, ,,,,,,1145 A,
,,,,3299-EN,STD.,7.978,36,107.65,45º,2,A,  E43Z6505E,,,,,,,21145 E,
"D4HB / D4HA
2.2 Lts. 16v"," KIA  Carnival / Grand Carnival III CRDI, 
Sedona III, Sorento II , Sportage CRDI ",4,D,4516-AN,STD,5.935,29,108.3,45º,4,C,22211-2F000,,,,,,,,
,,,,4517-EBN,STD,5.915,26,108.3,45º,4,C,22212-2F010,,,,,,,,
KRV6 2.5Lts 24V,Carnival,4,,3812-AN,STD,5.985,31.5,90,45º,2,C,F32Z6507B,F32Z6507C, ,,,,,,
,,,,3813-EN,STD,5.97,27.5,90,44º,2,C,  F32Z6505B, , ,,,,,,
2.7 Lts. - XB / ZB - 1967-71,Asia Topic,4 / 6,D,3296-AN,STD.,7.93,40.5,114.45,45º,2,A,63612111,,,,,,,5305 A,
,,,,3297-EBN,STD.,7.925,36,114.65,30º,2,E,K63812121J,,,,,,,25305 E,
2.7 Lts. -  RFA 1992~ -  8V.,Besta ,4,D,3548-APN,STD.,8.97,41,114.45,45º,2,C,0N01-12-111,,,,,,,21147 A,
,,,,3549-EBN,STD.,8.95,35,114.6,30º,2,C,0N01-12-121,,,,,,,21147 E,
J3 - 2.9 Lts. - (2001),Carnival,4,D,3820-AN,STD.,6.975,34,126.25,45º,2,C,0K 551 12 111A,,,,,,,,
,,,,3821-EPN,STD.,6.96,31.5,126.25,45º,2,C,0K 551 12 121A,,,,,,,,
G6BA Delta V6 2.7Lts 24V,Kia Sportage/ Optima,4,G,4258-AN,STD,5.955,32.05,96.35,45º,2,A,2221137201,,,,,,,,
,,,,4259-EN,STD,5.963,27.55,97.15,45º,2,A,2221237200,,,,,,,,
J2 / JT  -  2.7 Lts.  -  3.0 Lts.  - (1998),Pregio,4,D,3826-AN,STD.,8.473,42.5,112.85,45º,2,E,0K65D 12111,,,,,,,,
,,,,3828-AN,STD.,8.478,44,112.85,45º,2,E,0K75D 12111,,,,,,,1146 A,
,,,,3827-EBN,STD.,8.45,37.3,112.83,45º,2,C,0K63C 12121,,,,,,,21146 E,
Kia 4 Hyundai Sigma v6 3.5 Lts 24v, Kia Sorento/ Amanti/ Sedoma,4,G,4280-AN,STD,6.565,35,106.25,45º,2,C,2221135510,2221135520,,,,,,,
,,,,4281-EN,STD,6.54,30.5,105.41,45º,2,C,2221235500,,,,,,,,
D4CB,Kia Sorento 2.5 Lts TDI NEW / Kia Bongo,4,D,4120-AN,STD,6.97,31.8,110.6,45º,4,A,22211-4A060,,,,,,,,
,,,,4121-EN,STD,6.95,28,110.78,45º,4,C,22212-4A060,,,,,,,,
D4CB,Kia Sorento 2.5 Lts TDI / Kia Bongo,4,D,4122-AN,STD,6.97,31.82,110.62,45º,2,C,22211-4A000,,,,,,,,
,,,,4123-EN,STD,6.94,28,110.64,45º,2,C,22212-4A000,,,,,,,,
,KUBOTA,,,,,,,,,,,,,,,,,,,
D1105-B / D1105-E3B / D1105-TE3B - 1.1lt. L3 6v. ,Kubota,3,D,4376-AN,STD,6.97,31.05,89.6,60º,8,E,1539313110,,,,,,,,
 Aspiración Directa -Interim Tier 4 / Stage III A.,,,,4377-EN,STD,6.96,27.5,89.6,45º,8,A,1539313120,,,,,,,,
 V1702 - 1.7lt. L4 8v. ,Kubota,4,D,4370-AN,STD,7.975,33,101,45º,2,E,1522113110,,,,,,,,
,,,,4371-EN,STD,7.975,27,101,45º,2,E,1522113120,,,,,,,,
V2203B,kubota / BOBCAT,4,D,4128-AN,STD,7.96,33.47,102.25,30º,2,E,1641513110,1648413110,,,,,,,
,,,Esc,4129-EN,STD,7.98,28.57,102.35,45º,2,E,1641913125,,,,,,,,
"L4, (2.2LTS) 8V.",BOBCAT EQUIPO INDUSTRIAL,4,D,4638-AN,STD,7.963,37.5,101.5,45º,2,E,,,,,,,,,
,,4,D,4639-EN,STD,7.963,32,101.5,45º,2,E,,,,,,,,,
"L4, (3.8 LTS.), 3769 C.C., 8 VALVE, TIER 4, DIESEL, TURBOCHARGED, V3800",INDUSTRIAL / ,4,D,4745-AN,STD.,6.97,35,100.3,60,8,E,1C02013112 ,,,,,,,,
,,4,D,4746-EN,STD.,6.96,30,100.3,45º,8,E,1C02013122 ,,,,,,,,
,LADA,,,,,,,,,,,,,,,,,,,
1.1 Lts. - 1990~,Samara,4,G,3380-A,STD.,7.985,35,103.95,45º,4,A,21081-1007010,,,,,,,1553 A,
1.5 Lts. - 1989~,,,,3382-AN,STD.,7.995,37,103.85,45º,4,A,,,,,,,,1554 A,
1.3 Lts. - 1.5 Lts. - 1989~,,,,3381-EN,STD.,7.995,31.4,104,45º,4,A,,,,,,,,1553 E,
1.5 Lts. - 1972-74,Niva / Vaz 1011 / 2103 / 2106,4,G,384-A,STD.,7.985,37,112.5,45º,2,A,21011007010,21084183269,4183296,,,,,1552 A,
"1500cc
1972-74",Niva / Vaz 1011 / 2103 / 2106,4,G,384-E,STD.,7.985,31.5,113.1,45º,2,A,21011007012,,,,,,,21552 E,
"L4, (1.6 Lts.), 1597 C.C., 16 Valve",PRIORA,4,G,4662-AC,STD.,6.965000000000001,29,96.15,45º,4,C,211201007010 ,,,,,,,,
,,,,4663-EC,STD.,6.95,25.5,97.15,45º,4,C,211201007012 ,,,,,,,,
H4M  1.6 Lts.  16V    ,"VESTA / XRAY L4, (1.6 LTS.), 1598 C.C., 16 VALVE, HR16D -> VESTA / XRAY",4,G,4794-AN,STD.,4.97,31.7,101.75,45º,2,C,132018521R,,,,,,,,
,,,,4795-EN,STD.,4.955,25.45,102.5,45º,2,C,132028257E,,,,,,S-7324,,
,,,,4880-EN,STD.,4.965,25.45,102.5,45º,4,C,132271439R,,,,,,S-7324,,
,LANCIA,,,,,,,,,,,,,,,,,,,
176 B9.000 - 1.2 Lts. - 1997~ - 16V,Y,4,G,3558-AC,STD.,5.991,26.9,95.2,45º,4,C,46553048,,,,,,,6003 AGNC,
,,,,3559-ECBS,STD.,5.983,22.4,96.06,45º,4,A,,,,,,,,,
1.3lt TDI 16v.,Musa / Ipsilon,4,D,4382-AC,STD,5.985,21.9,109.3,45º,4,A,46518930,,,,,,,,
,,,,4383-EC,STD,5.975,21.9,109.2,45º,4,A,93190438,,,,,,,,
,LAND ROVER,,,,,,,,,,,,,,,,,,,
1.6 Lts.  -  16V  -  1990~,216 / 400,4,G,3432-A,STD.,5.475,28.9,115.1,45º,2,C,14711PM3000,17211PM3003,,,,,,21190 A,
,,,,3433-EBN,STD.,5.44,25,118.7,45º,2,C,14721PM3000, ,,,,,,21190 E,
"1.8 Lts. - 1.9 Lts.
XUD7 / XUD9 - 1991~",Rover 218 / 418,4,D,3304-A,STD.,7.977,38.5,112.4,45º,2,C,9630597380,,,,,,,21216 A,
,,,,3303-EC,STD.,7.97,33,111.85,45º,2,A,9613736080,,,,,,,21216 E,
2.3 Lts. - 1959~,"80 / 88 / 90
Bencinero",4,G,306-A,STD.,7.9,44.54,111.55,30º,2,E,277593,,,,,,,,
,,,,1306-E,STD.,8.68,35,111.4,45º,2,E,525372,,,,,,,,
2.3 Lts. - 2.5 Lts. - 1959~,88 / 109 / 2 Series II A III,4,G,376-A,STD.,7.9,44.4,111.6,30º,2,A,,,,,,,,,
,,,,1376-EC,STD.,8.635,35,111.5,45º,2,A,,,,,,,,,
2.5 Lts. - HS / HST  Maxion - 1989~,Defender / Discovery - Turbo,4,D,3344-ACB,STD.,7.967,38.9,116.38,30º,4,C,70910053,,,,,,,22101 A,
,,,,23345-ECB,STD.,7.95,36.5,116.53,45º,4,C,70910054,,,,,,,22101 E,
V6  4.0lt - 12val,"LR3
",6,G,3978-AC,STD.,6.972,46,114.85,45º,4,C,2L2E6507AA,2LZE6507AA,F87E6507BA,F87E6507AA,,,V-7143,,
,,,,3978-AC,.015,6.972,46,114.85,45º,4,C,2L2E6507AA,2LZE6507AA,F87E6507BA,F87E6507AA,,,V-7143,,
,,,,3979-ECB,STD.,6.957,39,114.9,45º,4,C,2L2Z6505AA,2L2Z6505BA,F87E6505BA,F87E6505AA,,,S-7144,,
,,,,3979-ECB,.015,6.957,39,114.9,45º,4,C,2L2Z6505AA,2L2Z6505BA,F87E6505BA,F87E6505AA,,,S-7144,,
,LEXUS,,,,,,,,,,,,,,,,,,,
1M ZFE- V6 3.0 Lts 24V / , RX400H / RX330 / Lexus RX / ES SALOON,6,G,4270-AN,STD,5.484,34,95.6,45º,2,A,1371120020,19S31220000,,,,,,,
3MZFE V6 3.3lt. 24v,,,,4271-EN,STD,5.48,27.3,95.3,45º,2,C,1371520020,19S31280000,,,,,,,
"V6 3.5lt. 24v. 2GRFE 
V4 4.0lt. 24v. 1GRFE 
V8 5.7lt. 32v. 3URFE ",ES350 / IS350 / LX570 / RX450H / GS350 / GX460,4 / 6 / 8,G,4434-AN,STD,5.475,38,105.8,45º,2,C,137110P010, , ,,,,,,
,,,,4435-EN,STD,5.475,32,110.35,45º,2,C,137110P010, , ,,,,,,
3UZFE V8 4.3lt /,SC430 / GX470 / LX470 / LS430,8,G,4422-AN,STD,5.47,34.5,95,45º,2,C,137110F010,13711050060,,,,,,,
 4.7lt 32v.,,,,4423-EXN,STD,5.46,29,95,45º,2,C,137150F020,13715050060,,,,,,,
,LISTER,,,,,,,,,,,,,,,,,,,
HR2 / HR3 - 1967~,HR2 / HR3,2 / 3,D,3588-AC,STD.,9.455,48,137,45º,2,C,35157050,,,,,,,,
,Todos / All,,,3589-ECS,STD.,9.455,40,137,45º,2,C,35157060,,,,,,,,
,LINCON,,,,,,,,,,,,,,,,,,,
2.5 Lts. L4 16V Duratec Hibrid,MKS,4,G,3094-AC,STD.,5.47,35,103.4,45º,2,C,1S7Z6507AA,3S4Z6507AA,9S4Z6507A,,,,V-7065,1567 A,
,,,,3095-EC,STD.,5.473,30,104.65,45º,2,C,1S7Z6505AA,,,,,,S-7066,21567 E,
,LINDE ELEVADORES ,,,,,,,,,,,,,,,,,,,
4 Lts 8v,Motor Perkins,4,D,4238-AN,STD,8.962,46,122.94,45º,2,E,,,,,,,,,
,,,,4239-EN,STD,8.943,41.05,123,45º,2,E,,,,,,,,,
,LOMBARDINI,,,,,,,,,,,,,,,,,,,
LDA 450,LDA 450,1,G,3776-A,STD.,6.98,34.25,99.4,45º,2,A,283965217,,,,,,,,
,LDA 450 ,1,G,3777-E,STD.,6.97,29.5,99.4,45º,2,A,283968527,,,,,,,,
,MACK,,,,,,,,,,,,,,,,,,,
672 / 707,END673 / ENDT673 / ENDT675 / ET673 / ETA-673 / ET-675 / END707 / END711 / ENDT711,6,D,1591-ACBS,STD.,12.624,57,174.34,30º,9,A,690GC122,690GC2187,690GC2187A,690GC2114B,690GC2187B,,,,
,,,,1591-EB,STD.,12.598,48,174.34,30º,9,A,688GC185,688GC2325,688GC2325A,688GC2352,688GC2361A,,,,
672,E6-2V / ENDT675 / ENDTB676 / EN-676 / ET-675,6,D,3328-AC,STD.,12.624,57.02,174.34,30º,8,A,690GC331,690GC2193,690GC428,690GC331A,,,,,
672,"Models END673, END673A, END673C, END673D, END673E, END673P, ENDT673, ENDT673A, ENDT673B, ENDT673C, ENDLT673A, ENDLT673B, ENDLT673C, ENDTF673C, ENDT675, ENDTB675, ENDT670, ENDT670B, ET673, ET673E, ETAV673A, ETA2B673",6,,3329-ECB,STD.,12.598,47.98,174.34,30º,8,E,688GC2364,688GC337,688GC337A,,,,,,
672 C.I.  - 11.0 Lts. - 4V. - ,L6 /  E7 - L6 / E6350,6,D,4012-AX,STD.,9.462,43.03,176.54,30º,8,E,690GC2210,,,,,,,,
,,,,4013-ECB,STD.,9.436,39.95,174.41,30º,8,E,688GC2378,,,,,,,,
"E7 E-Tech & Aset 4 - L6  12,0lt ",                                  Mack Trucks                                                ,6,D,4350-AX,STD,9.462,43.03,179.22,20º,8,E,690GC410,690GC425,690GC432,,,,,,
,,,,4351-ECB,STD,9.436,39.95,177.6,30º,8,A,688GC344,20706223,,,,,,,
,MAHINDRA,,,,,,,,,,,,,,,,,,,
"L4, (2.6 Lts.), NEFTC.I., 8 Valve TURBO Diesel",SCORPIO / ,4,D,4646-AC,STD.,6.965000000000001,40.5,133.5,45º,4,A,0310DC0040N ,,,,,,,,
,,,,4647-EC,STD.,6.945,38,133.5,45º,4,E,0310DC0050N ,,,,,,,,
,MAN,,,,,,,,,,,,,,,,,,,
12.4 Lts,D2676,6,D,4534-AC,STD,8.97,40,160.4,60º,4,A,2V5-109-601-A,,,,,,,,
,,,,4535-ECB,STD,8.96,38,160.4,45º,4,A,2V5-109-6011,,,,,,,,
18 Lts. - 245 / 268 KW,"D2530-2538-2542-2565-2566 MT, MTE ",10,D,4000-ACB,STD.,11.977,58,142.6,30º,2,A,51041010375,,,,,,,,
,,,,4001-ECB,STD.,11.943,50.87,142,45º,2,A,51041010447,,,,,,,,
"L6, (12.4 LTS.), EURO 5 SCR, D26",TGX 18.500 / TGX 26.480 / ,6,D,4678-AX,STD.,9.47,40,160.5,70,4,A,,,,,,,,,
,,,,4679-EX,STD.,9.457,38,160.5,70,4,A,,,,,,,,,
,MASSEY FERGUSON,,,,,,,,,,,,,,,,,,,
L4 - 4.0 lt. - 8 v. Turbo - Diesel ,347 / 3226 / 3336 / 4225 / 4325 / 3350 / 3355 /  ,4,D,4240-ACB,STD,8.964,43,123,30º,2,E,1456855,,,,,,,,
,4235 /  4245 / 4345 / 6235 / 6245 / 4265 / 4365 / 6265,,,4241-ECB,STD,8.949,41,123,30º,2,E,1456857,,,,,,,,
,MAZDA,,,,,,,,,,,,,,,,,,,
1.3 Lts.  -  B3 - 16V  - 1990,323 / Laser,4,G,3060-AC,STD.,6.97,32,105.16,45º,2,C,E8BZ6507A,F4BZ6507A,,,,,,,Suitable for CNG             --------            Apto GAS
,,,,3061-ECP,STD.,6.947,28.02,104.65,45º,2,C,E8BZ6505A,F4BZ6505A,,,,,,,
"1.3 Lts. - 1.5 Lts.
TC / UC / E3 / E5 - 1970~",Familia / Laser / Bongo,4,G,467-AN,STD.,8.03,36,105.5,45º,2,C,,,,,,,,5303 A,
,,,,1467-EN,STD.,8.04,31.05,103.6,45º,2,A,0324-12-121,,,,,,,25303 E,
1.3 Lts. - 16V.  - B3ZE 16V,Allegro,4,G,4052-AN,STD.,5.965,25.5,103.6,45º,2,C,B36612111,,,,,,,,
,,,,4053-EN,STD.,5.965,21.5,105,45º,2,C,B36612121,,,,,,,,
1.3 Lts. - 1.5 Lts. - E1 / E3 - 1989~,Familia (323) / Laser,4,G,845-AN,STD.,8.04,36,108.4,45º,2,C,E50312111,,,,,,,1148 A,Suitable for CNG             --------            Apto GAS
323,NX,4,,1845-EPN,STD.,8.037,31,106.4,45º,2,C,E35812121,ES0312121,E35812121,,,,,,
"1.5 Lts. - 1.6 Lts.
B5 / B6 - 16V  - 1989~",Familia (323) / Laser,4,G,3518-AC,STD.,6.983,38,103.95,45º,2,C,B63012111,K93012111,,,,,,,Suitable for CNG             --------            Apto GAS
,,,,3519-ECB,STD.,6.958,32,103.3,45º,2,C,B63012121,,,,,,,,
"1.6 Lts. - 1.8 Lts. - 2.0 Lts.
MA / VB / VC / NA - 1969~",Capella (808 / 626) / Luce (929) / Cosmo (121) / Courier / T2000 / B2000 / B1600,4,G,468-A,STD.,8.03,42.03,108.6,45º,2,C,0290-12-111,,,,,,,5304 A,
NA                     1586cc                      1970-77,,4,,1468-ECP,STD.,8.03,33,107,45º,2,A,0305-12-121/A,,,,,,,25304 E,
 Motor B6-S 1.6 Lts. 16V,MAZDA 323/ Sephia / Familia ,4,D,4146-A,STD,5.975,29.6,104,45º,2,C,B541-12-111,,,,,,,,
,,,,4147-EN,STD,5.97,23.5,105,45º,2,C,B541-12-121,,,,,,,,
 1.6 Lts. 4 Cil.,Mazda 3,4,,4150-AN,STD,5.473,29.2,97.1,45º,2,C,ZY0112111A,,,,,,,,
,,,,4151-EN,STD,5.473,25.9,96.7,45º,2,C,ZY0112121B,,,,,,,,
ZL-VE / ZL-DE - 1.6 lts. - 2001 -  16V.,Allegro,4,G,4048-AN,STD.,5.975,29.2,91,45º,2,C,ZL0212111,,,,,,,,
,,,,4049-EN,STD.,5.97,26,90.6,45º,2,C,ZL0212121,,,,,,,,
1.6 Lts DI Turbo 16v,Mazda 3,4,D,4008-AC,STD.,5.478,25.6,96.44,45º,4,E,0948C7,3M5Q 6505 AA,,,,,V-7175,1419 A,
,,,,4009-ECB,STD.,5.468,23.4,96.6,45º,4,A,0949C3,3M5Q 6505 AA,,,,,S-7176,21419 E,
B6 - 1.6 Lts. - 1994 - 2.3 Lts.,Allegro / Artis,4,G,3876-AN,STD.,5.977,31,105.4,45º,2,C,B6S712111,,,,,,,,
,,,,3877-EN,STD.,5.975,26.2,105.5,45º,2,C,OK93812121,,,,,,,,
FYDA - L4 - 1.6lt. 16v,Mazda 2- 3,4,G,4344-AN,STD,5.97,30.1,99,45º,4,C,1S4G6507CA, ,,,,,V-7205,,
FYJB/ FYJA/ HWDA/ HWDB/ FYDB/ FYDC,,,,,,,,,,,,,,,,,,,,
FYDD/ FYDG/FYDH/ FYJA/ PNBA/ RHBA,,,,4345-EN,STD,5.96,24.1,101.5,45º,4,E,1S6G6505BA,,,,,,S-7206,,
,,,,,,,,,,,,,,,,,,,,
"1.8 Lts. - 2.0 Lts.
F8 / FE - 1982~",Capella (626) / Bongo (E2000) / Luce (929) / Telster,4,G,829-AN,STD.,8.03,44,111.9,45º,2,C,F80112111,,,,,,S-9988,,Suitable for CNG             --------            Apto GAS
,,,,1829-EN,STD.,8.03,36,111.7,45º,2,C,F80112121,,,,,,,,
"1,8lt. / 2.5lt. V6 24v. L4 - Motor K8 ",  MX-3 GS - Año 1994,6,G,4308-AN,STD,5.97,28.5,94.24,45º,2,C,KF01-12-111,,,,,,,,
,,,,4309-EN,STD,5.96,23,95.2,45º,2,C,K801-12-121,,,,,,,,
BP - 16V. - 1.8 Lts. ,Allegro,4,G,4046-AN,STD.,5.975,33,102,45º,2,C,BP0512111,,,,,,,,
,,,,4047-EPN,STD.,5.97,28,102,45º,2,C,BP0512121A,,,,,,,,
1RFT L4 2.0lt. 16v,626 / 323,4,D,4416-A,STD,7.968,39.4,106.6,60º,2,E,D27Z6507A,,,,,,,,
,,,,4417-EN,STD,7.967,35,106.6,45º,2,E,D27Z6505A, ,,,,,,,
2.0 Lts. 16v. Motor K3 ,"Mazda 626 II y III / 929 II y III / 
E-SERIE BOX",4,G,4294-AN,STD,4.96,26,88.2,45º,2,C,1371123030,1371197401,,,,,,,
,,,,4295-EN,STD,4.96,22.6,89.2,45º,2,C,1371523030,1371597401,,,,,,,
"2.0 Lts. - 2.2 Lts.
RF / R2 - 1983~",Capella / Bongo,4,D,3298-AN,STD.,7.983,41.1,107.9,45º,2,A,  E43Z6507D, ,,,,,,1145 A,
,,,,3299-EN,STD.,7.978,36,107.65,45º,2,A,  E43Z6505E,,,,,,,21145 E,
2.0 Lts.  -  DOHC  -  16V -  FS   ,Mazda 626- Matsuri  ,4,G,3812-AN,STD.,5.985,31.5,90,45º,2,C,F32Z6507B,F32Z6507C, ,,,,,,
,,,,3813-EN,STD.,5.97,27.5,90,45º,2,C,  F32Z6505B, , ,,,,,,
"2,0lt. L4 16v. Flex Duratec /",3 / 3 Sport / 5 / 6 / CX-7 / MX 5 Miata,4,G,3094-AC,STD.,5.47,35,103.4,45º,2,C,1S7Z6507AA,3S4Z6507AA,9S4Z6507A,,,,V-7065,1567 A,
2.5lt. L4 16v.Duratec Hybrid,,,,3095-EC,STD.,5.473,30,104.65,45º,2,C,1S7Z6505AA,,,,,,S-7066,21567 E,
2.2 Lts. - F2  - 1990,Capella (626) / Luce (929) / MX-9 / Proobe,4,G,3468-A,STD.,6.97,32.6,115.9,45º,2,C,F201-12-111,,,,,,,,
"12B, 34D, 35D, F28, F29 2184cc                 1987-92",A,4,,3469-EB,STD.,6.97,33.9,116.3,45º,2,C,F201-12-121 A/B,,,,,,,,
"2.2 Lts. - 2.5 Lts. - 4.0 Lts.
S2 / XA / ZB - 1967~",Luce / E2200 / B2200 / E2500 / T2500,4 / 6,D,3296-AN,STD.,7.93,40.5,114.45,45º,2,A,63612111,,,,,,,5305 A,
,,,,3297-EBN,STD.,7.925,36,114.65,30º,2,E,K63812121J,,,,,,,25305 E,
"L4, 2260cc, (2.3L), DOHC, GAS, FI, 16 Valve, 
Vin 3, 4, L, M, TURBO MZR",3 / 6 / CX7,4,G,4594-AN,STD,5.98,35,103.4,45º,2,C,L3K912111,,,,,,V-7317,,
,,,,4595-EN,STD,5.974,30,104.65,45º,2,C,L3K912121C,L3912121D,,,,,S-7318,,
"WL / W9 - 2,5 Lts. / 29, Lts. / (8V ADM/ 4 V. ESC.)",Camioneta E2500 / B-2500 / B 2900 ,4,D,3934-AN,STD.,6.975,32.6,111.8,45º,2,A,WL01-12-111,,,,,,,,
,,,,3935-EPN,STD.,6.975,35.6,111.7,45º,2,A,WL01-12-121A,,,,,,,,
L4   2.5 LTS    CRDI WL-C   16V,Mazda BT,4,D,4512-AN,STD,5.97,31,112,45º,2,E,WE0112111,,,,,,,,
,,,,4513-EN,STD,5.97,28,111.9,45º,2,E,WE0112121,,,,,,,,
2.6 Lts. - G6  -  1990~,B2600,4,G,3520-AN,STD.,6.985,33.3,112.7,45º,2,C,G60112111, ,,,,,,,Suitable for CNG             --------            Apto GAS
,,,,3521-EBN,STD.,6.985,35.9,113.9,45º,2,C,G60112121,G60212121,,,,,,,
2.7 Lts. - 1995-99,Kia Besta,6,D,3548-APN,STD.,8.97,41,114.45,45º,2,C,0N01-12-111,,,,,,,21147 A,
,,,,3549-EBN,STD.,8.95,35,114.6,30º,2,C,0N01-12-121,,,,,,,21147 E,
245 - C.I - 4.0 Lts. - SOHC - Flex- 12V. - Año 1997 al 2007,B-4000,6,G,3978-AC,STD.,6.972,46,114.85,45º,4,C,2L2E6507AA,2LZE6507AA,F87E6507BA,F87E6507AA,,,V-7143,,
,,,,3978-AC,.015,6.972,46,114.85,45º,4,C,2L2E6507AA,2LZE6507AA,F87E6507BA,F87E6507AA,,,V-7143,,
,,,,3979-ECB,STD.,6.957,39,114.9,45º,4,C,2L2Z6505AA,2L2Z6505BA,F87E6505BA,F87E6505AA,,,S-7144,,
,,,,3979-ECB,.015,6.957,39,114.9,45º,4,C,2L2Z6505AA,2L2Z6505BA,F87E6505BA,F87E6505AA,,,S-7144,,
182 C.I. - DOHC - Duratec - 3.0 Lts. - 24V. - Año 1996 AL 2005,"6 / MPV / Tribute 
LINCOLN (LS)
MERCURY (Montego / Sable)",6,G,3990-AC,STD.,5.984,35,114.55,45º,4,C,F5DE6507AC , 7L8Z6507A, AL8Z6507A,F6DZ6507A,AJ0312111,,V-7069,,
,,,,3991-ECB,STD.,5.959,30,115.47,45º,4,C,F5DE6505AC ,F6DZ6505A,AL8Z6505A,,,,S-7070,,
"182 C.I. - 3.0 Lts. - OHV, FLEX, - 12V. Vin U - V - Vulcan - Año 2000-2007","B3000
MERCURY (Sable)",6,G,3992-AC,STD.,6.985,42.2,117.7,45º,4,C,YF1Z6507BA,,,,,,,,
,,,,3993-ECB,STD.,6.96,34.8,117.22,45º,4,C,YF1Z6505BA,,,,,,S-7022,,
3.5 Lts. -  SL - 1990-94,T3500,4,D,3628-AN,STD.,8.965,45.45,114.5,45º,2,C,SL01-12-111A,,,,,,,,
,,,,3629-EPN,STD.,8.955,38.25,114.5,30º,2,C,SLA1-12-121,,,,,,,,
,MERCEDES BENZ,,,,,,,,,,,,,,,,,,,
"A140 / A160 - 1.4 Lts. - 1.6 Lts.
1998~",Clase A,4,G,3770-AN,STD.,5.96,40,103,45º,2,C,1660530101,,,,,,,,
,,4,,3771-ESN,STD.,6.98,34,102.7,45º,2,A,1660500327,,,,,,,,
OM 266 ,Clase A / Clase B / Vaneo ,4,G,4364-AN,STD,5.965,43,103,45º,2,C,1660530201,,,,,,,,
L4 / 1.5lt. / 1.7lt. / 2.0lt. - 8 val,,,,4365-EXN,STD,6.96,36,102.8,45º,2,A,2660500027,,,,,,,,
1.8 Lts. - 2.0 Lts. - M 102 - 1982~,190 / 190 E / 200 / 200 E / 200 T,4 ,G,3264-AC,STD.,7.96,43,114.9,45º,2,C,1020500426,,,,,,,,
,,4,,23265-ECBS,STD.,8.95,39,115.8,45º,2,C,1020500327,,,,,,,,
1.8 Lts. - M111.920 E18 - 16V - 1993~,C180 ,4,G,3502-AC,STD.,6.958,33,101.5,45º,4,C,A1110530301,,,,,,,,Suitable for CNG             --------            Apto GAS
,C180 ,4,,3503-ECBS,STD.,6.958,29,103.5,45º,4,C,A1110500627,,,,,,,,
"2.0 Lts. - 3.2 Lts. - M 111 E20 / 22
M 104 E23 / 28 - 1992~",SL 600 / S600 / C200 / 200E / C220 / C280 / 280 SL / E280 / SL320 / S320 / 320 E,"4 / 6 / 
12",G,3506-AC,STD.,6.958,35,101.5,45º,4,C,A1110530101,,,,,,,,Suitable for CNG             --------            Apto GAS
,,12,,3507-ECBS,STD.,6.953,31,103.4,45º,4,A,A1110500527,,,,,,,,
"2.0 Lts. - 3.1 Lts. - M 104 - 16V
M111 - 24V","E200 / E230 16V
E280 / E320 24V",4 / 6,G,3180-AC,STD.,6.97,35,101.5,45º,2,C,1110531101,,,,,,,,
,,,,23181-ESSN,STD.,6.953,31,103.5,45º,2,A,1110501227,,,,,,,,
"OM611-LA - 2.2 Lts.  - 16V
1999 al 2003",C200 CDI - C220 -E200 -V200 -E220 -C270 -S320 - Vito 108/110/112 - Sprinter (CDi) 211/213 /311/411 /208 / 308 / 408,4,D,3658-AN,STD.,6.965,30.15,103.95,45º,2,A,6110530401,6110530101,5073735AA,,,,,2467 A,
OM612- 2.7 Lts. - 16 V.. 1999 al 2002.,E270 CDI - CLK 270 CDI - ML 270 / G270 CDI - Sprinter 216/316/416/616 - 110 - 125,5,,,,,,,,,,,,,,,,,,
"OM613 - 3,2 Lts. -16V. 1988 ~",S 320 - E320 CDI,6,,3659-EN,STD.,6.96,28.4,104.35,45º,2,A,6110500127,6110500105,5073738AA,,,,,22467 E,
"2.1 Lts. - 2.5 Lts. - OM 604 / 605
1993~",C250 / E 250D / E220D,4 / 6,D,3184-AN,STD.,5.96,29,105.4,45º,2,A,6060531101,,,,,,,,
,,,,3185-ECB,STD.,5.96,25.95,105.7,45º,2,C,6060530705,,,,,,,,
,,,,3187-ECBS,STD.,6.96,25.95,105.65,45º,2,C,6060501127,,,,,,,,
"2.1 Lts - 3.0 Lts. - OM 604 / 606
1993~","
C220D 16V / E622D 24V",4 / 6,D,3188-AC,STD.,5.955,29,105.4,45º,4,A,6060530701,,,,,,,,
,,4 & 6 ,,3189-ECB,STD.,5.965,25.95,105.7,45º,4,C,6060530305,,,,,,,,
"2.2Lts 16v 
OEM 651.901 / 980 
OEM 651.925 / 930 / 940 / 955 /
956 / 957 / 960 / 980","A180,200,220 CDI / B180,200,220 CDI / 
C 180,200,220 CDI  / 
Sprinter 210 CDI / 213 CDI / 216 CDI / 310 CDI / 316 CDI / 416 CDI / 510 CDI / 513 CDI /
Vito 110 / 113 CDI",4,D,4530-AC,STD,5.97,28.5,108.8,45º,4,A,651.053.01.01,,,,,,,,
,,,,4531-ECB,STD,5.96,24.6,109.1,45º,4,A,651.050.01.27,,,,,,,,
"2.4 Lts. - 3.0 Lts.
1973~",OM 616 / 617,4,D,824-AC,STD.,9.935,39.8,131.3,30º,19,E,6160530201,,,,,,,2476 A,
,,4,,1824-ECB,STD.,9.935,34.2,131.3,30º,19,A,6160500027,,,,,,,22476 E,
2.5 Lts. GEMINI HS / HST 1997~,Sprinter  (Maxion),4,D,3344-ACB,STD.,7.967,38.9,116.38,30º,4,C,70910053,,,,,,,22101 A,
,,,,23345-ECB,STD.,7.95,36.8,116.53,45º,4,C,70910054,,,,,,,22101 E,
OM 647 / OM 612 , Mercedes Benz Sprinter ,5,D,4334-AN,STD,6.96,28.7,104,45º,2,C,A6280530001, 5117399AA,,,,,,,
"L5 2.7lt. 20v. 3,9lt 12 v. ",,,,4335-EN,STD,6.96,26.2,104.5,45º,2,C,A6280530005,  5117402AA,,,,,,,
"3.8 Lts. - 5.6 Lts.
OM 314 / 352 / 353
1964~",Camiones L 608 D / L 914 / L 1112 / L 1114 - Colectivos O 140 / LO 1114,4 / 6,D,226-AC,STD.,8.94,44,140.5,45º,8,A,3520530101,3520530126,3520530026,,,,,,
1970~,,4 & 6 ,,1226-ECB,STD.,9.93,36,140.5,45º,8,A,3520531505,,,,,,,,
"4.0 Lts. - 6.0 Lts.
OM 364A / 366LA / 364A / OM-366LA  - 1984~",Camiones 812 / 813 / 912 / 913 / 1114 / 1218 / 1418 / 1420 / 1618 / 1619 / 1620 / 1622 / 1722 / 2318,6,D,3260-ACB 20,STD.,8.942,42,140.5,30º,8,A,,,,,,,,23147-A,
,,,,3260-ACB   ,STD.,8.942,42,140.5,30º,8,A,,,,,,,,,
,,,,23260-ECB,STD.,9.932,36,140.5,45º,8,A,3660500227,,,,,,,,
OM 326 / 332 - 1964~,Camiones L 326 / L 329 / L 332,6,D,223-A,STD.,8.94,37,130.3,45º,8,A,3260530701,,,,,,,6302-A,
,,6,,1223-E,STD.,8.93,32,165.5,45º,8,A,3260530905,,,,,,,26302 E,
"4.6 Lts. - 5.6 Lts.
OM 312 / OM 314 / OM 321
322 - 1949-66",Unimog 406 / L321 / L322 / L327 - Camiones L 312 / L 911 / L 3500 / L 4500 / L/LS 1112 - Colectivos O-321 / LO 1112,6,D,224-AC,STD.,8.94,40,140.5,45º,8,A,3210530801,,,,,,,,
-1970,,6,,1225-ECP,STD.,8.93,36,140.5,45º,8,A,,,,,,,,,
5.0 Lts. - M119 - 1989~,500 SL / 500 E / 500 SE / 500 SEL,8,G,3176-AN,STD.,7.963,38,95.8,45º,2,A,A1190530401,,,,,,,,Suitable for CNG             --------            Apto GAS
,,8,,23177-ECBS,STD.,8.945,33,102.55,45º,2,A,A1190500527,,,,,,,,
OM 352 A,Camiones L 1518 - Tapa versión moderna. (Current Version Cilynder Head),6,G,20026-ACB 30º,STD.,8.94,42.8,140.5,30º,8,A,,,,,,,,,
,,,,21226-ECB,STD.,9.93,36,140.5,45º,8,A,,,,,,,,,
OM 352 A Turbo,Camiones L 1517 / L 1518 - Tapa versión antigua. (Previous Version Cilynder Head),6,G,20226-ACB 45º,STD.,8.942,44,140.5,45º,8,A,,,,,,,,,
,,,,20226-ACB 30º,STD.,8.94,44,140.5,30º,8,A,,,,,,,,,
,,,,21226-ECB,STD.,9.93,36,140.5,45º,8,A,,,,,,,,,
"5.6 Lts. - 6.0 Lts.
OM 362A / 364A/
366A - 1982~",Camiones L 709 / L 710 / L 1214 / L 1215,4 / 6,D,2026-AC 30,STD.,8.942,42.8,140.5,30º,8,A,A3660500226,3760530001,,,,,,,
,,4 & 6 ,,20226-ACB 30º,STD.,8.94,44,140.5,30º,8,A,,,,,,,,,
,,4 & 6 ,,20226-ACB 45º,STD.,8.942,44,140.5,45º,8,A,,,,,,,,,
,,,,21226-ECB,STD.,9.93,36,140.5,45º,8,A,,,,,,,,,
6.0 Lts. - M 120 - 1991~,600 SE / 600 SEL / 600 SEC,6,G,3170-AN,STD.,6.963,35,101.5,45º,2,C,A1040531201,,,,,,,,Suitable for CNG             --------            Apto GAS
,,12,,23171-ECBS,STD.,7.943,31,103.5,45º,2,A,A1040501027,,,,,,,,
"8.0 Lts. -  8.7 Lts - 9.5 Lts.
OM 327 / OM 360 / OM 360H -1965~ / OM 441 Euro 1 / OM 442 Euro 1 / OM 440 Euro 0 / OM 441 / OM 442 / OM 443 / OM 482 / OM 481 / OM 492 / OM 447 / OM 447 / OM 447 / OM 427 / OM 447 Euro 2 / OM 442 / OM 445 Euro 2 / OM 446 Euro 2 /OM 462 Euro 0 / OM 421 / OM 492 / OM 493",Camiones,6,D,1838-ACB,STD.,9.94,54,150.1,45º,9,A,3600500326,,,,,,,,
,,,,1838-ECB,STD.,9.93,43,149.9,45º,9,C,3600500127,,,,,,,,
9.5 Lts. - 20.9 Lts. OM-401 / OM-401 / OM-402 / OM-403 / OM-404 / OM-404A / OM-407.930 / OM 407LA 1971~ / OM 441 Euro 1 / OM 440 Euro 1 / OM 442 Euro 1/ OM 443 Euro 0/1 / OM 447 Euro 3 / OM 460 Euro 1 / OM 442 Euro 0 / OM 462 Euro 0 / OM 429 / OM 447 Euro 1 / OM 462 Euro 0 / OM 466 / OM 482,Camiones,"6 / 10
12",D,1842-ACB,STD.,11.941,58.9,142.5,30º,8,A,4030530901,,,,,,,,
,,"6, 8, 10 & 12 ",,1842-ECB,STD.,11.925,51,142.4,45º,8,C,4230500427,4230500327,,,,,,,
9.5 Lts. - 20.9 Lts. OM-401 / OM-402 / OM-403 / OM-404 / OM-407A / OM-407LA / OM-447/OM-444- 1972~,Camiones 1630 / 1633 / 1935 / 1938 / 1941 / 1945 / 2325 / 2635 - Colectivos O-371 / O-400,"6 / 8
10 / 12",D,1839-ACB,STD.,11.941,58.9,142.5,30º,8,A,4420500526,4420500320,4420500326,,,,,,
,,"6, 8, 10 & 12 ",,1839-ECB,STD.,11.935,51,142.5,45º,8,A,4420500227,4420501027,4030500427,,,,,,
"4.2 Lts. - 6.3 Lts.
OM 447 / OM 449  / OM 442",Top Break (Válvula de desahogo),4 / 6,D,3693-E,STD.,8,17,90.27,45º,2,B,4420160391,4420160791,4420160291,,,,,,
10.8 Lts. - 11.5 Lts. OM-346 / OM-355H / OM-355 Asp. - 1964~,"
Camiones L1521 - Colectivo OH 1522",6,D,229-AC,STD.,8.94,42,129.75,45º,8,A,3460530001,,,,,,,,
,,5 & 6 ,,1229-ECP,STD.,8.93,37,165.4,45º,8,A,,,,,,,,,
"11.6 Lts.
OM 355/5A - OM 355/6A
1978~",Camiones L 1526 - Colectivos OH 1526 / O-371 / O-373,5 / 6,D,843-AC,STD.,8.94,42,130.6,30º,8,A,3450537001,,,,,,,,
,,5 & 6 ,,1843-ECP,STD.,8.935,37,165.2,30º,8,A,3450537005,,,,,,,,
"11.6 Lts. 
",OM-355 / 5LA (Turbo - Intercooler) / OM-356 / 6LA,6,D,3262-AC,STD.,8.942,42,130,30º,6,C,3450500026,,,,,,,,
,,6,,3263-ECB,STD.,8.933,37,165.1,30º,6,C,,,,,,,,,
OM-904 / OM-906 / OM-924 / OM-926,712C / 914C / O 500 R 1830 (OM-926),4 / 6,D,3846-ACB,STD.,7.943,34,128.75,20º,2,C,A9060500326,A9060500626,,,,,,22478 A,
,,,,3847-ECB,STD.,7.933,38,152.55,45º,2,C,A9060500327,A9060500627,A9060500727,,,,,22478 E,
,,,,4109-ECB,STD.,7.932,38,152.55,36º,2,C,A90605002827,,,,,,,22688 E,
OM 457 LA Turbo Intercooler Electrónico - 4V por Cil.OM 541 Euro 4/5,LS-1938 / 1938-S / Omnibus: O-500,6,D,3856-AC,STD.,8.943,45.6,144.85,30º,8,C,A4570530001,,,,,,,,
,,,,3857-ECB,STD.,8.933,41.1,145,45º,8,C,5410500227,,,,,,,23148 E,
OM 457 LA / OM 460 LA Turbo,LS-1938 / 1938-S / Omnibus: O-500,,D,4096-AC,0.8,8.943,45.6,144.85,30º,8,C,A4600530001,A5410530101,A5410530001,A460O530001,,,,,
Intercooler Electrónico - 4V por Cil.,,,,4097-ECB,STD,8.933,42.15,144.85,36º,8,C,A4570500527,A4570500327,,,,,,23648 E,
OM 904/ OM 906,Top Break (Válvula de desahogo),6,D,3874-EC,STD.,5.965,15.2,81.6,20º,2,A,9060160791,,,,,,,60791,
OM-457 LA/ OM 541 Euro 4/5 / OM 521 Euro 2 /OM 522 Euro 2  /OM 541 Euro 2/3/ OM 941 Euro 2/3 /OM 942 Euro 2/3,Top Break (Válvula de desahogo),6,D,3875-EC,STD.,8,17,86.8,45º,2,C,5410160591,,,,,,,60691,
,MITSUBISHI,,,,,,,,,,,,,,,,,,,
"1.2 Lts. - 1.3 Lts. - G11 / G12 
1.4 Lts. - 1.5 Lts. - G13 / G15 - 1977~","Lancer / Mirage / Tredia / Cordia
Colt / Proton-Saga",4,G,462-A,STD.,6.56,34,102.11,45º,2,C,MD-016460,,,,,,,1086 A,
,,,,1462-EB,STD.,6.538,30.03,101,45º,2,C,MD-016461,,,,,,V-9579X,21086 E,
"1.3 Lts. - 1.5 Lts.
4 G13 / 4 G15 - 12V - 1991~",Mirage / Lancer / Colt / Proton-Saga,4,G,3960-AN,STD.,6.565,31,100.75,45º,2,C,MD128435,,,,,,,,Suitable for CNG             --------            Apto GAS
,,,,3434-AN,STD.,6.59,26,100.85,45º,2,C,MD128343, ,,,,,,,
,,,,3435-EBN,STD.,6.535,33,101.15,45º,2,C,MD139755, ,,,,,,,
"1.4 Lts. - 1.6 Lts.
4 G32 / 4 G33
4 G35 / 4 G36 - 1975~",Arrow / Colt / Lancer / Galant,4,G,831-A,STD.,7.96,37.99,105.86,45º,6,C,MD-000480,,,,,,,5201 A,
,,4,,1831-ECP,STD.,7.92,31,102.44,45º,6,A,MD-000481,,,,,,,25201 E,
G15B - 1.4 Lts. - 1986-89,Mitsubishi ,4,G,462-A,STD.,6.57,34,102.15,45º,2,C,MD-016460,,,,,,,1086 A,
,,,,1462-EB,STD.,6.538,30.03,101,45º,2,C,MD-016461,,,,,,V-9579X,21086 E,
4G33 - 1.4 Lts. - 1983-88,Mitsubishi,4,G,831-A,STD.,7.975,38,106,45º,6,C,MD-000480,,,,,,,5201 A,
,,,,1831-ECP,STD.,7.936,31,102.46,45º,6,A,MD-000481,,,,,,,25201 E,
"1.6 Lts.- 1.8 Lts.- 2.0 Lts.- 2.4 Lts.
4 G61 / 4G63 / 4 G64
16V  - 1988~",Mirage / Eclipse / Galant,4,G,3426-AC,STD.,6.575,33.9,109.7,45º,2,C,2221133000,MD127840,,,,,,5051 A,Suitable for CNG             --------            Apto GAS
,,,,3427-ECB,STD.,6.52,30.45,109.7,45º,2,C,2221233000,MD127841,,,,,,25051 E,
"1.6 Lts. - 1.8 Lts.
4 G92 / 4 G93
16V  - 1991~",Lancer / Space Wagon / Proton Wira,4,G,3462-AN,STD.,5.96,30,110.25,45º,2,C,MD162422,,,,,,S-9572,1129 A,Suitable for CNG             --------            Apto GAS
,,,,3463-EBN,STD.,5.955,26.9,113.85,45º,2,C,MD162423,,,,,,,21129 E,
H4M  1.6 Lts.  16V    ,"DELICA L4, (1.6 LTS.), 1598 C.C., 16 VALVE, HR16DE-> DELICIA",4,G,4794-AN,STD.,4.97,31.7,101.75,45º,2,C,132018521R,,,,,,,,
,,,,4795-EN,STD.,4.955,25.45,102.5,45º,2,C,132028257E,,,,,,S-7324,,
,,,,4880-EN,STD.,4.965,25.45,102.5,45º,4,C,132271439R,,,,,,S-7324,,
1.6 Lts. Motor 4G 91/92 - ,Lancer,4,G,4224-AN,STD,5.965,33,104.1,45º,2,C,MD162799,,,,,,,,
,,,,4225-EN,STD,5.945,28,104,45º,2,C,MD162800,,,,,,,,
"1.8 Lts. - 2.0 Lts.
4 G62 / 4 G63 - 1985~",Galant / Pajero / Montero / Lancer / Space Wagon / L200 / L300 / Starion,4,G,3522-AN,STD.,7.97,43,109.9,45º,2,C,MD070691,,,,,,,1127 A,Suitable for CNG             --------            Apto GAS
,,,,3523-EBN,STD.,7.94,35,108.65,45º,2,E,MD070693,,,,,,S-9946,21127 E,
"1.8 Lts.- 2.0 Lts.- 2.4 Lts.
4 G51 / 4 G52 - 4 G53 / 4 G62
4 G63 - 1973~",Galant / Canter / Rosa / L200,4,G,3276-A,STD.,7.95,42.99,112.78,45º,6,C,MD-020580,,,,,,,,
,,,,23276-EB,STD.,7.93,34.96,111.58,45º,6,E,MD-020581,,,,,,,,
"2.0 Lts DI-D
BKD",Mitsubishi Lancer,4,D,4466-AC,STD,5.973,29,87.8,45º,4,A,03G 109 601 B,,,,,,,1715 A,
,,,,4467-ECB,STD,5.953,25.5,87.6,45º,4,A,03G 109 611 D,,,,,,,21715 E,
"2.0 Lts.  - 4 D68 - 
1999~",Wira / Lancer / Colt / Space Wagon,4,D,3696-ABN,STD.,7.935,36,114,45º,2,E,MD186756,,,,,,,,
,,,,3697-EBN,STD.,7.935,32,113.8,45º,2,E,MD173603,,,,,,,,
2.0 Lts. - 2.4 Lts. - 1989~,Space Wagon / Space Gear / Space Runner / Galant / Sonata,4,G,3464-AN,STD.,5.965,32.85,112.4,45º,2,C,MD159502,301193,,,,,,1627 A,
,,,,3465-EBN,STD.,5.95,29,114.1,45º,2,C,MD15569,MD303177,,,,,,21627 E,
"4 D55 / 4 D56 - 1984~
2.3 Lts. - ",Pajero / Galant / L200 / L300,4,D,3594-A,STD.,7.96,40,136.5,45º,2,E,,,,,,,,,
,,,,3595-EP,STD.,7.95,34,136.3,45º,2,E,,,,,,,,,
4G64 L4 2.4Lts 16v,Eclipse / Diamante / Galant /,4/6,G,3464-AN,STD.,5.965,32.85,112.4,45º,2,C,MD159502,301193,,,,,,1627 A,
V6 3.0Lts 24 v, Montero Sport / Outlander,,,3465-EBN,STD.,5.95,29,114.1,45º,2,C,MD15569,MD303177,,,,,,21627 E,
2.4 Lts. Mot. 4G69 16v.,Eclipse / Galant / Outlander / GRANDIS AIRTREK,4,G,4160-A,STD,5.965,34,111.4,45º,2,C,MR994497,,,,,,,,
,,,,4161-EB,STD,5.955,30.5,113.7,45º,2,C,MR994498,,,,,,,,
2.5 Lts. - D4BA / D4BB - 1999~,Hyundai H100,4,D,3720-AN,STD.,7.97,42,136.2,45º,2,C,22211-42200,,,,,,,,
,,,,3721-EBN,STD.,7.95,36,136,45º,2,C,22212-42200,,,,,,,25050 E,
2.6 Lts. - 4 G54 - 1976~,Debonair / Sapporo / Galant / L200 / Canter,4,G,835-AN,STD.,7.975,46,110,45º,6,C,MD024518,,,,,,,,Suitable for CNG             --------            Apto GAS
,,,,1835-EPN,STD.,7.935,38,108,45º,6,E,MD-024519,,,,,,,,
2.6 Lts. - G54B - 1983,Galant / Montero / L200 / L300,4,G,3275-A,STD.,7.96,46,108,45º,2,C,MD083848,,,,,,,,
,,,,23275-EB,STD.,7.95,37.91,106.04,45º,2,E,,,,,,,,,
2.8 Lts. - 3.5 Lts. - 4 M40,Pajero / Montero,4,D,3580-AN,STD.,7.96,41,108.5,45º,2,A,ME200050,ME202687,,,,,,6081 A,
,,,,3581-EBN,STD.,7.935,35,108.35,45º,2,A,ME200051,ME202688,,,,,,26081 E,
 4G64 - 2.4 Lts.  - Año 1985`,Galant - Magna,4,G,4032-AN,STD.,7.97,46,106.6,45º,2,E,MD085253, , ,,,,V-7085,1128 A,
,,,,4033-EPN,STD.,7.95,38,105.05,45º,2,E,MD085254, , ,,,,,21128 E,
3.0 Lts. - 6 G72 - 1986~,Pajero / Montero / GTO / Diamante / Sigma / Debonair - SOHC,6,G,3442-AN,STD.,7.96,43,103.1,45º,2,C,MD088811,,,,,,,1629 A,Suitable for CNG             --------            Apto GAS
,,,,3442-AN,.003,8.036,43,103.1,45º,2,C,MD088811,,,,,,,1629 A,
,,,,3443-EBN,STD.,7.94,35,102.65,45º,2,E,MD088812, , ,,,,,21629 E,
,,,,3443-EBN,.003,8.016,35,102.65,45º,2,E,MD088812, , ,,,,,21629 E,
3.0 Lts. - 6 G72  - 24V,Pajero / Montero,6,G,3724-AC,STD.,6.573,34.93,106.3,45º,2,C,MD172315,MD135479,,,,,,,
,,,,3725-ECB,STD.,6.545,30.45,105.55,45º,2,C,MD135480,MD168421,,,,,,,
4M41 - L4 3.2lt. 16v. ,Montero / L-400 / L-200 / Pajero / Shogun III y IV,4,D,4310-AN,STD,6.565,33,115.5,45º,2,E,ME203101,,,,,,,,
,,,,4311-EN,STD,6.53,31,115.5,45º,2,E,ME203102,,,,,,,,
L4 3.3lt. y L6 5.0lt. S6S ,Autoelevador Toyota Forklift,4 / 6,D,4440-AN,STD,7.945,43.9,119.75,60º,8,E,32A04-10100,,,,,,,21126 A,
,,,,4441-EN,STD,7.92,35,120,60º,8,E,32A04-11100,,,,,,,21126 E,
"3.3 Lts.
4 D30 / 4 D31 - 1978~
5.4 Lts. - 6 DS7    1972~",Canter / Truck,4 / 6,G,3278-AN,STD.,8.975,44,137.05,45º,6,A,MD029006,,,,,,,1628 A,
,,,,4172-AN,STD.,8.95,46,136.7,45º,2,E,ME020236,,,,,,,,
,,,,3279-EPN,STD.,8.925,37,137.05,45º,6,A,MD029007,,,,,,,21628 E,
6D10 - 6D11 - 6D14T - 4D30 - 4D33 - (1974-75) - 12V. - 6.0 Lts - 6.6 Lts. - 6.7 Lts.,Truck / Bus,4 / 6,D,3898-AN,STD.,8.965,47,137,45º,6,A,ME 031297,,,,,,,,
,,,,3899-EPN,STD.,8.95,40,137,45º,6,A,ME 031154,,,,,,,,
6D15  -  6D16  -  (1979)  -  12V.  -  6.9 Lts.,Truck / Bus,6,D,3900-AN,STD.,8.965,49,137,45º,6,E,ME 031937,,,,,,,,
,,,,3901-EN,STD.,8.935,42,137,45º,6,E,ME 031939,,,,,,,,
6D17 - (1993) - 12V. - 8.2 Lts.,Truck,6,D,3902-AN,STD.,8.965,51,137,45º,6,E,ME 0170313,,,,,,,,
,,,,3903-EN,STD.,8.935,44,137,45º,6,E,ME 170315,,,,,,,,
"2.5  DI-D (KB4T) 
2.5 DID [RWD] (KA4T)   
2005 - 2014", Triton,4,D,4168-AN,STD.,5.955,31.5,107.4,45º,2,E,MN176597,,,,,,V-7249,,
,,,,4169-EN,STD.,5.945,27.5,108.1,45º,2,E,MN176598,,,,,,S-7250,,
"AM1, CE26    2.5 Lts.              ",Mitsubishi Galant,4,G,3275-A,STD.,7.96,46,108,45º,2,C,MD083848,,,,,,,,
       1987-89  ,,,,23275-EB,STD.,7.95,37.91,106.04,45º,2,E,,,,,,,,,
G54B  -  2.5 Lts.  - 1983-89,Mitsubishi ,4,G,835-AN,STD.,7.975,46,110,45º,6,C,MD024518,,,,,,,,
,,,,1835-EPN,STD.,7.935,38,108,45º,6,E,MD-024519,,,,,,,,
"L4, (1.6LTS)  4G92  MIVEC DOHC 16V.",MIRAGE / CARISMA / PROTON / PTOTON WIRA,4,G,4636-A,STD.,5.97,33,115.65,45º,2,C,,,,,,,,,
,,4,G,4637-EN,STD.,5.95,27.9,115,45º,2,C,,,,,,,,,
"V6, (3.8 LTS.), 3828 C.C., SOHC, GAS, FI, 24 VALVE, VIN S, T, 6G75",ECLIPSE / ENDEAVOR / GALANT / MONTERO / ,6,G,4771-AN,STD.,5.97,36.5,110.3,45º,2,C,,,,,,,V-7155,,
,,,,4772-EN,STD.,5.955,32,112.10000000000001,45º,2,C,,,,,,,S-7320,,
,MINI ,,,,,,,,,,,,,,,,,,,
Motor EP6-DT 1.6Lts, Mini Cooper R50 / R53 / R56 / Clubman Estate R55 / Convertible R77,4,G,4274-A,STD,4.97,28.8,105.75,45º,4,C,0948 E8,,,,,,V-7195,,
,,,,4275-EB,STD,4.96,26.2,110.15,45º,4,C,0949 E2,,,,,,S-7196,,
,MTU,,,,,,,,,,,,,,,,,,,
4000 G61 Diesel,MTU Modelo 16V 4000 G61 Diesel ,4,D,4106-ACB,STD,10.935,57,233.7,30º,2,E,X00042197,,,,,,,,
,4 valv. x cilindros.,4,,4107-ECB,STD,10.935,56,233.8,45º,2,A,5240530805,,,,,,,,
,M. W. M.,,,,,,,,,,,,,,,,,,,
"910-3.6 Lts. D222 / KD112
1954-67",KD112 / D222 / D322,"1 / 2 /
3 / 4 ",D,3330-A,STD.,9.965,41,129,45º,5,A,922.204.600.024,,,,,,,,
,,,,3331-E,STD.,9.95,37,129,45º,5,A,922204601013,,,,,,,,
"1.9 Lts. - 6.2 Lts.
1970~",D225 - D226 - D229 - D237,4 / 6,D,565-AC,STD.,8.96,41,117,45º,4,A,922604600054,,,,,,,6151 A,
,,,,1565-ECB,STD.,8.961,38,116.87,45º,4,A,930804600024,,,,,,,26153 E,
Motor Acteon 4.12 TCE /,X-12,4/6,D,3422-AC,STD.,8.961,45,126,30º,4,C,91004600034,,,,,,,6154 A,
 6.12TCE (Turbo) ,,,,23423-ECB,STD.,8.961,41,126,45º,4,C,961004600024,,,,,,,26154 E,
3.10/ 3.10T/ 4.10/ 4.10T/ 4.10TCA/,Serie 10 Aspirado y Turbo,3/4/ 6,D,3422-AC,STD.,8.961,45,126,30º,4,C,91004600034,,,,,,,6154 A,
6.10 / 6.10T  ,,,,23423-ECB,STD.,8.961,41,126,45º,4,C,961004600024,,,,,,,26154 E,
"4.1 Lts. - 6.2 Lts.
1977~",TD226 / 4 - TD226 / 6 - Turbo,4 / 6,D,3390-AC,STD.,8.961,42,117.02,30º,4,C,922904608094,,,,,,,6153 A,
,,,,1565-ECB,STD.,8.96,38,117,45º,4,A,930804600024,,,,,,,26153 E,
4.2 Lts. - 18V                     ,Sprint Turbo Diesel - Euro I,6,D,3546-AC,STD.,6.95,33,105.1,30º,4,A,961004600024,,,,,,,6156 A,
,,,,3547-ECB,STD.,6.96,40,105.15,45º,4,A,940704600034,,,,,,,26156 E,
 Diesel Electrónico 24v. 370 cv,Maxxforce,6,D,4068-AC,STD.,7.927,39.72,147.98,30º,2,A,1839968C1,,,,,,,,
NGD 9.3 ,,,,4069-EX,STD.,7.927,36.55,147.6,45º,2,A,1839970C1,1842145C2,,,,,,,
,NAVISTAR,,,,,,,,,,,,,,,,,,,
"V8, 32v",Power Stroke Turbo ,8,D,4206-AC,STD,6.95,34,130.5,37º,2,C,8C3Z6507A,,,,,,V-7085,,
,,,,4207-EC,STD,6.945,29.5,130.5,40º,2,C,8C3Z6505A,,,,,,S-7086,,
,NEW HOLLAND,,,,,,,,,,,,,,,,,,,
NH PERKINS,New Holland,6,D,4186-AC,STD,9.436,47.5,146.9,30º,5,A,87802256,,,,,,,,
,,,,4187-ECB,STD,9.41,43,146.5,45º,5,A,87802258,,,,,,,,
NH PERKINS,New Holland,6,D,4186-AC,.015,9.817,47.5,146.9,30º,5,A,87802256,,,,,,,,
,,,,4187-ECB,.015,9.791,43,146.5,45º,5,A,87802258,,,,,,,,
NH PERKINS,New Holland,4,D,4188-ACB,.015,9.435,47.5,146.9,30º,6,A,I-EL-32052,,,,,,,,
,,,,4189-ECB,.015,9.405,43,146.5,45º,6,A,E-EL-32053,,,,,,,21620 E,
FIAT CURSOR 9                                 ,"New Holland CR 9060 
",4 / 6,D,4110-AC,STD.,7.977,40,174.4,30º,2,A,500354085,, ,,,,,,
    8.7 Lts.,Tractores New Holland T9.390 ,,,4111-ECB,STD.,7.977,39,173.3,45º,2,A,504078218,,,,,,,,
,NISSAN (Datsun),,,,,,,,,,,,,,,,,,,
"H 20 K - H 25 K

M 10 / M 12 - Año 1986 al 1991 - 1.0 / 1.2 Lts.","Forklift

March Micra ",4,G,4028-AN,STD.,6.97,35,109.8,45º,8,C,1320150K00,,,,,,,,
,,,,4029-EPN,STD.,6.954,30,109.2,45º,8,C,1320250K00,1320250K02,,,,,,21124 E,
"1.0 Lts. - 1.2 Lts.
A10 / A12  -  1978~",Sunny 120Y / Cherry 100S / Pulsar 120A,4,G,436-A,STD.,7.961,35.09,103.9,45º,8,C,13201-H1000,,,,,,,1091-A,
,,,,1436-EP,STD.,7.951,29.1,103.8,45º,8,C,13202-H1000,,,,,,,21091-E,
A12A 1.2 Lts / A14 1.4 Lts. / A15 1.5Lts,Nissan 210 / 310 / B210 / F10 / Forklift,4,G,3227-AC,STD.,7.963,37.1,103.7,45º,8,C,13201-H6200,,,,,,V-7057,5004 A,
1.4 Lts. - A14  - 1976  8v,Sunny 140Y / Pulsar 140A / Violet 140J,,,23227-ECP,STD.,7.95,30.15,103.7,45º,8,C,13202-H6200,,,,,,,25004 E,
1.3 Lts.  -  J13 - 1965~,Bluebird / Datsun Truck,4,G,432-A,STD.,8.66,35.05,109.2,45º,9,A,13201-20600,,,,,,V-9515,,
,,,,1432-E,STD.,8.675,29.9,108.8,45º,9,C,13202-B3900,,,,,,S-9542,,
"1.3 Lts. - 1.4 Lts. - L13 / L14
1969~ - 2.0 Lts. - 2.4 Lts. - L20 / L24 - 1971~",Bluebird / Violet 140J / Laurel 200L / 240K / 240L / Cedric 2000,4 / 6,G,433-A,STD.,7.963,38.1,117,45º,6,C,13201-A3500,,,,,,,,
,,,,1433-EC,STD.,7.95,33.06,117.65,45º,8,C,13202-21002,,,,,,,,
"1.3 Lts. - 1.5 Lts.
E13 / E15 - 1981~",Sunny / Pulsar / Praire / Sentra,4,G,3213-A,STD.,6.977,37.12,118.8,45º,8,C,13201-01M00,,,,,,V-9579,,
,,,,23213-E,STD.,6.952,30.1,118.1,45º,8,C,13202-05M00,,,,,,S-9580,,
"1.4 Lts. - 1.6 Lts.
GA14D / GA15D
GA16D    1990~",Sunny / Sentra / Serena / Primera / Almera,4,G,3454-AN,STD.,5.474,30,92.39,45º,2,C,1320157Y00,1320170N00,1320153Y00,132012F000,,,V-9737X,25009 A,Suitable for CNG             --------            Apto GAS
"G16DE, GA16DE 1597cc              1991-99","Sentra, NX; DOHC",4,,3455-EBN,STD.,5.465,23.9,92.6,45º,2,C,132020M600,1320253Y00,1320255Y00,132022F000,,,S-9738,25009 E,
"1.5 Lts. - 1.6 Lts.
J15 / J16  -  1970~",Datsun Truck,4,G,430-A,STD.,8.68,38,109.3,45º,9,C,13201-73000,,,,,,V-9567,5005-A,
,,,,430-EC,STD.,8.679,32,109.49,45º,9,C,13202-B5200,,,,,,S-9568,25005-E,
L4 1.5lt. A15 - 16v," Sunny / Vanette /
 Bus/ Box",4,G,4450-AN,STD,7.96,34.84,99.9,45º,8,C,13201H9500,,,,,,,,
,,,,4451-EN,STD,7.95,30,99.97,45º,8,C,13202H9500,,,,,,,,
H4M  1.6 Lts.  16V    ,"Cube / Juke / Kicks / Latio / Liviana / Micra / March / NV200 / Note / Qashqai / Tiida / Versa / Wingroad / Sentra L4, (1.6 LTS.), 1598 C.C., 16 VALVE, HR16DE-> CUBE / JUKE / KICKS / LATIO  / MICRA  / NV200 / NOTE  / TIDDA  / VERSA",4,G,4794-AN,STD.,4.97,31.7,101.75,45º,2,C,132018521R,,,,,,,,
,,,,4795-EN,STD.,4.955,25.45,102.5,45º,2,C,132028257E,,,,,,S-7324,,
,,,,4880-EN,STD.,4.965,25.45,102.5,45º,4,C,132271439R,,,,,,S-7324,,
1.6 Lts. - L16  - 1967,Pick Up,4,G,435-A,STD.,7.974,41.98,116.4,45º,8,C,13201-23000,,,,,,,,
,,,,435-E,STD.,7.945,32.98,117.4,45º,8,C,13202-21002,,,,,,,,
1.6 Lts. - E16 - 1984,Sunny / Sentra / Pulsar,4,G,841-A,STD.,6.97,37,116.8,45º,8,C,1320131M00,1320169A00,,,,,V-9577,,
,,,,1841-E,STD.,6.95,30,116.2,45º,8,C,1320231M00,1320269A00,,,,,S-7080,25011 E,
1.6 Lts. - GA16i - 12v  -  1989~,Sentra,4,G,3436-A,STD.,5.965,29.1,113.5,45º,2,C,1320184A00, ,,,,,,,
"GA16, GA16I 1597cc               1989-90","Pulsar, Sentra",4,,3437-EPN,STD.,6.555,33,116.25,45º,2,C,1320284A00, ,,,,,,,
"1.6 Lts.  GA16DE
1995-99 - 16V",Sentra / 2005x,4,G,3454-AN,STD.,5.474,30,92.39,45º,2,C,1320157Y00,1320170N00,1320153Y00,132012F000,,,V-9737X,25009 A,
"1800cc
2001~",Primera / Almera,4,G,3457-EN,STD.,5.45,25,92.6,45º,2,C,13202OM200,132025M000,,,,,S-9878,,
"HR-16DE
1.6 Lts 16v","March, Cube, Tidda, Note, Micra, 
Duail, Versa, Qasgai.",4,G,4518-AN,STD,4.99,31.2,101.3,45º,2,C,,,,,,,V-7155,,
,,,,4519-EN,STD,4.975,25.5,102.5,45º,2,C,,,,,,,S-7156,,
"1.6 Lts. - 1.8 Lts.
Z16 / Z18 / Z20 - 1979~",Pick Up / Bluebird,4,G,840-AN,STD.,7.975,42.2,126.4,45º,8,C,13201-Y8780,,,,,,,1199 A,Suitable for CNG             --------            Apto GAS
,,,,1840-EPN,STD.,7.955,38,127.4,45º,8,C,13202-Y8780,,,,,,,,
1.7 Lts. - CD17 - 1983~,Sunny / Pulsar / Sentra,4,D,3630-AN,STD.,6.96,36,101,45º,6,C,13201-16A00,,,,,,,,
,,,,3631-EPN,STD.,6.94,31,101.1,45º,6,C,13202-16A00,,,,,,,,
1.8 Lts. - J18,Datsun / Pick Up,4,G,3352-A,STD.,7.978,40.15,108.15,45º,8,C,1320124W00,,,,,,V-9571,,
J18                  ,,4,,3353-E,STD.,7.948,35.2,108.29,45º,8,C,1320224W00,,,,,,S-9572,,
1.8 Lts. - 2.0 Lts. - CA18 - 1982~,Bluebird / Silvia / Laurel,4,G,3283-A,STD.,6.972,40,106.7,45º,6,C,13201-D0200,,,,,,,,
CA20S                1974cc                     1982-83,,4,,23283-EP,STD.,6.955,35,108,45º,6,C,13202-D0100,,,,,,,,
"1.8 Lts.- 2.0 Lts.- 2.6 Lts.
L18 / L20B / L26  -  1970~",Pick Up / Bluebird 180D / Cedric 260C / Fairlady 260Z,4 / 6,G,438-AC,STD.,7.963,42.09,116.13,45º,8,C,13201A1100,13201N7000,,,,,V-9827,1090 A,
,,,,438-AC,.015,8.344,42.09,116.13,45º,8,C,13201A1100,13201N7000,,,,,V-9827,1090 A,
,,,,1438-EN,STD.,7.943,35.1,117.62,45º,8,C,13202N0400,13202N0401,13202N0410,,,,S-9828,1090-E,
MR18DE  1.8 16v," Tiida / Livina / Dualis / 
Xtrail",4,G,4134-A,STD.,5.46,33.85,106.31,45º,2,C,13201EN20B,,,,,,V-7151,5014 A,
MR20DE 2.0 16v,,,Esc,4135-EN,STD.,5.45,27.69,105.23,45º,2,C,13202EN20B,,,,,,S-7152,25014 E,
"Dci M9R / M9T
L4 2.0lt. - 16v.",Dualis / NV400 / Primaster / Qashqai / X-Trail,4,D,4458-A,STD,5.96,27,103,45º,4,A,1320100Q0A,,,,,,,,
,,,,4459-EB,STD,5.96,26,103.9,45º,4,E,1320200Q0A,,,,,,,,
"L4 LD20 
 2.0lt.", Vanette Cargo / Serena / Bluebird,4,D,4452-AN,STD.,7.955,39.4,117.83,45º,8,E,13201-05E00,,,,,,,,
,,,,4453-EN,STD.,7.93,32.14,117.9,45º,8,E,13202-05E00,,,,,,,,
SR20DE ,Sentra / Primera / Serena,4,G,4378-AN,STD,5.965,34,98.3,45º,2,C,132012J202,132012J202,,,,,V-9745,,
2.0lt. L4 16v ,,,,4379-EN,STD,5.945,30.1,99.1,45º,2,C,132022J202,,,,,,,,
2.0 Lts. - CD20 - 1993~,Sentra / Avenir,4,D,3718-AN,STD.,6.97,39.1,99.75,45º,6,C,13201-60J02,,,,,,S-7058,,
,,,,3719-EBN,STD.,6.95,32.15,99.6,45º,6,C,13202-60J02,,,,,,,,
2.0 Lts. - CD20 - 1993~,Sentra / Avenir,4,D,3906-AN,STD.,6.97,39.1,100.75,45º,8,C,13201-60J02,,,,,,,,
,,,,3907-EN,STD.,6.935,32.15,100.6,45º,8,C,13202-60J02,,,,,,,,
"2.0 Lts. - 2.4 Lts.
Z22 / Z24 - 1985~",Pick Up / Bluebird,4,G,844-A,STD.,7.973,42.1,124.24,45º,8,C,13201N8501,,,,,,V-9567,5007 A,Suitable for CNG             --------            Apto GAS
,,,,1844-EP,STD.,7.953,38.1,125.25,45º,8,C,13202N8500,,,,,,,25007 E,
"2.0 Lts. - 2.8 Lts.
LD20 / LD28 - 1981~",Cedric / Bluebird,4 / 6,D,3356-A,STD.,7.968,39,116.95,45º,8,E,13201-V0700,,,,,,,,
,,,,3357-E,STD.,7.94,32,117.1,45º,8,E,13202-V0701,,,,,,,,
"2.0 Lts. - 3.0 Lts.
H20 / H30 - 1967~",Junior / Caravan,4,G,437-AN,STD.,8.663,42,109.9,45º,8,C,13201-6678,,,,,,,,Suitable for CNG             --------            Apto GAS
,,,,1437-EPN,STD.,8.634,32.03,110.8,45º,8,E,13202-78210,,,,,,,21115 E,
"2.0 Lts. - 3.3 Lts.
SD22 / SD33 - 1968~",Junior / Caball,4 / 6,G,3346-A,STD.,7.975,38,117,45º,2,A,13201-Y5200,,,,,,,,
,,4 & 6 ,,3347-EP,STD.,7.95,32,117.2,45º,2,A,13202-76200,,,,,,,,
"NA20 - 2,0 Lts.  8v.",Pickup D22 / Urvan ,4,G,3948-AN,STD.,7.97,38,122,45º,8,C,13201-27T00,,,,,,,,
,,,,3949-EN,STD.,7.96,34,123.5,45º,8,C,13202-27T00,,,,,,,,
"G9T - 2,2/2,5 lts. 16 V.",Interstar ,4,D,4080-AN,STD.,5.976,30.7,123.3,45º,4,A,1320100QAD,,,,,,,1364 A,
"G9U - 2,5 lts. 16 V.",Primastar,4,D,4081-EN,STD.,5.964,29.5,123,45º,4,E,1320200QAD,,,,,,,21364 E,
"2.3 Lts. - 2.5 Lts.
SD23 / SD25 - 1983~",Urvan / Pick Up / Atlas,4,D,3350-A,STD.,7.98,40,117,45º,2,E,13201L2000,,,,,,,5012 A,
,,,,3351-E,STD.,7.938,34,116.8,45º,2,E,13202L2000,,,,,,,25012 E,
2.3lt L4 8v. - LD-23 ,"Nissan Vanete Cargo /  Serena /
Trade / Cabstar",4,D,4312-AN,STD,7.965,41.5,118,37º,2,E,132019C600,,,,,,,,
,,,,4313-EN,STD,7.94,33.15,117.3,45º,2,E,132029C601,,,,,,,,
2.4 Lts. - KA24E - 12V - 1988~,Pick Up / Silvia / Maxima / Praire,4,G,3358-A,STD.,6.967,34.11,121.33,45º,2,C,1320140F00,,,,,,S-7060,,
,,,,3359-E,STD.,7.948,40.1,122.32,45º,2,C,1320240F01,1320140F11,,,,,S-9654,,
2.4 Lts. - KA24DE - 16V - 1991~,Silvia / 240SX / Altima,4,G,3528-AN,STD.,6.967,36.6,101.35,45º,2,C,1320153F01,1320153F02,,,,,V-7059,,Suitable for CNG             --------            Apto GAS
,,,,3529-EBN,STD.,6.949,31.3,98.85,45º,2,C,1320253F00,1320253F01,,,,,,25008 E,
XA L4 2.5lt. 8v , Fork Lift.  ,4,D,3548-APN,STD,8.97,41,114.45,30º,2,C,0N01-12-111,,,,,,,21147 A,
,,,,4305-EN,STD,8.942,36,114.5,45º,2,C,S501-12-121,,,,,,,,
"QR25DE- 2,5 Lts. - FI - 16V. - 2002 al 2007","  Altima / Frontier / Rogue / Sentra.
",4,G,4002-AN,STD.,5.971,35.7,97.2,45º,2,C,13201JA00A,13201JG30A,,,,,V-7013,,
,,,,4003-EN,STD.,5.961,30.7,98.85,45º,2,C,13202JA00A,13202JA15A,13202JG30A,,,,S-7014,,
"QR 25 DE- 2,5 Lts. - FI - 16V. - 2002 al 2007",Xtrail,4,G,4060-AN ,STD.,5.973,35.6,96.9,45º,2,C,,,,,,,,,
,,,,4061-EN ,STD.,5.953,30.6,98.5,45º,2,C,,,,,,,,,
L4 - 2.5lt Tdi - 8v. TD 25Ti  ,"Nissan Navara / Urvan / Atlas / Pick Up / Caravan / Homy / Cabstar
E24/F22/D21",4,D,4316-AN,STD,7.97,41.5,117,45º,2,E,13201-44G00,,,,,,,,
,,,,4317-EN,STD,7.97,37,117,45º,2,E,13202-44G00,,,,,,,,
"L4, (2.5 LTS.), 2488 C.C., DOHC 16 VALVE, QR25DE, PR25DD, VQ35DE, TR25","ALTIMA / FRONTIER / ROGUE / SENTRA / URVAN / X-TRAIL / NP300 FRONTIER /
KOLEOS",4,G,4881-AN,STD,5.967,35.6,101.7,45º,2,C,13201-3TA1A,,,,,,,,
,,,,4882-EN,STD,5.955,30.6,102.9,45º,2,C,13202-3TA1A,,,,,,,,
QD-32 L4 3.2lt. 8v ,Nissan AX3200 / Terrano. ,4,D,4314-AN,STD,7.97,45.5,115.2,45º,2,E,13204-1W400,,,,,,,,
,,,,4315-EN,STD,7.95,39,116.8,45º,2,E,13202-1W400,,,,,,,,
2.7 Lts. - 4.2 Lts. - TD27 / TD42,Pick Up / Pathfinder / Patrol,4,D,3772-APN,STD.,7.965,43.5,117,45º,8,E,13201-43G01,,,,,,,1123 A,
2.7                                   1989~,TD 27 / TD 27T Engines                       Terrano D / TD,4,,3773-EPN,STD.,7.95,38,117,45º,8,E,13202-43G10,,,,,,,21123 E,
"KA20DE - L4, 16v. ",Altima / Navara/Frontier / 240 SX. / D-22 AX,4,G,3910-AN,STD.,6.967,36.6,101.35,45º,2,C,13201VJ200,132019E000,,,,,V-9881,,
"KA24DE - L4, 16v. Vin A, 3, D, M",Altima / Frontier / Xterra / 240 SX.,,,3911-EN,STD.,6.949,31.3,98.85,45º,2,C,13202VJ200,132029E000,,,,,S-9882,,
Motor 2D30,Urvan,4,,4102-AN,STD.,6.967,32,113.25,45º,2,E,13201-2W200,,,,,,,,
,,,,4103-EN,STD.,6.958,30,113.3,45º,2,E,13202-2W200,,,,,,,,
L6 2.8lt. RD-28,"Patrol GR / Patrol Hardtop / 
Patrol Station Wagon",6,D,4448-AN,STD.,6.975,39.03,101.55,45º,6,E,13201-V7201,,,,,,,,
,,,,4449-EN,STD.,6.96,32,101.7,45º,8,E,13202-V7202,,,,,,,,
3.0 Lts. - VG30 - 1984~,Cedric / Fairlady,6,G,3282-AN,STD.,6.97,42,125.5,45º,8,C,13201V5202,132010B000,,,,,,5013 A,Suitable for CNG             --------            Apto GAS
,,,,23282-EPN,STD.,7.97,35,124.5,45º,6,C, 132020B000, 132027B000,,,,,S-9968,25013 E,
ED-30 3.0Lts,Nissan Cabstar/ Atlas,4,D,3348-A,STD,8.97,45,129.6,30º,2,E,13201-J2000,,,,,,,,
,,,,3349-E,STD,8.935,36,129.7,45º,2,E,,,,,,,,,
VG30DE v6 3.0Lts 24v,Nissan 300ZX/ Infiniti J30,4,G,4278-AC,STD,5.98,34,103.12,45º,2,C,1320130P00,13201F6510,13201F6511,,,,,,
,,,,4279-EC,STD,5.95,29.6,106.66,45º,2,C,1320230P00,132024P00,,,,,,,
"3.0 Lts. - ED33 / FD33 - 1980~
5.7 Lts. - FD 6 / PD 6 - 1975~",Condor / Caball / Civilian,4 / 6,G,3354-AN,STD.,8.96,47,129.5,30º,8,E,13201-Z5000,,,,,,,,
,,,,3355-EPN,STD.,8.921,38,130,45º,8,E,13202-T9000,,,,,,,,
VQ35SE V6 3.5lt. 24v,Altima / Maxima / Murano / Pathfinder / Quest,6,G,4420-AN,STD,5.97,36.8,97.2,45º,2,C,132019N00A,13201JK20A,13201JK20B,,,,,,
,,,,4421-EN,STD,5.96,30.4,94.8,45º,2,C,132029N00A,13202JA10A,13202JK21A,,,,,,
4.0 Lts. - P / P40 - 1962~,Patrol / Truck,6,G,431-AN,STD.,8.625,43.1,131.3,45º,6,A,13201-58000,,,,,,,,Suitable for CNG             --------            Apto GAS
,,,,1431-EPN,STD.,8.63,36.4,131.5,45º,6,A,13202-5802,,,,,,,,
VK40DE V6 4.0lt. 24v. /,Armada / Xterra / Titan / Ptahfinder / Frontier / NV3500/2500/1500 ,6,G,4418-AN,STD,5.97,37.15,96.45,45º,2,C,1291182Z10,132017S000,,,,,S-7058,,
 VK56DE V8 5.6lt 32v,,8,,4419-EN,STD,5.96,31.35,94,45º,2,C,132027S000, ,,,,,S-7057,,
"TB42 / 4,2 Lts. / 12v. / 1988~",Patrol Y60,6,G,3946-AN,STD.,7.97,47,118.2,45º,8,C,13201-03J00,,,,,,,,
,,,,3947-EN,STD.,7.97,38,118.6,45º,8,E,13202-03J00,,,,,,,,
FE 6 B / T 180-200 - 7.0 Lts. - 1990,Truck CL / CM,6,D,3894-AN,STD.,8.97,48.5,130.6,30º,2,A,13201-Z5501,,,,,,,,
,,,,3895-EN,STD.,8.935,39.7,131,45º,2,A,13202-Z5502,,,,,,,,
YD25-DDT," Frontier / X-Trail 2,5 16v",4,D,4136-A,Std,5.97,28.12,106.66,45º,2,E,13201-AD201,,,,,,,,
,,,Esc,4137-EN,Std,5.95,26.1,106.13,45º,2,E,13202-AD200,,,,,,S-7104,,
,NUFFIELD,,,,,,,,,,,,,,,,,,,
3.144 / 3.152,3A 152,3,D,247-A,STD.,7.91,38.96,114.2,45º,2,C,31431281,731151M01,731704M91,731769M91,732867M91,31431261,,,
,,,,248-E,STD.,7.91,33.4,114.2,45º,2,C,0910002,,,,,,,,
DM3V / DM4 / 3DL / 342 / 460 1956-73,2 / 3 / 4 / 5 / 7 Ton,4 / 6,D,821-A,STD.,8.73,39.6,146,45º,2,D,AMK1567,,,,,,,,
,,,,821-E,STD.,8.73,35.7,146,45º,2,A,AMK48,,,,,,,,
,OPEL,,,,,,,,,,,,,,,,,,,
"L3, (1.2 LTS.), 12 VALVE,  EB2TM PURETECH",Corsa / Grandland / mokka,3,G,4908-AN,STD.,4.975,26.34,93.5,45º,2,E,4028977921902,,,,,,,,
,,,,4909-EN,STD.,5.145,24,92.75,45º,2,E,4028977921902,,,,,,,,
1.3lt TDI 16v.,Agila / Astra / Combo / Corsa / Meriva.,4,D,4382-AC,STD,5.985,21.9,109.3,45º,4,A,46518930,,,,,,,,
,,,,4383-EC,STD,5.975,21.9,109.2,45º,4,A,93190438,,,,,,,,
"L4, 16v. 1.6lt / 1.8lt. Ecotec ","Opel Astra / Insignia / Mokka / Zafira
Vauxhall Astra / Insignia / Mokka / Zafira",4,G,4388-AC  ,STD,4.97,31.2,113.8,45º,4,E,,,,,,,,,
A16XER / Z16LEL / Z16LER / A18XER / Z18 XER ,,,,4389-EC,STD,4.955,27.5,113.16,45º,4,C,24405815            ,55355572,641391,641392,71744388,,S-7162,,
"1.6 Lts.  - 1982 / 1.7 Lts.  - 1989
X17DTL / 16DA / 16D / 17DR / 17D",Ascona / Kadett / Astra / Vectra                         ,4,D,3148-AC,STD.,7.975,36,123.2,45º,2,A,642651,,,,,,,1312 A,
,,,,3149-EC,STD.,7.97,31.95,123.2,45º,2,C,642818,,,,,,,21312 E,
"Dci M9R / M9T
L4 2.0lt. - 16v.",Movano / Vivaro,4,D,4458-A,STD,5.96,27,103,45º,4,A,1320100Q0A,,,,,,,,
,,,,4459-EB,STD,5.96,26,103.9,45º,4,E,1320200Q0A,,,,,,,,
Z20S - L4 - 2.0lt. 16v,Antara / Astra / Insigna ,4,G,4358-AC  ,STD,5.943,28.6,95.7,45º,4,A,,,,,,,,,
,,,,4359-ECB    ,STD,5.915,24.4,95.7,45º,4,A,,,,,,,,,
1.8 / 2.0 / 2.5 / 3.2 Lts. 16v.,"Opel Vectra / Calibra / Astra / Omega
Frontera / Sintra / Zafira / Signum /
Antara",4,G,4144-A,STD.,5.95,31.96,102,45º,4,E,90412277,,,,,,,,
,,,,4145-E,STD.,5.93,29,92.22,45º,4,E,90410813,,,,,,,,
,PERKINS - MAXION,,,,,,,,,,,,,,,,,,,
T-4.333             ,Perkins T4.333 ,4,D,3386-AC,STD.,7.91,38.96,115.8,35º,2,C,008290,,,,,,,2449 A,
,,,,3387-ECP,STD.,7.91,33.4,115.8,35º,2,C,008291,,,,,,,22449 E,
S4 - 4.1  - Q20B - 6.3544,"Maxion S4 - Aspirado
GM",4 / 6,D,3342-AC,STD.,9.474,44.2,122.7,45º,4,A,70910040,,,,,,,2100 A,
,,,,3343-ECB,STD.,9.443,37.39,123.31,45º,4,C,70910019,,,,,,,26182 E,
S4T - 4.1           ,"Maxion S4T / S4T Plus - Turbo
GM",4,D,3388-ACB,STD.,9.474,44.22,122.56,30º,4,A,70910039,,,,,,,22100 E,
,,,,3389-ECB,STD.,9.458,38.2,123.12,45º,4,A,70910041,,,,,,,22100-E,
"2.5 Lts.  -   F100, F-1000      ",Maxion / Gemini HS/HST,4,D,3344-ACB,STD.,7.967,38.9,116.38,30º,4,C,70910053,,,,,,,22101 A,
,,,,23345-ECB,STD.,7.95,36.5,116.53,45º,4,C,70910054,,,,,,,22101 E,
Q20B  -  4-236 / 4-248 ,"
GM / MF / VW",4 / 6,D,3392-AC,STD.,9.474,44.2,122.9,45º,4,A,70910017,70910025,,,,,,2414 A,
,,,,3393-ECB,STD.,9.458,36.6,123.4,45º,4,A,70910018, , , ,,,,22414 E,
"4.270 / 4.318 - R6-6 MKII 6.340                  
1954-64",Case / Ford / GM / MF,4 / 6,D,250-A,STD.,9.51,47.18,132.7,45º,2,A,0910030,,,,,,,2015-A,
,,,,250-AMF,STD.,9.475,47.18,132.5,45º,2,A,31431154,,,,,,,2015 A,
,,,,1251-EPMF,STD.,9.455,40.5,132.55,45º,2,A,31431671,,,,,,,2015 E,
4-203  - 3-152 ,Perkins 4.203 - Ponteciado,3 /4,D,596-A,STD.,7.91,39,114.2,35º,2,C,,,,,,,,,
,,,,1596-EP,STD.,7.91,33.4,114.2,35º,2,C,008211,,,,,,,,
3.152 II / 4.203 II / 6.305 Inyección Indirecta,"Perkins 
Ford / MF",3 / 4 / 6,D,247-A,STD.,7.91,38.96,114.2,45º,2,C,31431281,731151M01,731704M91,731769M91,732867M91,31431261,,,
,,,,1248-E,STD.,7.91,33.4,114.2,45º,2,C,31431471,,,,,,,,
4.203 Inyección Directa,"Perkins 
Ford / MF",3 / 4 / 6,D,247-A C/P,STD.,7.91,38.96,114.2,45º,2,A,70910001,,,,,,,,
,,,,248-E C/P,STD.,7.91,33.4,114.2,45º,2,A,,,,,,,,,
6-354 135 HP / 4-236 / 4-248 / 6-372.4 /  6-354.4      ,"Perkins 4.236ID / 4.248ID / 6.354
MF450F / MF220 /283 / MF3640",4 / 6,D,249-AC,STD.,9.475,44.2,122.9,45º,2,A,31434311,31431315,31431871,,,,,,
,,,,249-AC,.005,9.602,44.2,122.9,45º,2,A,31434311,31431315,31431871,,,,,,
,,,,249-AC,.010,9.729,44.2,122.9,45º,2,A,31434311,31431315,31431871,,,,,,
,,,,249-AC,.015,9.856,44.2,122.9,45º,2,A,31434311,31431315,31431871,,,,,,
,,,,249-AC,.030,10.237,44.2,122.9,45º,2,A,31434311,31431315,31431871,,,,,,
,,,,1249-ECP,STD.,9.46,36.58,123.33,45º,2,A,2236147, , ,,,,,,
,,,,1249-ECP,.003,9.536,36.58,123.33,45º,2,A,2236147, , ,,,,,,
,,,,1249-ECP,.005,9.587,36.58,123.33,45º,2,A,2236147, , ,,,,,,
,,,,1249-ECP,.010,9.714,36.58,123.33,45º,2,A,2236147, , ,,,,,,
,,,,1249-ECP,.015,9.841,36.58,123.33,45º,2,A,2236147, , ,,,,,,
,,,,1249-ECP,.030,10.222,36.58,123.33,45º,2,A,2236147, , ,,,,,,
4.236 ID / 4.248 ID - T6-354-4                       1979-80~,Perkins / MF450F / MF220 /283 / MF3640,6,,1499-ECP,STD.,9.443,37.39,122.31,45º,2,A,,,,,,,,,
2.5 Lts.  -  Maxion Gemini HS / HST,Ranger,4,D,3344-AC,STD.,7.967,38.9,116.38,30º,4,C,,,,,,,,,
,,,,23345-ECB,STD.,7.95,36.5,116.53,45º,4,C,70910054,,,,,,,22101 E,
V8 - 540 - 6-358 ID        1982~,"Perkins
Case / Ford / GM / MF",8,D,1498-ACP,STD.,9.47,45.2,139.6,45º,2,A,,,,,,,,,
V8 - 540 6-358        1966~,,,,1498-ECP,STD.,9.46,38.9,139.9,45º,2,A,,,,,,,,,
L6 6.0lt. 1006.60; 1006.60T, ,4,,3782-AC,STD,9.475,44.98,122.87,45º,2,A,3142L051,3142L071, , ,,,,6176 A,
, ,,,,,,,,,,,,,,,,,,,
L6 5.8lt. 6.345.4,Perkins ,,,3784-ACB,STD,9.475,44.98,122.87,60º,2,A,1004626,3142L072, , ,,,,,
L4 4.0lt. 1004.40; 1004.40T,,,,,,,,,,,,,,,,,,,,
L4 3.9lt. A 4.236, ,,,3399-ECB,STD,9.443,37.4,123.3,45º,2,A,7W4602,3142A051,31431961,,,,S-9586,,
, ,,,,,,,,,,,,,,,,,,,
"40/1004-40T /  
",Perkins Phaser Nueva Serie 1004-,4,D,4240-ACB,STD,8.962,43,122.94,30º,2,E,1456855,,,,,,,,
,1103B-33 58 HP / 1103B-33T 66 HP / 1103C-33 58HP/,,,,,,,,,,,,,,,,,,,
L4 - 4.0 lt. - 8 v. Turbo - Diesel , 1103C-33G2 46HP /1103C33T G2 80HP,,,4241-ECB,STD,8.943,41.05,123,30º,2,E,1456857,,,,,,,,
, 1103C-33G1 46 HP / 1103C-33T G3 64HP / 1104A-A4 64HP  ,,,,,,,,,,,,,,,,,,,
4lTS 8V,1004-4T/1004-40TA/1006-6TA/1006-6TW,4,D,4238-ACB,STD,8.962,43,122.94,45º,2,E,1382052,3142D041, ,,,,,,
,,,,4239-ECB,STD,8.943,41.05,123,45º,2,E,1382050,3142D031,,,,,,,
4lTS 8V,Perkins 1100 series 1104-C44/1104C-E44/1103-33T/1103-33TA/1103A/1103B/1103C,4,D,4236-AN,STD,8.964,46.32,129.14,30º,2,A,2255495, ,,,,,,,
,,,,4237-ECB,STD,8.949,41.63,129.14,30º,2,A,2255499, ,,,,,,,
"L4, (4.4 LTS.), 268 C.I., 1104D-44T, 1104D-44TA, TURBO DIESEL 1100D SERIES",,4,D,4748-AN,STD.,8.964,46.4,129.1,60,4,A,T411489 ,,,,,,,,
,,,,4749-AN,STD.,8.964,46.4,129.1,45º,4,A,3142H101 ,,,,,,,,
"L4, (4.4 LTS.), 268 C.I., 1104D-44, NATURALLY ASPIRATED, DIESEL 1100D SERIES L4, (4.4 LTS.), 268 C.I., 1104D-44T, 1104D-44TA, TURBO DIESEL 1100D SERIES
L6, (6.6 LTS.), 356 C.I., 12 VALVE, INJ. DIRECT.",1100D SERIES / 1104D-E44T / 1106C-E66TA / 1106D-E66TA / INDUSTRIAL,4 / 6.,D,4750-EN,STD.,8.949,41.6,128.4,60,4,A,3142A171 ,,,,,,,,
,,,,4751-AN,STD.,5.95,35,108.15,60,4,E,3142H091 ,,,,,,,,
,,,,4752-EN,STD.,5.9350000000000005,33,107.95,45º,4,A,3142A161 ,,,,,,,,
,PEUGEOT,,,,,,,,,,,,,,,,,,,
"L3, (1.2 LTS.), 12 VALVE,  EB2TM PURETECH",208 / 5008 / 3008 / PARTNER,3,G,4908-AN,STD.,4.975,26.34,93.5,45º,2,E,4028977921902,,,,,,,,
,,,,4909-EN,STD.,5.145,24,92.75,45º,2,E,4028977921902,,,,,,,,
"L3, (1.2 LTS.), 1199 C.C., 12 VALVE, DOHC, EB2, TURBO",208 / 5008 / 3008 / 2008 / 308 / 301 / ,3,G,4724-AN,STD.,4.98,29.150000000000002,92.60000000000001,45º,2,E,9808175980 ,,,,,,,,
,,,,4725-EN,STD.,4.96,26,91.85000000000001,45º,2,E,9676353180 ,,,,,,,,
"PEUGEOT L3, (1.2 LTS), 1199 C.C., 12 VALVE, TURBO, PURETECH, EB2FA",208 / 2008,3,G,4894-A,STD.,4.975,29.85,92.31,50º,2,A,9813990580,,,,,,,,
,,,,4895-EN,STD.,5.16,27.43,91.8,30º,2,A,98248612,,,,,,,,
1.1 Lts. -  1.4 Lts. -  TU1JP  1.1 Lts. / TU3JP  1.4 Lts. - 1986~,106 / 205,4,G,3242-A,STD.,6.975,36.7,112.8,30º,2,C,97533266,97531080,948 58,,,,S-7132,1209 AGNC,
,,,,23242-EP,STD.,6.96,29.2,112.6,45º,2,C,,,,,,,,21209-E,
TU9K / TU9M / TU9A - 1.0 Lts.,106 / 205,4,G,4034-AN,STD.,6.965,34.7,112.9,30º,2,C,0948 57,97531079,,,,,,1224 A,
,,,,4035-EPN,STD.,6.96,27.7,112.6,45º,2,C,0949 58,97531046,,,,,,21224 E,
TU1JP  1.1 Lts. / TU3JP  1.4 Lts.          1998~, 106 / 206 / 307 / 1007 TU3JP,4,G,3798-A,STD.,6.975,36.7,112.8,45º,2,C,94891,,,,,,V7129,1239 A,
,,,,23242-E,STD.,6.96,29.2,112.6,45º,2,C,97531044,,949 59,,,,,21209 E,
D4F - 1.0 Lts. -  16V.,206,4,G,3862-AS,STD.,5.47,26,110.7,45º,4,A,,,,,,,,,
,,,,3863-EBS,STD.,5.455,22.1,112.5,45º,4,A,,,,,,,,,
DV4TD - 1.4 Lts. (2001),207 HDI / 307 HDI / 206 HDI,4,D,3844-AC,STD.,5.475,32.8,97.3,45º,4,E,9643767480B,,,,,,,1420 A,
,,,,3845-ECB,STD.,5.47,30.32,97.45,45º,4,A,9643767580B,,,,,,,21420 E,
 ET3J4 / KTU - 1.4 Lts 16V,206 / 207 / 307 / 1007,4,G,4374-A,STD,5.478,28.25,100.75,45º,4,C,9645002080,,,,,,,,
,,,,4375-EC,STD,5.468,24.38,101.02,45º,4,C,9645002980,,,,,,,,
" TU4   
1.4 Ltrs / 1.5 Lts.",206 /207 Compact / Partner,4,G,4210-AX,STD,5.98,37.6,112.4,45º,2,C,9675424780,,,,,,,,
,,,,4211-EX,STD,5.97,30.2,112.6,45º,2,C,9675424980,,,,,,,,
DV6C - 1.6 Lts. HDI 16v,"207 / 2008/ 308 / 508 / 5008
",4,D,4372-AC,STD,5.478,30.15,95.6,45º,4,C,968307298A,,,,,,,,
,,,,4373-EC,STD,5.468,27.5,95.5,45º,4,C,968307308A,,,,,,,,
TUD5 - 16V. - 1.5 Lts.  - (1994-96-97),106 SRD / GRD / XRD,4,D,3842-A,STD.,6.985,37,108.25,45º,2,C,0948-A8,,,,,,,1227 A,
,,,,3843-E,STD.,6.975,31.45,108.08,45º,2,C,094980,,,,,,,21227 E,
"1.6 Lts.
KF 1 / KF 2 - 1962-69
XC 7 P - 1971~","404 A / 404 GTi
J 7 / J 9",4,G,244-A,STD.,7.98,42.6,118.3,30º,2,C,094829,,,,,,,1070-A,
,,,,1245-EC,STD.,7.97,35.5,112,45º,2,C,94927,,,,,,,21170 E,
"TU5JP4 - 1.6 Lts. -  16V
EC5 2.0 Lts","206 / 307
308 / 408",4,G,3616-A,STD.,5.973,31.3,103.8,45º,2,C,7420459326,948,0948A9,9636298080,,,V-7127,1423 A,
,,,,3617-EBS,STD.,5.973,24.5,104.4,45º,2,E,,,,,,,,,
TU5JP 1.6 l,306,4,G,4010-A,STD.,6.973,39.4,111.5,45º,4,C,94873,,,,,,,1228 A,
,,,,4011-ECB,STD.,6.973,31.3,111.48,45º,4,C,94970,,,,,,,21228 E,
Motor EP6-DT,3008 / 207 CC / 207 GTI ,4,G,4274-A,STD,4.97,28.8,105.75,45º,4,C,0948 E8,,,,,,V-7195,,
,,,,4275-EB,STD,4.96,26.2,110.15,45º,4,C,0949 E2,,,,,,S-7196,,
DV 6  1.6  Turbo 16v,Partner,4,D,4008-AC,STD.,5.478,25.6,96.44,45º,4,E,0948C7,3M5Q 6505 AA,,,,,V-7175,1419 A,
,,,,4009-ECB,STD.,5.468,23.4,96.6,45º,4,A,0949C3,3M5Q 6505 AA,,,,,S-7176,21419 E,
1.6 Lts. Hdi,407/ 307 / 407 SW / 206 / 207 / ,4,D,4008-AC,STD.,5.478,25.6,96.44,45º,4,E,0948C7,3M5Q 6505 AA,,,,,V-7175,1419 A,
,RANCH MPV / 207 CC / EXPERT/ 1007 / 308 / 3008,,,4009-ECB,STD.,5.468,23.4,96.6,45º,4,A,0949C3,3M5Q 6505 AA,,,,,S-7176,21419 E,
EW7A - 1.8 Lts. - 16V,C5 / 406 / 407,4,G,3938-A,STD.,5.978,29.8,106.07,45º,2,A,963431908A,,,,,,,,
,,,,3939-EC,STD.,5.968,27.2,104.1,45º,5,A,,,,,,,,,
"XUD7  1.7 Lts. / XUD9  1.9 Lts.
1983  -  DW8  1.9 Lts. - 1998~",205 / 206 / 305 / 306 / 405 /  Boxer /  Partner /,4,D,3304-A,STD.,7.977,38.5,112.4,45º,2,C,9630597380,,,,,,,21216 A,
,,,,3303-EC,STD.,7.977,33,111.85,45º,2,A,9613736080,,,,,,,21216 E,
XN1 / XN 1.2 1.8Lts. - 2.0 Lts.  - 1973-76,504 XN1 / XE - XSE / XL XN 1.2  E / L / SE,4,G,292-AC,STD.,7.984,42.6,118.55,30º,2,A,9153695280,,,,,,,1070 AGNC,Suitable for CNG             --------            Apto GAS
,,,,1292-EGX,STD.,7.967,35.5,112,45º,2,E,7910028074,,,,,,,21070 EGNC,
,,,,1292-EC,STD.,7.967,35.5,112,45º,2,E,7910028074,,,,,,,21103-E,
XD488,Indenor XD488,4,D,246-AC,STD.,8.49,40.4,116.25,45º,2,A,094827,,,,,,,,
,,,,1381-EC,STD.,8.47,33.5,116.25,45º,2,A,,,,,,,,,
XD2,Indenor XD2,4,D,381-AC,STD.,8.49,40.4,116.15,30º,2,A,094837,,,,,,,,
,,,,1381-EC,STD.,8.47,33.4,116.25,45º,2,A,,,,,,,,,
XD3 / XD3T,Indenor XD3 / XD3T,4,D,3241-AC,STD.,8.487,42.5,116,45º,2,A,094849,,,,,,,,
,,,,23241-ECP,STD.,8.467,35.5,116.25,45º,2,A,094950,,,,,,,,
"XU5JA / XU9JA / XU7JP / XU9J2 / XU10J2 / XU92C / XU52C / XU5M  -1,8 Lts. - 8V./  1986~",205 / 306 / 405 / 309 / 405 Break / Partner ,4,G,3301-A,STD.,7.97,41.53,108.82,45º,2,E,9153501680,9631040280,9604009,,,,,5776 A,
,,,,23301-ECB,STD.,7.973,34.5,108.37,45º,2,A,094957,9153501980,9605003,,,,,21205 E,
"1985~
XU9J1 / XU9S / XU92C",205 / 305 / 405,4,G,3680-A,STD.,7.975,39.5,105.2,45º,2,C,94854,,,,,,,,
,,,,3681-EC,STD.,7.96,33,105.2,45º,2,E,0 949.54,,,,,,,21422 E,
EW10 - 2.0 Lts. - 16V. - 2000,206 / 307 / 406 / 407 / 806 / 807 / Expert Combi ,4,G,3884-A,STD.,5.978,33.3,106.18,45º,2,C,7420459326,,,,,,,1424 A,
,,,,3885-ECB,STD.,5.968,29,103.66,45º,2,A,7420441945,,,,,,S-7152,21424 E,
DW10BTED4 / HDI / DW12TED4 / TDCI,"307 / 406 / 607 / 508 / 806 / 3008 / Export
",4,D,4456-AC,STD,5.97,30,105,45º,4,A,0948A3,,,,,,,,
L4 2.0lt. - 16v - Diesel,,,,4457-ECB,STD,5.97,25,105,45º,4,A,0949A3,,,,,,,,
"2.0 Lts. / 1.8 Lts.
XU7JP4  - 16V","106 / 306XR / XT / Break / 405
Sillage / Signature ",4,G,3540-A,STD.,5.972,34.6,106.38,45º,2,E,7420459326,84892,,,,,,1225 AGNC,
,,,,3541-EC,STD.,5.972,29.6,105.77,45º,2,E,7420441945,94992,0949A6,,,,,21225 EGNC,
"2.0 Lts.
XU10-J2/2C/2CTE - 1993~","405i 
306 XSI Cabriolet
605 XU10-2CTE",4,G,3542-A,STD.,7.977,42.6,108.8,45º,4,C,0948 66,96059361,9605936180,,,,S-9976,1210 AGNC,
,,,,3543-ECB,STD.,7.963,34.5,108.37,45º,4,C,0948 66,0949 72,9605936280,96059362,,,V-9975,21210 E,
DW 10 TD  - 2.0 Lts ,Boxer / 406 HDI / 306  / 206 / 307 HDI,4,D,3624-AC,STD.,5.978,35.6,107.11,45º,4,A,0 948.95,,,,,,,1421 A,
,,,,3625-ECB,STD.,5.968,33.8,107.15,45º,4,A,,,,,,,,,
U7JP4 / XU10J4R / XU10J4TE / XU9J4 /  XU10J4R  -  16V,106 SL /ST  - 405MI - 309 GTI - 306 ST / SV  - 306 / CABRIOLET - 405 TI TURBO - 406 - 605 SRI / SLI ,4,G,3576-A,STD.,6.981,34.6,106.38,45º,4,A,7420459326,94861,94875,,,,,1215 A,
,,,,3577-ECB,STD.,6.973,29.6,105.77,45º,4,A,7420441945,94962,94981,,,,,21215 E,
2.2 Hdi,Peugeot Boxer / Jumper ,4,D,4292-AC,STD.,6.935,29.8,122.1,30º,4,C,BK2Q6507BB,,,,,,,1235 A,
,,,,4293-ECP,STD.,6.925,25.8,121.88,45º,4,E,BK2Q6505BB,949000,,,,,,21235 E,
DJ5T / DK5TE  -  2.5 Lts. - 1995~            ,Boxer TD,4,D,3564-A,STD.,6.997,36.9,127.8,45º,4,E,96095457,,,,,,,1230 A,
,,,,3565-ECB,STD.,6.96,37,127.55,45º,4,C,96096146,,,,,,,21230 E,
,PONTIAC,,,,,,,,,,,,,,,,,,,
1.4 Lts. / 1.6 Lts - 2005,Pontiac C3,4,G,3882-AN,STD.,5.96,28.5,101.6,45º,2,C,96440081,96376881,,,,,V-7089 STD,1319 A,
,,,,3883-EN,STD.,5.94,27.2,101.25,45º,2,C,96440079,96376980,,,,,S-7090 STD,21319 E,
 1.6lt.- 16val. ,Pontiac G3,4,G,4326-AC,STD,4.963,31.2,117.2,45º,4,E,24418513,,,,,,V-7199,,
,,,,4627-EC,STD,4.943,27.5,116.25,45º,4,C,,,,,,,,,
Ecotec 2.4 Lts 16v,G5 2.2lt / G6 2.4lt. / Solstice 2.4lt.,4,G,3806-AC,STD.,5.961,35.13,102.2,45º,4,C,12575793,12622329,90537240,,,,,1318 A,
,,,,3807-ECB,STD.,5.951,30.11,100.9,45º,4,C,12596034,12615936,,,,,,21318 E,
G5 2.2lt / G6 2.4lt. / Solstice 2.4lt,Pontiac,4,G,3806-AC,STD.,5.961,35.13,102.2,45º,4,C,12575793,12622329,90537240,,,,,1318 A,
,,,,3807-ECB,STD.,5.951,30.11,100.9,45º,4,C,12596034,12615936,,,,,,21318 E,
151   -   2.5 Lts. 1989-92,Chevrolet (Motor Pontiac),4,G,3810-AC,STD.,7.963,43.7,116.5,45º,2,C,10044512,12353399,,,,,,,
,,4,G,3811-ECB,STD.,7.947,38.07,115.35,45º,2,C,12353397,10044515,,,,,,,
151 - 2.5 Lts. - (1980-83),AMC Pontiac,4 ,G,393-AC,STD.,8.69,43.7,118.54,45º,7,A,8132227,8134389,,,,,,,
,,,,393-AC,.015,9.071,43.7,118.54,45º,7,A,8132227,8134389,,,,,,,
,,,,1393-ECP,STD.,8.667,38.18,117.34,45º,7,A,8132229,8134392,,,,,,,
,,,,1393-ECP,.003,8.743,38.18,117.34,45º,7,A,8132229,8134392,,,,,,,
151  -  2.5 Lts.   -   1978-86,Omega / Century / Ventura - (Pontiac),4,G,393-AC,STD.,8.69,43.7,118.54,45º,7,A,8132227,8134389,,,,,,,
,,,,393-AC,.015,9.071,43.7,118.54,45º,7,A,8132227,8134389,,,,,,,
,,,,1393-ECP,STD.,8.667,38.18,117.34,45º,7,A,8132229,8134392,,,,,,,
,,,,1393-ECP,.003,8.743,38.18,117.34,45º,7,A,8132229,8134392,,,,,,,
151  -  2.5 Lts.   -   1987-88,Omega / Century / Ventura - (Pontiac),4,G,3144-AC,STD.,7.963,43.69,111.61,45º,2,C,,,,,,,,,
,,,,3144-AC,.003,8.039,43.69,111.61,45º,2,C,,,,,,,,,
,,,,3144-AC,.015,8.344,43.69,111.61,45º,2,C,,,,,,,,,
,,,,3145-ECP,STD.,7.956,38.1,110.5,45º,2,C,,,,,,,,,
,,,,3145-ECP,.003,8.032,38.1,110.5,45º,2,C,,,,,,,,,
,,,,3145-ECP,.015,8.337,38.1,110.5,45º,2,C,,,,,,,,,
"V6, 217 C.I., (3.6L), DOHC, GAS, FI, 24 Valve, Vin D, V, LLT Direct Injected.",G6 / G8 / Torrent,6,G,4600-AN,STD,5.963,37,101.3,45º,2,C,12575351,,,,,,,,
,,,,4601-EN,STD,5.95,30.6,97.1,45º,2,C,12575354,,,,,,,,
"350 / 400 / 455 5.7 / 6.6 / 7.5 Lts.
V8 - 1971-79",Pontiac ,8,G,343-AC,STD.,8.67,53.6,126.4,30º,7,A,526102,,,,,,,,
,,,,1343-ECP,STD.,8.66,42.2,126.1,45º,7,A,489843,,,,,,,,
"350 / 400 / 455  - 5.7 / 6.6 / 7.5 Lts.
V8 - 1970-74",Pontiac,8,G,3646-AC,STD.,8.674,49.8,126.5,44º,7,A,483201,489849,978320,,,,,,
,,,,3647-ECP,STD.,8.661,44.96,126.35,44º,7,A,483191,486567,148564,,,,,,
"400 - 350 - 428 CI - 6,6 Lts. - 5,7 Lts. - 7,0 Lts. - ",Pontiac (Bonneville - Catalina - Firebird - Grand Prix - Safari - Lemans ),8,G,3640-AC,STD.,8.674,53.6,129.45,30º,7,A,9792426,9792342,9792344,,,,,,
,,,,3641-ECB,STD.,8.661,44.96,129.36,45º,7,A,9792340,9792424,,,,,,,
Vortec GEN III V8 16v. 6.0lt. Vinj. L99 / ,Pontiac G8,8,G,4380-AC,STD,7.966,55,124,45º,2,C,12590771,12617533,,,,,V-7071,,
6.2lt. Vin W LS3  ,,,,4381-ECP,STD,7.955,40.4,124.8,45º,2,C,12582719,12612427,,,,,S-7072,,
"389  -  6.4 Lts. - 421  6.9 Lts.
V8 - 1964-66",Pontiac ,8,G,3668-A,STD.,8.664,48.77,124.4,30º,7,A,9778757,,,,,,,,
,,,,3669-ECB,STD.,8.661,41.65,123.9,45º,7,C,9778742,9787593,,,,,,,
,RASTROJERO (Borgward),,,,,,,,,,,,,,,,,,,
D4M  - 1952-64,42HP / 52HP,4,D,252-A,STD.,8.97,32.2,123,45º,8,C,0463041000,,,,,,,,
,,,,1253-E,STD.,8.97,30.2,123,45º,8,A,,,,,,,,,
52HP - Borgward,Borgward ,4,D,108-A,STD.,9.97,35.5,124.9,45º,6,A,,,,,,,,,
,,,,1109-E,STD.,9.96,31,125.2,45º,6,A,1113041100,,,,,,,21061-E,
Borgward   VM 100 / 112 HP,Borgward   VM 100 / 112 HP,4,D,1567-ACP,STD.,7.95,40.15,121,30º,2,C,20360026A,,,,,,,21054 A,
,,,,1567-ECB,STD.,7.93,33.9,121,45º,2,C,20370025A,,,,,,,21054 E,
,RENAULT,,,,,,,,,,,,,,,,,,,
"L3, (1.0 lts), 12v. B4D",Kwid - Logan -Sandero,3,G,4832-AN,STD.,4.955,28,93.2,45º,4,C,132011477R,,,,,,,,
,,,,4833-EN,STD.,4.955,23.85,95.65,45º,4,C,132022959R,,,,,,,,
1.0 Lts. 1.1 Lts. 1.3 Lts. C1C  -  1970-76,R6 - R5 / R10 R12 R15 Dacia,4,G,258-A,STD.,6.98,33.5,89.8,45º,6,C,7700509771,,,,,,V-9550,1058 A,
,,,,1294-E,STD.,6.969,30.18,89,45º,3,C,7702023504,,,,,,,21072 E,
"L3, (1.0 LTS.), 999 C.C., 12 VALVE, SC-E",KWID / LOGAN / SANDERO / ,3,G,4775-AN,STD.,4.978000000000001,26.900000000000002,94.60000000000001,45º,4,C,,,,,,,,,
,,,,4776-EN,STD.,4.963,22.400000000000002,97.4,45º,4,C,,,,,,,,,
1.1 Lts. 1.3 Lts.  -  C1L / C1E  - 1976-86,R4 / 4GTL - R12,4,G,461-A,STD.,6.98,33.4,89.8,45º,2,C,7701458183,7700561318,770145180,,,,V-7167,1058-A,Suitable for CNG             --------            Apto GAS
,,,,1294-E,STD.,6.969,30.18,89,45º,3,C,7702023504,,,,,,,21072 E,
D4F - 1.2 Lts. -  16V.,Clio II - Twingo,4,G,3862-A,STD.,5.47,26,110.7,45º,4,A,1320200QAK, ,,,,,,1379 A,
,,,,3863-EB,STD.,5.455,22.1,112.5,45º,4,A,1320100QAJ, ,,,,,,21379 E,
1.2 Lts.   D7F -  8V  -   1997~ ,Twingo,4,G,3620-A,STD.,5.972,32.88,106.77,30º,2,A,7700862479,,,,,,,1354 A,
,,4,G,3621-EB,STD.,5.962,29.88,106.77,45º,2,A,7700862480,,,,,,,21354 E,
1.4 Lts. -  1974 - 1983,R12 / Traffic / Dacia GNC,4,G,294-AC,STD.,6.98,34,89.8,45º,2,C,,,,,,,,1072 AGNC,Suitable for CNG             --------            Apto GAS
,,,,1461-EGX,STD.,6.969,30.18,89,45º,3,C,7702057758,,,,,,,21072 EGNC,
,,,,1294-E,STD.,6.969,30.18,89,45º,3,C,7702023504,,,,,,,21072 E,
1.4 Lts.         ,R18,4,G,458-A,STD.,6.968,34.07,91.5,30º,2,C,7701460699,7700639627,770622345,7701462137,,,,1255 A,
,,,,1458-E,STD.,6.969,28.87,88.9,45º,3,C,7711677772,7701461214,7701461802,7700666112,,,,21255 E,Suitable for CNG             --------            Apto GAS
1.4 Lts. -  E7J,R9i (Injection) - Clio Energy,4,G,3526-A,STD.,6.965,37.5,108.1,30º,2,C,7701465088,7700273371,,,,,,,
,,,,3527-E,STD.,6.955,33.6,107.85,45º,2,C,7701465090,7700865832,7701468419,,,,,,
1.4 Lts.- 1.5 Lts.  - 1966~  -  L697,R16TL / LT / L - 697,4,G,3306-A,STD.,7.968,35.12,103.1,45º,6,C,05560433000,,,,,,V-9569,,
,,,,23306-E,STD.,7.958,31.11,102.99,45º,4,C,7700504926,,,,,,S-9570,,
1.4 Lts. - 1.6 Lts.                                ,R11 / R9 / R19,4,G,363-A,STD.,6.979,34.07,91.43,45º,2,C,,,,,,,,1055-A,Suitable for CNG             --------            Apto GAS
 F40 / C1G / C1J / C2J  - 1985~,,,,363-AC,STD.,6.979,34.07,91.43,45º,2,C,7700682064,,,,,,,1055 AGNC,
,,,,1363-EP,STD.,6.96,28.88,89,45º,3,C,7700638247,,,,,,,21055 EGNC,
K9K - 1.5 Lts. -  8V.,Clio II,4,D,3860-A,STD.,5.98,33.45,100.9,45º,4,C,7701476573,,,,,,,1256 A,
,,,,3861-EB,STD.,5.975,28.9,100.7,45º,4,C,7701476572,,,,,,,21256 E,
1.6 Lts. -  A1M / A2M / A6M   -  1979-83,R18 GTL / GTS Break,4,G,3305-A,STD.,7.967,35.91,105.1,45º,2,C,7700629763,,,,,,V-9589,,
,,,,23305-E,STD.,7.97,31.62,103.8,45º,4,C,7700639199,,,,,,S-9590,,
1.6 Lts. - C2L - C3L - C4L,R9 / R19 RN / Clio,4,G,3308-AC,STD.,6.979,34.08,90.68,45º,3,C,3287419-0,,,,,,,1355 AGNC,Suitable for CNG             --------            Apto GAS
,,,,1363-ECP,STD.,6.969,28.88,89,45º,3,C,7702080678,7701461802,7701460690,,,,,21055-E,
H4M  1.6 Lts.  16V    ,"DUSTER / SANDERO II / LOGAN II / CAPTUR / CLIO IV L4, (1.6 LTS.), 1598 C.C.,16 VALVE, H4M   -> DUSTER / LOGAN II / SANDERO II / CAPTUR  / CLIO IV.",4,G,4794-AN,STD.,4.97,31.7,101.75,45º,2,C,132018521R,,,,,,,,
,,,,4795-EN,STD.,4.955,25.45,102.5,45º,2,C,132028257E,,,,,,S-7324,,
,,,,4880-EN,STD.,4.965,25.45,102.5,45º,4,C,132271439R,,,,,,S-7324,,
 K4M  1.6 Lts.  16V    ,Clio II - Scenic - Megane - Logan,4,G,3598-A,STD.,5.484,32.7,109.32,45º,2,E,7700107489,7701472124,7701471378,,,,V-9839,1260 A,
,,4,G,3599-E,STD.,5.473,27.96,107.64,45º,2,A,7700107490,7700107490,7701471379,,,,S-9840,21260 E,
K7M 1.6 ltrs. 8V,Sandero / Logan ,4,G,4184-AN,STD.,6.965,37.6,108.2,30º,2,C,8200708663,,,,,,,,
,,,,4185-EN,STD.,6.95,33.6,108.2,45º,2,C,8200708663,,,,,,,,
F2N 1.7 Lts. ,R21 Alliance / R19 Chamade ,4,G,3218-A,STD.,7.985,38.2,111.5,30º,2,A,7700713788,,,,,,V-9615,1356-A,
,,,,23218-EB,STD.,7.96,32.85,111.3,45º,2,A,3343738-5,,,,,,,21356 EGNC,
"B4184S9- 1.8lt. 16v. L4  /
B4204S - 2.0lt. 16v. L4
N7Q 2.0i 16v  ", Renault Laguna L / Grantour,4,G,4386-A,STD,5.97,31,104.3,45º,4,A,1397641,,,,,,V-7285,,
,,,,4387-E,STD,5.96,27,103,45º,4,A,1366490,,,,,,S-7286,,
"1.8 Lts. - 2.0 Lts. - 
 F3P / F3R / 8V. / 1993~      ",Laguna - R19 - Megane ,4,G,3452-A,STD.,7.984,40.12,107.12,45º,2,C,7700855926,,,,,,,1359 A,Suitable for CNG             --------            Apto GAS
,,,,3453-EB,STD.,7.971,32.63,106.92,45º,2,C,7700855927,,,,,,,21359 E,
1.8 Lts.   F7 / F7P - 16V 1988~,R19 - Clio,4,G,3626-A,STD.,6.98,30.7,107.4,45º,2,E,7701465172,,,,,,,1353 A,
,,4,G,3627-EB,STD.,6.97,28.6,109.1,45º,2,A,7700747324,,,,,,,21353 E,
"L4, (2.0 LTS.), 16 VALVE, FLEX, 150CV, F4R ",DUSTER / SANDERO RS / DUSTER OROCH / ,4,G,4694-AN,STD.,5.47,34,110.60000000000001,45º,2,C,132010427R ,,,,,,S-9972,,
,,,,4695-EN,STD.,5.97,29,109,45º,4,C,132028317R ,,,,,,,,
1.8 Lts. - 2.0 Lts. -  F3P / F3R               8V                  ,Laguna - Megane                                         ,4,G,3714-A,STD.,7.987,40,115.5,45º,2,A,7701468960,,,,,,,1361 AGNC,
,,4,G,3715-EB,STD.,7.965,32.65,115.4,45º,2,A,7701466607,,,,,,,21361 EGNC,
1.9 Lts. - F8Q - 1995~            ,R19 Diesel Express  / Kangoo,4,D,3420-AB,STD.,7.988,35.1,109.9,45º,2,C,7701469369,7701468190,30852144,3345515,M852144,M889130,,21357 A,
,,,,23421-EB,STD.,7.945,31.3,110.05,45º,2,C,7701469373,7701471705,,,,,,21357 E,
1.9 Lts.  -  F8Q TD - 1993~,"Express, Clio, R19 TD  / Kangoo",4,D,3560-AB,STD.,7.975,35.1,111.7,45º,2,C,7701468035,,,,,,,21358 A,
,,,D,3561-EB,STD.,7.96,31.6,111.7,45º,2,A,,,,,,,,21358 E,
1.9 Lts.  -  F9Q TD      ,Turbo Diesel - Megane - Scenic - Laguna TD,4,D,3544-A,STD.,6.985,35.32,110.99,45º,2,C,7700110387,,,,,,,1362 A,
,,,,3545-EB,STD.,6.971,32.6,110.79,45º,2,C,7700110388,,,,,,,21362 E,
2.0 Lts. - J6R  -  ZEJ - ZDJ,R18 /  Fuego / R21 / 505,4,G,421-A,STD.,7.98,43.9,111.9,30º,2,C,7701461147,,,,,,V-9617,1079-A,
,,,,1421-EB,STD.,7.97,38.6,111.4,45º,2,C,7700644709,,,,,,S-9618,21179 E,Apto GAS
2.0 Lts.   D / TD  -  1980~  -  J8S,R18 Diesel - R25 / R20  / Traffic,4,D,3240-A,STD.,7.981,40.3,111.5,45º,2,A,7701461338,,,,,,,2140 A,
,,,,23240-ECP,STD.,7.968,33.2,111.5,45º,2,A,7701462232,,,,,,,22140 E,
" N7Q
 2.0 Lts. 16V                     ",Laguna - Megane - Motor Volvo                                      ,4,G,3716-AC,STD.,6.963,31,104.2,45º,4,C,1397641,9207874,,,,,,1261 A,
,,4,G,3717-ECB,STD.,6.955,26.9,103.25,45º,4,C,1366490,1366882,9207880,9471463,,,,21261 E,
"MR4 
2.0 Lts. 16V",Fluence / Laguna / Megane,4,G,4134-A,STD.,5.46,33.85,106.31,45º,2,C,13201EN20B,,,,,,V-7151,5014 A,
,,,Esc,4135-EN,STD.,5.45,27.69,105.23,45º,2,C,13202EN20B,,,,,,S-7152,25014 E,
F4R - 2.0 Lts. -  16V.,Scenic - Megane II - Laguna- Koleos,4,G,3864-A,STD.,5.473,33.45,110.15,45º,2,C,7701474287, ,,,,,V-7131,1259 A,
,,,,3865-EB,STD.,5.441,28.95,108.9,45º,2,A,7701474286,,,,,,,21259-E,
"Dci M9R / M9T
L4 2.0lt. - 16v.","Scenic / Koleos / Laguna / Laguna II / 
Master / Megane II",4,D,4458-A,STD,5.96,27,103,45º,4,A,1320100Q0A,,,,,,,,
,,,,4459-EB,STD,5.96,26,103.9,45º,4,E,1320200Q0A,,,,,,,,
2.2 Lts.    J7R,R18 /  Fuego / R21 / 505,4,G,421-AC,STD.,7.98,43.9,111.9,30º,2,C,7700635409,,,,,,,1079 AGNC,
,,,,1421-EGX,STD.,7.97,38.6,111.4,45º,2,C,,,,,,,,,
2.2 Lts.  - J7R / Z7V                   ,Fuego / R21,4,G,366-AB,STD.,7.84,43.8,111.9,30º,2,C,7702086415,,,,,,,21084 AGNC,
,,,,1421-EGX,STD.,7.97,38.6,111.4,45º,2,C,,,,,,,,,
"G9U - 2,2/2,5 LTS 16 V.",Master / Trafic II,4,D,4080-AN,STD.,5.976,30.7,123.3,45º,4,A,1320100QAD,,,,,,,1364 A,
"G9T - 2,2/2,5 LTS 16 V.","LagunaGrandtour / Laguna II / Avantime /  Espace III, IV / Vel Saltis",4,D,4081-EN,STD.,5.964,29.5,123,45º,4,E,1320200QAD,,,,,,,21364 E,
"L4, (2.5 LTS.), 2488 C.C., DOHC 16 VALVE, QR25DE, PR25DD, VQ35DE, TR25",KOLEOS,4,G,4881-AN,STD,5.967,35.6,101.7,45º,2,C,13201-3TA1A,,,,,,,,
,,,,4882-EN,STD,5.955,30.6,102.9,45º,2,C,13202-3TA1A,,,,,,,,
2.5 Lts. -  8140 TD  -  1991~,Master,4,D,3510-ACB,STD.,7.99,40.87,120.75,30º,2,C,7301820,0948 A2,504069200,7701030863,7701462678,7701463603,,22083 A,
,,4,D,3511-ECB,STD.,7.99,34.4,122,45º,2,C,7301821,4826033,,,,,,22083 E,
181 / 230 - 4B  -  1965-74   ,Tornado 4 Bancadas,6,G,260-A,STD.,8.65,48,118.4,45º,8,C,936979,,,,,,,1047 A,
,,,,1261-ECP,STD.,8.595,41,113.93,45º,8,C,926216,,,,,,,21047 E,
OHC 230  -  7B  -  1974-78,Tornado - 7 Bancadas,6,G,287-AC,STD.,8.66,48,126.4,45º,8,C,2214280,,,,,,,1065 A,Suitable for CNG             --------            Apto GAS
,,,,1287-ECP,STD.,8.65,41,121.5,45º,6,C,2069916,,,,,,,21065 E,
226,"F226, F6226, PF226",6,G,206-A,STD.,8.65,38.5,131.75,30º,8,B,203325,,,,,,,1027 A,
,,,,1207-E,STD.,8.6,33.7,132.2,45º,8,B,F354,,,,,,,21027 E,
,RENAULT TRUCK,,,,,,,,,,,,,,,,,,,
"MIRD 06.02.26 Y24 / MRD 06.02.26 Y (1989) - MIRD 06.02.26 DU (1990) - 6,1 Lts.",Truck,6,D,3916-ACB,STD.,9.96,46.6,140.2,30º,2,A,5000667762,5000676035,5010450589,5010553049,,,,,
,,,,3917-ECB,STD.,9.95,40.6,140.2,45º,2,A,5000676258,5000667939,5010450590,,,,,,
"L6 - 11,0lt. DCi E 24v",RVI Premium / Kerax 320-370-420 / Lander 320-370-420 / Middlum 150 / Premium 150-320-370-420,6,D,4472-ACB,STD,7.95,42.1,185.65,60º,2,A,5010359501,,,,,,,,
,,,,4473-ECB,STD,7.94,38,185.5,45º,2,A,5010412164,,,,,,,,
"L6, (12.8 LTS.), 12.800 C.C., 24 VALVE, DXI 13 440, DXI 13 460, DXI 13 480, DXI 13 500, DXI 13 520, EURO 4-5",KERAX 460 / KERAX 520 / KERAX 500 / MAGNUM AE / MAGNUM AE 440 / MAGNUM AE 520 / MAGNUM AE 480 / MAGNUM AE 460 / MAGNUM AE 500 / ,6,D,4722-AC,STD.,7.965000000000001,42,191.9,65º,4,E,2148655 ,,,,,,,,
,,,,4723-ECX,STD.,7.95,40,191.6,5º0,4,E,,,,,,,,,
"L6, (11.8 LTS.), 24 VALVE, DTI11, DXI11, D11, MD11, EURO 3,4,5,6",KERAX 370 / K-SERIE  380 / C-SERIE (2013)  460 / T-SERIE  460 / K-SERIE  460 / C-SERIE (2013)  430 / T-SERIE  430 / T-SERIE  430 / K-SERIE  430 / C-SERIE (2013)  380 / T-SERIE  380 / PREMIUM-SERIE 300 / PREMIUM-SERIE  450 / LANDER 450 / KERAX 450 / PREMIUM-SERIE  440 / KERAX 440 / PREMIUM-SERIE  410 / LANDER 410 / KERAX 410 / PREMIUM-SERIE  380 / LANDER 370 / KERAX 380 / LANDER 330 / KERAX 330 / PREMIUM-SERIE 370 ,6,D,4735-ACX,STD.,7.964,40,191.95000000000002,60,4,A,20540017 ,,,,,,,,
,,,,4736-ECX,STD.,7.953,38,192.75,60,4,C,3842972 ,,,,,,,,
,ROTAX,,,,,,,,,,,,,,,,,,,
Rotax,SeaDoo Kawasaki ultra 300/ SeaDoo Yamaha,4,G,4266-AC,STD,5.968,38,90.3,45º,4,E,420254294,,,,,,,,
,,,,4267-ECB,STD,5.953,30.5,90.55,45º,4,E,420254282,,,,,,,,
,ROVER,,,,,,,,,,,,,,,,,,,
M14K16 1.4Lts 16V 4 Cil. / 18K16 / 14k2A / 14K4F,214- 414 / 418,4,G,4226-A,STD,5.955,27.7,89.3,45º,2,A,LGH10029,,,,,,,1140 A,
,,,,4227-E,STD,5.95,24,89.9,45º,2,C,LGH100820,LGH101190,,,,,,21140 E,
1.6 Lts.  -  16V  -  1990~,216 / 416 GSi - GTi  ,4,G,3432-A,STD.,5.48,28.9,115.1,45º,2,C,14711PM3000,17211PM3003,,,,,,21190 A,
,,,,3433-EBN,STD.,5.44,25,118.7,45º,2,C,14721PM3000, ,,,,,,21190 E,
 F20A -  2.0lt  - L4 - 16v., Rover 620i.,4,G,4342-AN,STD,5.48,32,112.3,45º,2,C,14711-PTO-000,,,,,,,,
,,,,4343-EN,STD,5.46,27,124,45º,2,C,14721-PTO-000,,,,,,,,
2.0 Lts.  -  TDi  - 16V  - 1996,"Rover 420 TDI / Serie 200, 400",4,D,3788-AN,STD.,6.915,37.15,86.75,45º,2,A,LGH100990,,,,,,,,
,,,,3789-EBN,STD.,6.915,32.5,86.7,45º,2,A,LGH100980,,,,,,,,
,SAAB,,,,,,,,,,,,,,,,,,,
TDI L4  2.0lt. / 2.4lt.  16v.,Sabb 9-3,4,D,4352-ACB,STD,5.97,29,97.2,45º,4,A,,,,,,,,21316 A,
,,,,4353-ECB,STD,5.96,26,97,45º,4,E,,,,,,,,21316 E,
2.0 Lts.  - 16V  - 1992,900 / B204 / 206L-T / B206i / B234i,4,G,3550-AC,STD.,6.965,33,107.8,45º,4,A,9165580,,,,,,,,Suitable for CNG             --------            Apto GAS
2.3 Lts. - 16V  - 1988,9000 16 - 16T / B202si / B234 ,,G,3552-ACS,STD.,6.955,32,108.3,45º,4,C,7484801,,,,,,,,
2.0 Lts. - 2.3 Lts. - 16V     ,900 / 9000 16 - 16T / B204 / 206 / 234i,,G,3551-ECBS,STD.,6.97,29,108.25,45º,4,A,9165598,,,,,,,,
V6 2.8lt. 24v. Vin 4/6 Turbo ,"9-3 / 9-5
",6,G,4402-AN,STD,5.96,35.15,101.22,45º,2,C,12575352,12620501,,,,,V-7211,,
V6 3.0lt. 24v. Vin 5/LFW / G/Y/LF1 ,,,,,,,,,,,,,,,,,,,,
V6 2.8lt. 24v. A28NER/B284/B284R/GM LP9,,,,4403-EBN,STD,5.95,30.6,95.2,45º,2,E,12621548,,,,,,S-7212,,
,,,,,,,,,,,,,,,,,,,,
2.5 / 3.0 Lts. V6 ,"Saab 900 MK II / 9000 / 9-5 Saloon
Estate",4,G,4144-A,STD.,5.95,31.96,102,45º,4,E,90412277,,,,,,,,
,,,,4145-E,STD.,5.93,29,92.22,45º,4,E,90410813,,,,,,,,
EJ253,9-2x,4,G,3984-AN,STD.,5.954,36,120.6,45º,2,E,13201AA361,13201AA362,,,,,,,
,,,,3985-EBN,STD.,5.951,31.47,121.69,45º,2,E,13202AA371,,,,,,,,
2.0 Lts.  -  1978~,Saab 900 - 9000 Turbo,4,G,375-AC,STD.,7.975,42,107.85,45º,4,E,,,,,,,,,Suitable for CNG             --------            Apto GAS
,,,G,1375-ECBS,STD.,7.95,34.5,108.3,45º,4,E,9307356,,,,,,,,
2.0 Lts  16V B207L / B207R,SAAB,4,G,4144-A,STD.,5.95,31.96,102,45º,4,E,90412277,,,,,,,,
,,,,4145-E,STD.,5.93,29,92.22,45º,4,E,90410813,,,,,,,,
3.0 Lts  24V B307I / SAB-B308I,Passenger Car,,G,4144-A,STD.,5.95,31.96,102,45º,4,E,90412277,,,,,,,,
,,,,4145-E,STD.,5.93,29,92.22,45º,4,E,90410813,,,,,,,,
,SCANIA,,,,,,,,,,,,,,,,,,,
8 Lts.,DN8 / DS8 Turbo,6,D,23396-ACBS,STD.,10.94,50,169,30º,27,A,1105218,,,,,,,,
,,,,23397-ECSS,STD.,10.93,42,169,45º,2,A,243648,,,,,,,,
9.0 Lts.  -  Turbo Intercooler DN9 / DS9 / DS9 Euro 1,SERIE 4 ,6,D,3802-ACB,STD.,10.943,51,162.5,20º,2,A,1801529,1319081, ,,,,,,
,,,,3803-ECS,STD.,10.934,44,162.5,45º,2,A,1360833,1903845, ,,,,,22168 E,
11 Lts.  -  1968~,"Mod. B75 / B76 / L75 / L76 / LS76 / L111 / B111, D10R01 / 21, D11R01 / 21, DS11R01 / 21, DS11B05, DSLO03 / LK140 / LKS140",6,D,378-AC,STD.,10.943,54,162.5,30º,27,A,131354,,,,,,,2025-A,
,,,,1378-EC,STD.,10.925,44,162.54,30º,2,A,243477,,,,,,,26401 E,
11 Lts. -  14 Lts.  -  1983~,DN11 / DS11 / DSC11 / DS14 / DSC14,6,D,23394-ACB,STD.,10.94,54,162.3,20º,27,A,352212,294674,351399,,,,,26404 A,
,,,D,23395-ECS,STD.,10.934,44.6,162.4,45º,2,A,,,,,,,,22058 E,
R 124 - 12 Lts. Y 16lts.- 4v/cil  1996~   Dc12 Euro 2/3 / DC12-420 Euro 3 / DT12 Euro 3/4 / DC16 Euro 2/3/4,SERIE 4 - DSC 12 - DSI 12T -124L - 420,4 / 6 ,D,3662-ACB,STD.,9.935,44,171.4,20º,2,A,1333230,1477022,1515743,,,,,22067-A,
,,,,3663-ECBS,STD.,9.935,41,171.5,45º,2,A,1328537,1445830,1791152,,,,,22066 E,
DSC 12 - DSI 12T 9lts. Y 13lts. 4val./cil. DC9 Euro 5 / DC9 Filter /                               DC 13 Euro 13,SERIE 4 ,6,D,4242-AX,STD,9.94,44,171.4,20º,5,A,1886946,1887056,512037,,,,,22066 A,
,,,,4243-EX,STD,9.925,41,171.5,45º,5,A,1778492,1781847,511732,,,,,22666 E,
P / R  / T 112 / R 142   11lts. Y 14 Lts.   1989~ DSC 11 2v/cil. Euro 0/1 // DSC 14 Euro 1/2 // DSI 14,DMB05 / DS11B05,6 / 8 ,   D,1374-ACB 20,STD.,10.943,54,162.5,20º,2,A,294674,,,,,,,26403-A,
,D11B08 Turbo - Intercooler,,,23395-ECSS,STD.,10.934,44.6,162.4,45º,2,A,1397521,,,,,,,22058-E,
 P / R  / T 112 / R 142 -  10lts. / 14 Lts. 2v/cil  ~1989,DS11 A05 / A06 / L05 / LO05 - DS111 M01 - DSC11 / DSC11 / DS14 / DSC14 / V8,6 / 8,D,1374-ACB 20,STD.,10.943,54,162.5,20º,2,A,294674,,,,,,,26403-A,
,"LS111 / LK111 / LT111 / B111 / LK140 / LKS140  - DS11B05, DS11LB24, DS11L05, DS14LB05 / V8",,D,1374-AC,STD.,10.94,54,162.5,30º,2,A,272804,1361190,,,,,,6403 A,
,"L111/B111/LS111/LK111/LT111/ B111-DS11B05,D11LO03 /DS11LB24,DS11L05,DS11A05 /A06/L05,DS111M01",,D,1374-ECB,STD.,10.934,45,162.5,45º,2,A,,,,,,,,22045-E,
"L6, (12.7 Lts.), 12.700 C.C., DC13, 24 Valve, Intercooler Euro 5",SERIE G360 / ,6,D,4667-AX,STD.,9.94,44,171.4,70,5,E,1854800 ,,,,,,,,
,,,,4668-EX,STD.,9.925,41,171.5,60,5,E,2023341 ,,,,,,,,
"L6, (12.7 Lts.), 12.700 C.C., DC13, 24 Valve, Intercooler Euro 5
V8, (16 Lts.), DC16, 32 Valve, R620, Intercooler Euro 5",SERIE G360 / ,"6
8",D,4905-AX,STD.,9.94,44,171.9,20º,5,C,2196243,,,,,,,,
,,,,4668-EX,STD.,9.925,41,171.5,60,5,C,2023341 ,,,,,,,,
,SEA DOO,,,,,,,,,,,,,,,,,,,
Bombardier 155 HP (sin Turbo) / 215 HP con Turbo / 260 HP con Turbo,"Sea Doo GTX 215 / GTX 4 TEC - ´08
GXT 4  TEC Wake  -
GXT 4  TEC LTD Supercharger / 
GXT 4  TEC LTD Special Supercharger /
Sea Doo RXP / RXT
Sea Doo GTI 130 /
Sea Doo GTI R 1530 DT",,G,4266-AC,STD,5.968,38,90.3,45º,4,C,420254294,,,,,,,,
,,,,4267-ECB,STD,5.953,30.9,90.55,45º,4,C,420254282,,,,,,,,
,SEAT,,,,,,,,,,,,,,,,,,,
AER - 1.0 Lts. - 1997-98,"Aroza, Ibiza",4,G,3512-A,STD.,6.96,31,94.75,45º,4,C,030 109 601 AG,,,,,,,1207 A,
,,4,G,3513-EB,STD.,6.94,26,94.45,45º,4,C,030 109 611 N,,,,,,,21207 E,
AAU / ABD - 1.0 / 1.4 Lts. - 1993 ~,Ibiza / Cordoba,4,G,3972-A,STD.,6.965,34.00,99,45º,4,A,030 109 601 J,,,,,,,1222 A,
,,,,3973-EX,STD.,6.942,28.90,99.00,45º,4,A,030 109 611 D,,,,,,,21222 E,
"L4, (1.4 LTS.), 1390 C.C.,16 VALVE, TFSI, DOHC, TURBO",ALHAMBRA / LEON / TOLEDO / CORDOBA / ALTEA / IBIZA / IBIZA / CORDOBA / LEON / TOLEDO / ,4,G,4733-A,STD.,5.973,29.5,100.65,45º,4,C,036109601AL ,,,,,,V-7189,,
,,,,4734-EC,STD.,5.95,26,100.60000000000001,45º,4,C,"036109611AE_x000D_
036109611K ",,,,,,S-7190,,
"1.4 TSI  16V FR
1.4 TSI",Ibiza / Leon,4,G,4526-A,STD,4.97,28.5,110.25,45º,4,A,04E109601B  ,,,,,,,,
,,,,4527-ECB,STD,4.965,25,110.1,60º,4,A,04E 109 611 J ,,,,,,S-7190,,
1.4 Lts. - 1.6 Lts. - 1.8 Lts. - 1.9 Lts.  -  AAM / ADZ / ABS / 2E  - 1993,"Golf, Vento, Passat ",4,G,3484-A,STD.,6.98,37.8,91.9,45º,4,C,048 109 601 E,,,,,,V-9781,1708 A,Suitable for CNG             --------            Apto GAS
,,,,3485-EBS,STD.,6.965,32.9,91.15,45º,4,C,,,,,,,S-9750,21708-E,
1.8 Lts. - AEB  - V20  - 1998,Alhambra ,4,G,3488-AS,STD.,5.963,26.9,105.09,45º,4,C,085109601C,,,,,,V-7015,1707 A,
,,4,G,3489-ECBS *,STD.,5.94,29.9,103.9,45º,4,C,,,,,,,,,
,,,G,3583-ECBS *,STD.,5.94,29.9,103.9,45º,4,C,,,,,,,,,
"1.9 Lts TDI 
1Z / AFN / KAT /AHU",Toledo /  Alhambra / Cordoba / Ibiza,4,D,3482-AB,STD.,7.964,35.95,96.85,45º,4,C,028109601H,028109601A,028109601H,046109601G,046109601J,049109601J,,21927 A,
,,,,3483-EB,STD.,7.935,31.4,96.85,45º,4,C,046109611C,046109611E,046109611F,,,,,21927 E,
,ALHAMBRA / ALTEA / EXEO / ,4,D,4104-A,STD,5.975,28.1,99.3,45º,4,A,03L109601,,,,,,V-7191,1292 A,
,LEON / TOLEDO / ,,D,4105-EB,STD,5.965,26,99.1,45º,4,A,03L109611,,,,,,S-7192,21292 E,
"AUY, ARL, BHC
1,9 lts. TDI","Alhambra, Córdoba, Ibiza, León, Toledo",4,D,4082-A,STD.,6.98,35.85,89.85,45º,4,A,038109601B,,,,,,V-7093,1196 A,
"1,4 lts. TDI","Arosa, Ibiza",,,4083-EX,STD.,6.963,31.5,89.65,45º,4,A,038109611B,038109611F,,,,,S-7094,21296 E,
"L4 1.8lt / 2.0lt 16v  /
 L5 2.5lt. 20v",Alhambra / Altea / Exeo / Leon / Toledo,4 / 6,G,4408-AX,STD,5.975,33.9,104,45º,4,C,06D109611M,,,,,,,,
,,,,4221-ECB,STD,5.96,28,101.85,45º,4,A,06E109611D,06D109611K,06D109611L,06D109611T,,,S-9784,21716 E,
"2.0Lts TDI 16v
AZV, BKD",Altea / Leon / Toledo,4,D,4466-AC,STD,5.973,29,87.8,45º,4,A,03G 109 601 B,,,,,,,1715 A,
,,,,4467-ECB,STD,5.953,25.5,87.6,45º,4,A,03G 109 611 D,,,,,,,21715 E,
,* NOTE:  Different keeper groove position. NOTA: Diferente posición de ranura,,,,,,,,,,,,,,,,,,,
,SIMCA,,,,,,,,,,,,,,,,,,,
1.0 Lts. -  1.1 Lts.  1975-81,Simca - 1307S / 1308S / 1501LS / 1309SX,4,G,427-AC,STD.,7.98,35.8,106.9,45º,2,C,SL-12297020,,,,,,,,Suitable for CNG             --------            Apto GAS
,,,,1427-EC,STD.,7.955,28.85,107.7,45º,2,A,SL-12298010,,,,,,,,
,SKODA,,,,,,,,,,,,,,,,,,,
Audi 135 VW - 1.3Lts. - 1998,Forman - Felicia,4,G,3878-A,STD.,7.975,34,101.5,45º,2,A,047 109 601,,,,,,,,
,,,,3879-E,STD.,7.968,30.1,101.5,45º,2,A,047 109 611,,,,,,,,
1.4TSI,Octavia,4,G,4526-A,STD,4.97,28.5,110.25,45º,4,A,04E109601B  ,,,,,,,,
,,,,4527-ECB,STD,4.965,25,110.1,60º,4,A,04E 109 611 J ,,,,,,S-7190,,
1.8 Lts. - AEB -  20V  -  1998~,Octavia  ,4,G,3488-AS,STD.,5.963,26.9,105.09,45º,4,C,085109601C,,,,,,V-7015,1707 A,
,,,G,3489-ECBS *,STD.,5.94,29.9,103.9,45º,4,C,,,,,,,,,
,,,G,3583-ECBS *,STD.,5.94,29.9,103.9,45º,4,C,,,,,,,,,
"L4 1.8lt / 2.0lt 16v  /
 L5 2.5lt. 20v",Octavia / Superb / Yeti,4 / 6,G,4408-AX,STD,5.975,33.9,104,45º,4,C,06D109611M,,,,,,,,
,,,,4221-ECB,STD,5.96,28,101.85,45º,4,A,06E109611D,06D109611K,06D109611L,06D109611T,,,S-9784,21716 E,
2.0 Lts. TDI 16v,OCTAVIA / SUPERB / YETI / ,4,D,4104-A,STD.,5.975,28.1,99.3,45º,4,A,03L109601,,,,,,V-7191,1292 A,
,,,D,4105-EB,STD.,5.965,26,99.1,45º,4,A,03L109611,,,,,,S-7192,21292 E,
V6 3.2lt. 24v. - BRK / BUB / CBRA / BFH / BHK / BKJ / BKK / BKL ,Superb,6,G,4404-A,STD,5.98,33.2,102.3,45º,4,C,331127,,,,,,,,
,,,,4406-A,STD,5.98,33.2,136.2,45º,4,C,022109601G,,,,,,,,
V6 3.6lt. 24V. - BWS / BLV / CDVA ,,,,4405-EX,STD,5.96,30.2,102.3,45º,4,C,03H109611D,,,,,,,,
,,,,4407-EX,STD,5.96,30.2,136,45º,4,C,022109601H,,,,,,,,
,* NOTE: Different keeper groove position. NOTA: Diferente posición de ranura,,,,,,,,,,,,,,,,,,,
,SSANGYONG,,,,,,,,,,,,,,,,,,,
"Motor OM602 
2,9 Lts 10V",SSANGYONG MUSSO ,5,D,4142-A,STD.,7.96,37.93,106,45º,2,E,6010531501,6010531701,6010531201,,,,,,
,,,Esc,4143-EN,STD.,8.95,35,106.5,45º,2,E,601052527,6010501227,6010502127,6010502525,,,,,
,SUBARU,,,,,,,,,,,,,,,,,,,
"EK-23  -  1977   -  600cc                   
 EF10  -  1.0 Lts.        ","Rex, Samba, Domingo",2,G,454-AC,STD.,6.957,35,110,45º,9,C,41555-5400,,,,,,,5351 A,
,,,G,1454-ECP,STD.,6.94,29.97,110.5,45º,9,A,41556-5400,,,,,,,25351 E,
EJ251 / EJ252 / EJ253 /  EJ259 - H4 2.2Lts  - 2.5 Lts. - 16V. - Año 1999 al 2005,"Forester / Impreza / Legacy / Outback/ Baja
",4,G,3984-AN,STD.,5.954,36,120.6,45º,2,E,13201AA361,13201AA362,,,,,,,
,,,,3985-EBN,STD.,5.951,31.47,121.69,45º,2,E,13202AA371,,,,,,,,
"EA71, EA81 EONE  
1.6 Lts. - 1.8 Lts.  -  1975~","Brat, 1600DL, FE, GF, GL, Coupe, Station Wagon, 4WD",4,G,3237-AC,STD.,7.954,39.6,108.9,45º,2,C,31555-4310,,,,,,,,
,,,,4064-AC,STD.,7.958,41.4,109.4,45º,2,C,13201-AA001,,,,,,,,
,,,G,23237-EP,STD.,7.95,34.6,109.4,45º,2,C,41556-7020,,,,,,,,
H4 2.5lt. 16v. EJ25 Turbo, Impresa / Legacy / Outback / Forester ,4,G,4432-AN,STD,5.956,36,104.4,45º,2,C,13201AA371,13201AA391,13201AA400,,,,,,
,,,,4433-EN,STD,5.95,32,104.65,45º,2,C,,,,,,,,,
"H4, (2.0 LTS.), 16 VALVE, DOHC, DIT, TURBO",CROSSTREK / IMPRESA / FORESTER,4,G,4777-AN,STD.,5.465,34,103.3,45º,2,A,13201AA640 ,,,,,,,,
,,,,4778-EN,STD.,5.45,28,94.15,45º,2,A,13202AA670 ,,,,,,,,
EJ25D 2.5Lts 16v,Forester/ Legacy/ Impreza,4,G,4276-AN,STD,5.96,36,105.89,45º,2,C,13201AA340, , ,,,,,,
,,,,4277-EN,STD,5.95,32,106.2,45º,2,C,13202AA350, , ,,,,,,
,SUZUKI,,,,,,,,,,,,,,,,,,,
 1.0 Lts.  8V SOHC,Fun,4,G,4004-AC,STD.,5.963,33,104.7,45º,4,C,24579671,,,,,,,1502 A,
,,,,4005-ECB,STD.,5.944,29,104.7,45º,4,C,93385791,,,,,,,,
1.0 Lts.,Alto,4,G,3880-AN,STD.,5.472,24.6,80.2,45º,2,A,1291173 G 01,,,,,,,,
,,,,3881-EN,STD.,5.445,21.4,81.25,45º,2,A,1291573 G20,,,,,,,,
"L4, (1.1 LTS.), 1061 C.C., 16 VALVE, SOHC, MPFI, F10D, F10DN",ALTO / ZEN STILO / ,4,G,4765-AN,STD.,5.47,26.650000000000002,90.60000000000001,45º,2,C,12911-M84400 ,,,,,,,,
,,,,4766-EN,STD.,5.44,23.5,78.15,45º,2,C,12915-M84400 ,,,,,,,,
"G-13A / H25 / J20 / J18 -  
1.3 Lts. ",Vitara / Baleno / Esteem / Gran Nomade ,4 / 6,G,3930-AN,STD.,5.975,33,86.3,45º,2,C,91177228, ,,,,,,,
,,,,3931-EN,STD.,5.945,28,86,45º,2,C,91175073,,,,,,,,
"1.3 Lts.  -  G13A  -  
1989",Swift,4,G,3150-AB,STD.,5.48,35.05,84.1,45º,2,C,96060053,,,,,,V-7071,,
,,,,3151-EB,STD.,5.45,28,83.9,45º,2,C,1291560B70,1291560B20,,,,,,,
L4 1.3lt. G13A 16v,Suzuki Swift 1.3lt,4,G,4424-AN  ,STD,5.46,29,105.2,45º,2,C,,,,,,,,,
,,,,4425-EN ,STD,5.44,24.1,104.5,45º,2,E,,,,,,,,,
1.3lt TDI 16v.,Igniss II / Splash / Swift III.,4,D,4382-AC,STD,5.985,21.9,109.3,45º,4,A,46518930,,,,,,,,Suitable for CNG             --------            Apto GAS
,,,,4383-EC,STD,5.975,21.9,109.2,45º,4,A,93190438,,,,,,,,
"16V - 1.3 Lts.  -  G13B / G13B   -  1.6 Lts. G16KV / GA16A / SF416
 - 1991~",Swift / Vitara / Sidekick / x90,4,G,3160-AN,STD.,5.455,29.2,92.2,45º,2,E,96068605,,,,,,,,
,,,G,3161-EN,STD.,5.433,25,80.1,45º,2,E,96068606,,,,,,S-9886,,
"Y44 / Y57N - 
1976",Carry / Jimny / LJ80 / LJ120 / SJ30,4,G,460-AN,STD.,6.97,31.58,110,45º,2,C,1291173010,,,,,,,5251 A,
,,,G,1460-EPN,STD.,6.94,27.63,109.54,45º,2,A,,,,,,,,,
"1.6 Lts. -  G16K
1989-95 - G16A / G16KC  
1986",Sidekick / SE416 / Vitara,4,G,3440-AN,STD.,6.973,36.6,115.6,45º,2,E,96057952,,,,,,,,
,,4,G,3441-EB,STD.,6.95,32.6,114.55,45º,2,E,96057953,96067994,,,,,,,
1.9 Lts.  -  XUD9                ,"Vitara Diesel, Peugeot Engine",4,D,3304-A,STD.,7.977,38.5,112.4,45º,2,C,9630597380,,,,,,,21216 A,
,,,D,3303-EC,STD.,7.977,33,111.85,45º,2,A,9613736080,,,,,,,21216 E,
"1RFT 
L4 2.0lt. 16v",Grand Vitara,4,D,4416-A,STD,7.968,39.4,106.6,60º,2,E,D27Z6507A,,,,,,,,
,,,,4417-EN,STD,7.967,35,106.6,45º,2,E,D27Z6505A, ,,,,,,,
DW10BTED4 / HDI / DW12TED4 / TDCI ,Grand Escudo,4,D,4456-AC,STD,5.97,30,105,45º,4,A,0948A3,,,,,,,,
L4 2.0lt. - 16v,,,,4457-ECB,STD,5.97,25,105,45º,4,A,0949A3,,,,,,,,
"J24B -
 L4 2.4lt. 16 v","Suzuki Grand Vitara / 
Kisashi",4,G,4488-AN,STD,5.468,35.55,100.65,45º,2,C,1291178K00,,,,,,,,
,,,,4489-EN,STD,5.441,30.5,98.7,45º,2,C,1291578K00,,,,,,,,
"QR25DE
 L4 16v. 2.5lt.",Equator.,4,G,4002-AN,STD.,5.973,35.6,96.9,45º,2,C,13201JA00A,13201JG30A,,,,,V-7013,,
,,,,4003-EN,STD.,5.953,30.6,98.5,45º,2,C,13202JA00A,13202JA15A,13202JG30A,,,,S-7014,,
"L4 2.0 LTS.  H20 16V. /  
V6  2.7 LTS.  H27 24V",Suzuki Gran Vitara SZ,4 / 6,G,4514-AN,STD,5.97,33,93.6,45º,2,C,1291165J01,1291165J00,,,,,,,
,,,,4515-EN,STD,5.95,28,93.2,45º,2,C,1291565J01,,,,,,,,
F -  3.9 Lts. - 1960-75,"Landcruiser, Industrial",6,G,440-AN,STD.,7.985,46.2,124.6,45º,4,C,1371160021,1371161010,,,,,,,
,,6,G,1440-EN,STD.,7.981,37.5,125.2,45º,4,C,1371560032,1371561010,,,,,,,
VK40DE V6 4.0lt. 24v.,Equator.,6,G,4418-AN,STD,5.97,37.15,96.45,45º,2,C,1291182Z10,132017S000,,,,,S-7058,,
,,,,4419-EN,STD,5.96,31.35,94,45º,2,C,132027S000, ,,,,,S-7057,,
,TOYOTA,,,,,,,,,,,,,,,,,,,
EJ-DE L3  1.0 Lt 12V, Toyota Duet,4,G,4296-AN,STD,4.99,24.5,79.2,45º,2,C,1371197205,,,,,,,,
,,,,4297-EN,STD,4.96,21,78.9,45º,2,C,13715-97203,,,,,,,,
3KC  - 1.2 Lts.  - 1968-79,Corolla,4,G,449-A,STD.,7.975,36.08,99.85,45º,6,C,1371124012,1371124020,1371124011,1371124010,,,,1082-A,
,,4,G,1449-EP,STD.,7.97,28.95,100.1,45º,6,E,1371524012,1371524020,1371524011,1371524010,,,,21082-E,
5-EFE / 4 EFE - 1.3 Lts. / 1.5 Lts. - 16v. - 1995~,Sera / Tercel,4,G,3932-AN,STD.,5.98,28.5,93.5,45º,2,E,1371111012,1371111010,,,,,,,
,,,,3933-EN,STD.,5.97,24.5,94,45º,2,E,1371511030,,,,,,,,
"2NZ - FE / 1NZ - FE - 1,3 - 1,5 Lts. - 16V. 2000~",Yaris,4,G,3966-AN,STD.,4.98,30.5,89.25,45º,2,C,1371121010,,,,,,V-7093,,
,,,,3967-EN,STD.,4.97,25.5,87.9,45º,2,C,1371521010,,,,,,S-7094,,
K3 L4 1.3 Lts 16V,Daihatsu Terios / YRV / Atrai cargo / Toyota Terios,4,G,4294-AN,STD,4.96,26,88.2,45º,2,C,1371123030,1371197401,,,,,,,
,,,,4295-EN,STD,4.96,22.6,89.2,45º,2,C,1371523030,1371597401,,,,,,,
"L4, (1.3 LTS.), 1,329 C.C., 16 VALVE, DOHC, 1NR-FBE, FLEX, EFI, DVVT",ETIOS / YARIS,4,G,4902-AN,STD,5.475,29,103.34,45,2,E,13711-47050,,,,,,,,
,,,,4903-EN,STD,5.465,24.2,104.5,45,2,E,13715-47050,,,,,,,,
3ZZ - FE,Toyota Corolla / Corolla Altis / Corolla RumX / Corolla XLs / Avensis/ Blade,4,G,4234-AN,STD,5.48,31,88.7,45º,2,E,1371122040,,,,,,V-7167,,
 1.4 Lts - 1.6 Lts 16V 01 / 08    ,,,,4235-EN,STD,5.476,26,88.75,45º,2,E,1371522040,,,,,,S-7168,,
"3E, 3EE, 3FE  - 1.5 Lts.  - 1987-94",Tercel,4,G,3294-A,STD.,5.969,30,92.35,45º,2,C,13711-10020,,,,,,,,
,,,G,3438-A,STD.,5.969,23.9,91.85,45º,2,C,13712-11020,,,,,,,,
1E / 2E / 3E/ 3EE / 3FE ,Tercel,4,G,3439-EB,STD.,5.955,30.9,92.4,45º,2,A,1371510030,,,,,,,,
1.5 Lts.  -  12V   -  1987-94,,,G,3676-A,STD.,5.971,21,98.5,45º,2,E,1371110020,,,,,,,,
"2NR-FE 
1.5 Lts. 16v. ",Etios,4,G,4500-AN,STD,5.48,29,88.3,45º,2,E,1371147020,,,,,,,1326 A,
,,,,4501-EN,STD,5.475,24.4,89.2,45º,2,C,1371547020,,,,,,,21326 E,
12R  - 1.6 Lts.   -  1970~,Hilux / Corona / Mark II,4,G,446-A,STD.,7.959,40,109,45º,25,C,13711-31030,,,,,,,1195-A,
,,,G,1446-ECP,STD.,7.968,34,109,45º,25,A,13715-31030,,,,,,,21195-E,
2TC  -  1.6 Lts.   -  1971-79,Carina / Corolla,4,G,447-A,STD.,7.98,41.06,108.9,45º,6,C,13711-25011,,,,,,,1081 A,Suitable for CNG             --------            Apto GAS
,,4,G,1447-EP,STD.,7.968,36.02,109,45º,6,E,13715-25011,,,,,,,21081 E,
4AF  -  1.6 Lts.  -  1988-89,"Celica, Corolla",4,G,3532-AN,STD.,5.977,30,91.5,45º,2,C,94847343,,,,,,,,Suitable for CNG             --------            Apto GAS
,,4,G,3533-EBN,STD.,5.969,24.5,91.9,45º,2,E,94848344,,,,,,,,
4AC / 4ALC  -  1.6 Lts.  ,"Corolla, SR5, FX",4,G,3226-AN,STD.,6.975,35.85,106.95,45º,6,A,13711-15010,,,,,,,,Suitable for CNG             --------            Apto GAS
        1983-88,,,G,23226-EPN,STD.,6.975,31,106.75,45º,6,C,13715-15010,,,,,,,,
4AG - 1.6 Lts.  - 1985-91,Corolla MR2,4,G,3530-AN,STD.,5.969,30.48,99.5,45º,2,C,94845132,,,,,,,,
,,,G,3531-EBN,STD.,5.971,25.55,99.7,45º,2,A,94845133,,,,,,,,
1.8 Lts 4 Cil. 16V .  96 /00 7A- FE,Corolla,4,G,4232-AN,STD,5.975,31,87.25,45º,2,E,1371115090,94853629,,,,,,,
,,,,4233-EN,STD,5.968,24,88,45º,2,E,1371515070,94853630,,,,,,,
 1.8 Lts / 2.0Lts  - 16v.,Corolla / Axio / Blade/ Vitz / Allion I,4,G,4182-AN,STD.,5.475,32,109.4,45º,2,C,1371137020,,,,,,V-7169,,
,,,,4183-EN,STD.,5.47,27.5,108.2,45º,2,C,1371537030,,,,,,,,
1ZZ FE - 4 Cil. - 1.8 Lts. - 16v. - DOHC - Nafta. ,Corolla,4,G,3974-AN,STD.,5.474,32,88.52,45º,2,E,1371122040, ,,,,,S-7222,1324 A,
,,,,3975-EN,STD.,5.47,27.5,88.6,45º,2,E,1371522030,,,,,,V-7221,21324 E,
16R / 16RS / 18R / 18R  1.8 Lts. - 1973,Celica / Corona / Pickup,4,G,443-AC,STD.,7.955,43,113.1,45º,6,A,13711-36020,,,,,,V-7191,1093 A,
18R / 20R  -  2.2 Lts.                       1975-80,,,G,1443-EC,STD.,7.96,36,113.5,45º,6,E,1371538010,1371538011,,,,,S-9972,21083-E,
20R -  2.2 Lts.  -  1975-80,,,G,3340-A,STD.,7.978,43,115.5,45º,6,E,1371137010,,,,,,,,
18RC   -  2.0 Lts.  - 1972-74,Celica / Corona / MKII / Pickup,4,G,442-AN,STD.,7.96,41,113,45º,6,C,13711-34010,,,,,,,1083-A,
,,4,G,1442-EN,STD.,7.95,35.9,113,45º,6,A,13715-34010,,,,,,,21083-E,
 2.0 Lts 1AZ-FE/ 2AZ- FE,Rav-4/Camry/ Avensis,4,G,4230-AN ,STD,5.48,34,101.6,45º,2,E,,,,,,,,,
,"
Wish MPV / Caldina / Isis / Gaia/ OPA / Allion ",,,4231-EN,STD,5.47,29.4,101.15,45º,2,E,137150H010,,,,,,V-9598X,,
"L4 18RG
 2.0lt. 8v",Celica,4,G,4442-AN,STD,8.47,45,106.8,45º,6,C,1371188222,,,,,,,,
,,,,4443-EN,STD,8.45,38.5,105.4,45º,6,E,1371588222,,,,,,,,
"1DZ - 8v
L4 2.0lt.",Toyota Autoelevador - Forklift,4,D,4444-AN,STD,7.98,38.36,108.5,45º,2,E,1371178200,,,,,,,,
,,,,4445-EN,STD,7.96,32.6,108.35,45º,2,E,1371578200,,,,,,,,
5R / 5RU  -  2.0 Lts. -  1969-78,Dyna,4,G,445-A,STD.,8.465,43.04,109.4,45º,3,C,13711-44013,,,,,,,1094-A,Suitable for CNG             --------            Apto GAS
,,,G,1445-EP,STD.,8.456,37,110,45º,3,C,13715-44022,,,,,,,21094-E,
5R / 5RU  -   2.0 Lts.  -  1978~,Dyna / Corona,4,G,805-A,STD.,8.463,43,109.5,45º,2,C,13711-44013,,,,,,,1094-A,
,,4,G,1805-EP,STD.,8.453,37.1,110,45º,2,C,13715-44022,,,,,,,21094-E,
3YEC  -  2.0 Lts.  -  1984-85,Van,4,G,807-A,STD.,7.974,40,108.24,45º,2,C,1371171010,,,,,,,,
,,4,G,1807-EP,STD.,7.978,36,108.48,45º,2,C,1371571010,,,,,,,,
1C  - 1.8 Lts. 1982 / 2C  -  2.0 Lts. - 1990~,Corolla,4,D,809-A,STD.,7.987,38.6,105.65,45º,2,E,1371164010,1371164011,1371164020,,,,,1118 A,
,,4,D,1809-E,STD.,7.974,32.5,105.25,45º,2,E,1371564010,1371564011,1371564030,1371564040,,,,1118 E,
1CD- FTV  2.0 Lts,RAV-4 Corolla D4D,4,D,4116-A,STD.,5.99,28,102.47,45º,2,E,1371127010,,,,,,,,
,Toyota Avensis / Estima / Sportsvan / ,,4117-EN,4117-EN,STD.,5.97,24,102,45º,2,E,1371527010,,,,,,,21325 E,
"L, 20L -  2200D / 2400D  - 2.2 Lts. - 2.4 Lts. - 1978~         ",Hilux / Cressida,4,D,1448-AP,STD.,8.474,42.5,122.9,45º,4,E,13711-44020,,,,,,,1096 A,
,,4,D,1448-EP,STD.,8.464,35.1,122.9,45º,4,E,13715-44021,,,,,,,21096 E,
3SFE / 5SFE  - 2.0 Lts. - 2.2 Lts. -  1991,3SFE - 5SFE,4,G,3730-AC,STD.,5.971,32,97.7,45º,2,E,1371103020,1371174080,,,,,,,
,,,G,3731-EC,STD.,5.971,27.05,98.45,45º,2,E,1371503020,1371574080,,,,,,,
1KZT / 1KZ-TE L4 16V ,SW4 TD / Hilux / Cressida / 4Runner / Hiace / Land Cruiser,4,D,4038-AN,STD,7.975,42.5,104.3,45º,2,E,1371154030,,,,,,,,
 2.2lt - 2.4lt - 3.0lt ,,,,4415-EN,STD,7.968,37,104.1,45º,2,E,13715-67040,,,,,,,,
"22R, 22RE, 22REC, 22RTEC 2.3 Lts. 
1981-95",Celica /  Corona /  Hi-Lux / 4-Runner,4,G,3231-AN,STD.,7.98,45,113.4,45º,6,C,1371135010,1371135030,,,,,V-9973,,
,,,G,23231-EBN,STD.,7.975,37,112.4,45º,8,C,1371535020,,,,,,S-9974,,
"2.5 lts. 1KD/2KD-DFTV - 16V. 
2005 en adelante",Hilux / Land Cruiser / Dyna 150,4,D,4018-AN,STD.,5.978,30.5,105.55,45º,2,E,1371130040,,,,,,,1323 A,
,,,,4019-EN,STD.,5.968,26.5,105.8,45º,2,E,1371530040,,,,,,,21323 E,
L4 2.5lt. 2J ,"Toyota Autoelevador - Forklift
",4,D,4446-AN,STD,8.935,40.5,120.7,45º,2,E,13711-48010,,,,,,,,
,,,,4447-EN,STD,8.93,33.5,120.3,45º,2,E,13715-48010,,,,,,,,
 2TRFE L4 2.7lt. 16v.," Tacoma / 4 Runner.
",4,G,4430-AN,STD,5.47,37.5,106.3,45º,2,E,1371175110,,,,,,V-7055,,
,,,,4431-EN,STD,5.47,31.5,106.73,45º,2,E,1371575110,1371575140,,,,,S-7056,,
3 RZFE - 16v. / 2.8 Lts. / 1995~,4 Runner / Hilux,4,D,3942-AN,STD.,5.98,37.5,103.5,45º,2,E,1371175060,1371175050,,,,,,,
,,,,3943-EN,STD.,5.97,30.5,103.5,45º,2,E,1371575050,1371576020,,,,,,,
"2L / 3L / 1HZ  - 2.4 Lts. 3,0 Lts - 1988~","Hilux, Dyna",4,D,3778-AN,STD.,7.975,42.4,103.5,45º,2,E,1371154020,1371154010,,,,,,21122 A,
,,,,3779-EBN,STD.,7.96,36.1,103.5,45º,2,E,1371554040,,,,,,,21122 E,
 1MZFE V6 3.0lt. 24v. / ,Hightlander/ Solara/ Camry/ Sienna/ Estima /Alphard I /,6,G,4270-AN,STD,5.484,34,95.6,45º,2,A,1371120020,19S31220000,,,,,,,
3MZFE V6 3.3lt. 24v. ,"Sienna/Avalon/ Vista/Scepter/ Windom/Harrier 
   
",,,4271-EN,STD,5.48,27.3,95.3,45º,2,C,1371520020,19S31280000,,,,,,,
"B - 2B  - 3.0 Lts. - 3.2 Lts.             
1980",Dyna / Landcruiser,4,G,23209-AP,STD.,8.97,45,127.9,45º,2,A,13711-56030,,,,,,,,
,,,G,23209-EP,STD.,8.96,37.5,127.8,45º,2,A,13715-56031,,,,,,,,
"5L - 3.0 Lts. - Año 1998                    
1KZ 3.0 TD",Hilux  LN 150 / SW4,4,D,4038-AN,STD.,7.975,42.5,104.3,45º,2,E,1371154030,,,,,,,,
,,,,4039-EPN,STD.,7.96,36,104,45º,2,E,1371554050,,,,,,,,
"7M GE -  24V   FI  - 3.0 Lts.  
- 1986~        ","Supra / Cressida 
(normal, no Turbo / non-Turbo)",6,G,3492-AN,STD.,5.965,32,98.2,45º,2,C,13711-42020,,,,,,,,
,,6,,3493-EN,STD.,5.966,27.45,98.3,45º,2,E,13715-42010,,,,,,,,
"3.0 lts. 1KDFTV - 16V. 
2005 en adelante",Hilux / Land Cruiser / Dyna 150,4,D,4016-AN,STD.,5.978,32.2,105.45,45º,2,E,1371130030,,,,,,,21325 A,
,,,,4017-EN,STD.,5.968,27.8,105.32,45º,2,E,1371530030,,,,,,,21322 E,
"3VZE  -  3.0 Lts.  - V6 
1986-96",Pickup / 4 Runner / T100,6,D,3490-AN,STD.,7.97,42,104.6,45º,2,C,1371165010,,,,,,,,
,,6,D,3491-EN,STD.,7.97,34.75,104.2,45º,2,C,1371565010,,,,,,S-9620,,
14B - 3.4 Lts. ,Dyna - Land Cruiser,4,D,3892-AN,STD.,8.975,46,126.35,45º,2,A,1371158020,,,,,,,1121 A,
,,,,3893-EPN,STD.,8.945,38.5,126.45,45º,2,A,1371558040,,,,,,,,
5VZFE V6 3.4 Lts 24v ,Tacoma / Tundra / 4Runner / T100 / Land Cruiser Prado / Surf,6,G,4272-AN,STD,5.975,34,95,45º,2,C,1371162030, ,,,,,,,
,,,,4273-EN,STD,5.981,27,95,45º,2,C,1371562030,1371562050,,,,,,,
3B--3.5,Landcruiser 1985->,,D,3388-ACB,STD.,9.474,44.22,122.56,30º,4,A,70910039,,,,,,,22100 E,
,,,,3389-ECB,STD.,9.458,38.2,123.12,45º,4,A,70910041,,,,,,,22100-E,
"V6 3.5lt. 24v. 2GRFE 
V4 4.0lt. 24v. 1GRFE 
V8 5.7lt. 32v. 3URFE ", 4Runner / Avalon / Camry / FJCruiser / Hightlander / Sequoia / Sienna / Tacoma / Tundra / Venza,4 / 6 / 8,G,4434-AN,STD,5.475,38,105.8,45º,2,C,137110P010, , ,,,,,,
,,,,4435-EN,STD,5.475,32,110.35,45º,2,C,137110P010, , ,,,,,,
"F / FA - 3.9 Lts. 
 1969-74",Landcruiser,6,G,441-A,STD.,7.98,46,124.8,45º,6,C,13711-60020,,,,,,,,Suitable for CNG             --------            Apto GAS
,,,G,1441-E,STD.,7.97,37.5,125,45º,6,C,13715-60031,,,,,,,,
"V6, 3956cc., (4.0L), DOHC, GAS, FI, 24Valve, 1GRFE.","4 Runner / FJ Cruiser / 
Tundra / Tacoma",6,G,4596-AN,STD,5.479,36.5,106.95,45º,2,E,,,,,,,,,
,,,,4597-EXN,STD,5.474,29.5,105.8,45º,2,C,,,,,,,,,
"2F / 3F -  4.2 Lts.  
1974 - 1988~",Landcruiser,6,G,1440-EN,STD.,7.981,37.5,125.2,45º,4,C,1371560032,1371561010,,,,,,,
,,6,G,440-AN,STD.,7.97,46.17,124.54,45º,4,C,1371160021,1371161010,,,,,,,
,,,,23230-EPN,STD.,7.97,37.5,128.2,45º,6,C,13715-61040,,,,,,,,
3UZFE V8 4.3lt /, 4Runner / Sequoia / Tundra / Land Cruiser,8,G,4422-AN,STD,5.47,34.5,95,45º,2,C,137110F010,13711050060,,,,,,,
 4.7lt 32v.,,,,4423-EXN,STD,5.46,29,95,45º,2,C,137150F020,13715050060,,,,,,,
"FZJ80 - 1FZ / 4,5 Lts. / 24v. / 1992~",Land Cuiser,6,G,3944-AN,STD.,6.975,38,98.5,45º,2,E,1371166020,,,,,,,,
,,,,3945-EN,STD.,6.964,32,98.15,45º,2,E,1371566020,,,,,,,,
4P,Autoelev toyota /Komatsu traba doble,4,,4138-A,STD.,7.97,37.96,103.45,45º,25,A,1371123020,,,,,,,,
,,,,4139-E,STD.,7.95,29.66,103.53,45º,25,A,1371523020,,,,,,,,
4P,Autoelev toyota /Komatsu traba simple,4,,4140-A,STD.,7.98,38,103.45,45º,6,A,1371123021,,,,,,,,
,,,,4141-E,STD.,7.97,29.72,103.45,45º,6,A,1371523021,,,,,,,,
1Z/ 11Z,1Z Fork Lift Serie 7,4,D,4228-AN,STD,8.97,42,121.9,45º,2,E,1371178300,,,,,,,,
,,,,4229-EN,STD,8.965,35,121.9,45º,2,E,1371578300,,,,,,,,
"L4, 2.4/2.8Lts. TDI 1GD / 2GD.",New Hilux ,4,D,4610-AN,STD,5.975,30.5,100,45º,2,E,,,,,,,,,
"L4, 2.4/2.8Lts. TDI 1GD / 2GD.",New Hilux ,4,D,4611-EN,STD,5.965,29,99.45,45º,2,E,,,,,,,,,
,VALTRA,,,,,,,,,,,,,,,,,,,
1780 / 1580,TD 229 EC-6 - Turbo - Motor MWM,4 / 6,D,3390-AC,STD.,8.96,42,117.1,30º,4,C,922904608094,,,,,,,6153 A,
,,,D,1565-ECB,STD.,8.93,37.99,117,45º,4,A,930804600024,,,,,,,26153 E,
685 / 885 / 1280,D229-3-4-6 - Motor MWM,4 / 6,D,565-AC,STD.,8.96,41,117,45º,4,A,922604600054,,,,,,,6151 A,
,,,,1565-ECB,STD.,8.961,38,117,45º,4,A,930804600024,,,,,,,26153 E,
"320D / 320 DS / 
420 DR / 420 DSR
650 DS - 6.6 Lts.",Serie 20,4 / 6 ,D,3918-AC,STD.,8.967,48,151.57,35º,2,C,836646356,50017670,,,,,,,
,,,,3919-ECB,STD.,8.933,41,152.77,45º,2,C,836646357,50017671,,,,,,,
,VAUXHALL,,,,,,,,,,,,,,,,,,,
"L3, (1.2 LTS.), 12 VALVE,  EB2TM PURETECH",Combo / Crossland,3,G,4908-AN,STD.,4.975,26.34,93.5,45º,2,E,4028977921902,,,,,,,,
,,,,4909-EN,STD.,5.145,24,92.75,45º,2,E,4028977921902,,,,,,,,
1.3lt TDI 16v.,"Astra / Combo / Corsa / Corsavan / Tigra / Meriva.

",4,D,4382-AC,STD,5.985,21.9,109.3,45º,4,A,46518930,,,,,,,,
,,,,4383-EC,STD,5.975,21.9,109.2,45º,4,A,93190438,,,,,,,,
"L4, 16v. 1.6lt / 1.8lt. Ecotec ","Opel Astra / Insignia / Mokka / Zafira
Vauxhall Astra / Insignia / Mokka / Zafira",4,G,4388-AC  ,STD,4.97,31.2,113.8,45º,4,E,,,,,,,,,
A16XER / Z16LEL / Z16LER / A18XER / Z18 XER ,,,,4389-EC,STD,4.955,27.5,113.16,45º,4,C,24405815            ,55355572,641391,641392,71744388,,S-7162,,
"Dci M9R / M9T
L4 2.0lt. - 16v.",Movano / Vivaro,4,D,4458-A,STD,5.96,27,103,45º,4,A,1320100Q0A,,,,,,,,
,,,,4459-EB,STD,5.96,26,103.9,45º,4,E,1320200Q0A,,,,,,,,
Z20S - L4 - 2.0lt. 16v,Antara ,4,G,4358-AC  ,STD,5.943,28.6,95.7,45º,4,A,,,,,,,,,
,,,,4359-ECB    ,STD,5.915,24.4,95.7,45º,4,A,,,,,,,,,
TDI L4  2.0lt. / 2.4lt.  16v.,Vauxhall,4,D,4352-ACB,STD,5.97,29,97.2,45º,4,A,,,,,,,,21316 A,
,,,,4353-ECB,STD,5.96,26,97,45º,4,E,,,,,,,,21316 E,
,VOLGA,,,,,,,,,,,,,,,,,,,
1959-64,M21,4,D,564-AC,STD.,8.94,44,117,45º,7,C,21100-7010,,,,,,,,
,,4,D,1564-EC,STD.,8.91,36,117.15,45º,8,C,21100-7015,,,,,,,,
1970-71,M24,4,D,3400-A,STD.,8.947,47.2,117.15,45º,8,C,,,,,,,,,
,,,,3401-EP,STD.,8.91,39.2,117.1,45º,8,C,,,,,,,,,
,VOLKSWAGEN,,,,,,,,,,,,,,,,,,,
"L3, (1.0 LTS), 12 VALVE, DOHC, FLEX, EA211
L4, (1.4 LTS.), 16 VALVE, DOHC,TSI, GTS
L4, (1.6 LTS.), 16 VALVE, DOHC FLEX, MSI
L4, (2.0 LTS.), 16 VALVE, DOHC, FLEX, TSI",UP / FOX /  VIRTUS / SURAN / SAVEIRO / FOX / POLO / VIRTUS / VOYAGE / T-CROSS / NIVUS / TAOS,4,G,4526-AN,STD.,4.97,28.5,110.25,45°,4,C,04C109601D,,,,,,,,
,JETTA / TIGUAN / GOLF,,,4527-EN,STD.,4.965,25,110.1,60°,4,C,04C109611B,,,,,,,,
AE -111 - 1.0 Lts.  - 16V           ,Gol 1000,4,G,3508-A,STD.,5.973,22.5,98.7,45º,4,C,036 109 601N,,,,,,,1217 A,
,,,G,3509-EB,STD.,5.953,20,98.15,45º,4,C,,,,,,,,21217 E,
Audi - 1.0 Lts - RSH  - 8V.,Gol Power 1000,4,G,3868-A,STD.,5.973,31,99.05,45º,4,A,030 109 601 AP,,,,,,,1712 A,
,,,,3869-EB,STD.,5.973,26,99.05,45º,4,A,030 109 611 AE,,,,,,,21712 E,
Audi - 1.0 Lts. - RSH - 16V.,Gol Power 1000,4,G,3870-A,STD.,5.973,22.5,101.77,45º,4,A,036 109 601 AE,,,,,,,1713 A,
,,,,3871-E,STD.,5.973,20,101.62,45º,4,A,036 109 611 T,,,,,,,21713 E,
"Motor CSEA 1.0 Lts. 
3 cil. 12v. ",Volkswagen UP!,3,G,4520-AN,STD,4.97,29.5,110.2,45º,4,C,04C109601B,,,,,,,,
,,,,4521-EBN,STD,4.96,27,110.2,45º,4,C,04C109611,,,,,,,,
"L4, (1.4 LTS.), 1390 C.C.,16 VALVE, TFSI, DOHC, TURBO",GOLF VI / TIGUAN / POLO / EOS / GOLF / LUPO / PASSAT / POLO / CROSSFOX / TOURAN / VENTO / ,4,G,4733-A,STD.,5.973,29.5,100.65,45º,4,C,036109601AL ,,,,,,V-7189,,
,,,,4734-EC,STD.,5.95,26,100.60000000000001,45º,4,C,"036109611AE_x000D_
036109611K ",,,,,,S-7190,,
"1.4 TSI 16V
1.4 TSI Hibrid",Golf / Jetta / Polo,4,G,4526-A,STD,4.97,28.5,110.25,45º,4,A,04E109601B  ,,,,,,,,
,,,,4527-ECB,STD,4.965,25,110.1,60º,4,A,04E 109 611 J ,,,,,,S-7190,,
"1.3Lts. - 
1.4 Lts. 8V.","Polo D / C / CL / 
GT Fox / Coupe",4,G,3194-AC,STD.,7.958,36,98.8,45º,4,E,030109601C,030109601B,030109601F,U73109601D,,,,,
,,4,G,3195-EC,STD.,7.934,28.9,99.05,45º,4,E,030109611A,,,,,,,,
1.3 Lts. - 1.6 Lts. Aire (Air)                                     1965-77,VW Beetle - 34 HP Aire - 1300 / 1300 DL / L / 1303 LS  Saloon 40 HP / Transporter Kombi / Aire (Air),4,G,452-A,STD.,7.945,33,111.7,45º,4,C,113 109 601D,,,,,,V-9560,1100 A,
1.3 Lts. - 1.5 Lts.- 1.6 Lts.,,,G,1452-E,STD.,7.915,30,111.9,45º,4,E,113 109 612,,,,,,,26201 E,
1.5 Lts. - 1.6 Lts. - 1977~,VW Beetle 1300S / LS / 1302S / LS / 1300 LS Saloon Tipo 1/2/3 / Kombi,,G,1304-EC,STD.,8.912,31.9,111.85,45º,4,E,043 109 612,,,,,,S-9562,21301 E,
RSH - 1.6 Lts. - 8V. / 2001~ ,Golf - Fox - Suran,4,G,3886-A,STD.,5.973,34.5,99.25,45º,4,A,032 109 601 M,,,,,,V-7081,1188 A,
,,,,3887-EB,STD.,5.953,28,99.25,45º,4,A,032 109 611 L,,,,,,S-7082,21188 E,
1.6 Lts. -  nafta,Polo ,4,G,4100-A,STD.,6.972,35.6,94.75,45º,4,A,030 109 601 AH,,,,,,,,
,,,,4101-EB,STD.,6.936,29,95.15,45º,4,A,032 109 611 G,,,,,,,21223 E,
1.4 Lts.- 1.6 - 1.8 Lts. -  1.9 Lts. -  2.0 Lts.  -   AAM / ADZ / 1F / AKL / AEH  -  ~1997  ,Golf - Passat - Caddy,4,G,3484-A,STD.,6.98,37.8,91.9,45º,4,C,048 109 601 E,,,,,,V-9781,1708 A,
,Golf - Bora - Passat - Caddy ,,,3485-EBS,STD.,6.965,32.9,91.15,45º,4,C,,,,,,,S-9750,21708-E,
,Golf - Bora - Polo (8V),,,3486-A,STD.,6.98,39.5,91.85,45º,4,C,078109601B, ,,,,,V-9749X,1718 A,Suitable for CNG             --------            Apto GAS
1.5 Lts. - 1.6 Lts. - 1963-69,VW 1500 / 1600,4,G,453-A,STD.,7.94,35.5,111.65,45º,4,C,311109601,,,,,,V-9540,1101 A,
,,,G,1453-E,STD.,7.935,31.9,111.85,45º,4,E,311109612,,,,,,S-9541,21101 E,
1.6 Lts.   -  1974,Kombi Aire,,G,1305-ECP,STD.,8.912,29.9,111.85,45º,4,E,311109612A,043 109 611A,,,,,S-9561,21201 E,
1.5 Lts.- 1.8 Lts.  -  1971,VW / 1500 / 1800,4,G,297-AC,STD.,7.906,38.05,109.85,45º,2,C,71302882,,,,,,,1063 AGNC,
,,,,297-AC,.005,8.033,38.05,109.85,45º,2,C,71302882,,,,,,,1063 AGNC,
,,,,297-AC,.010,8.16,38.05,109.85,45º,2,C,71302882,,,,,,,1063 AGNC,
,,,,297-AC,.015,8.287,38.05,109.85,45º,2,C,71302882,,,,,,,1063 AGNC,
,,,,297-AC,.030,8.668,38.05,109.85,45º,2,C,71302882,,,,,,,1063 AGNC,
,,,,1297-EC,STD.,7.87,31.2,110.3,45º,2,C,71304142,,,,,,,23158 E,
,,,,1297-EC,.005,7.997,31.2,110.3,45º,2,C,71304142,,,,,,,23158 E,
,,,,1297-EC,.010,8.124,31.2,110.3,45º,2,C,71304142,,,,,,,23158 E,
,,,,1297-EC,.015,8.251,31.2,110.3,45º,2,C,71304142,,,,,,,23158 E,
,,,,1297-EC,.030,8.632,31.2,110.3,45º,2,C,71304142,,,,,,,23158 E,
1.6 Lts. - 1.8 Lts.  -   1980-81~,Rabbit - Jetta - Tipo IV (Bus)                                                     Diesel - Senda - Saveiro ,4,D,303-AC,STD.,7.94,33.95,104.73,45º,4,A, 068109601C, 068109601D,,,,,,6208 A,
1.6 Lts.- 1.8 Lts.-  2.4 Lts.                               1980-81~,Rabbit - Jetta - Tipo IV (Bus)                                                     Diesel - Senda - Saveiro ,,,1303-ECB,STD.,7.93,31.06,104.49,45º,4,A,,,,,,,,26208-E,Suitable for CNG             --------            Apto GAS
1.6  Lts. -  1.8 Lts.          ,Escort - Senda - Saveiro - Galaxi - Gol 93,4,G,3312-A,STD.,7.958,37.95,90.96,45º,4,E,026109601F, 048109601A, ,,,,V-9598X,1204 AGNC,
1.8 Lts.- 1.9 Lts. 2.0 Lts. AAM / ADZ - 1988~,Golf - Passat ,,G,3238-A,STD.,7.963,37.95,91.85,45º,4,A,035 109 601 J,035 109 601 K,,,,,V-9747X,,
1.6 Lts. -  1.8 Lts. -  2.0 Lts. - AAM / ADZ - 1984~,Escort - Senda - Saveiro - Galaxi - Golf 93 - Jetta - Scirocco,,G,23238-EB,STD.,7.942,33.15,91.2,45º,4,E,,,,,,,S-9748,21605-E,
"EHH, FX  -  1.6 Lts. -  1978-80","Rabbit, Scirocco",4,G,422-AC,STD.,7.96,33.9,98.7,45º,2,E,056109601A,,,,,,,1102 AGNC,
,,,G,1422-EGX,STD.,7.943,31.15,98.45,45º,2,E,,,,,,,,21102 EGNC,
1.6 Lts.   -   1985~,Golf / Passat / Santana,4,D,3190-A ,STD.,7.97,34,95.6,45º,4,A,,,,,,,,,
JP / ME / 1V / JR / MF /RA / SB  - 1.6 Lts.  -  TD  -  1986~ ,Golf / Jetta / Passat / Santana    Turbo Diesel ,,D,3190-ABS,STD.,7.97,34,95.6,45º,4,A,068109601L,068109601M,068109601N,,,,,,
1.6 Lts. -  N/TD - 1985~,Dasher / Golf /  Passat / Santana /  Getta / Pick-Up / Vanagon / Norm. - Turbo,,D,3191-EB,STD.,7.94,31.2,95,45º,4,E,068 109 611 L/M,,,,,,,21811 E,
1.7 Lts. -  EN  - 1981-84,Golf / Passat / Santana,4,G,825-A,STD.,7.963,34,98.7,45º,4,E,049109601F,,,,,,V-9573,,
,,4,G,1825-E,STD.,7.93,31.17,98.52,45º,4,E,049109611F,,,,,,S-9574,,
L4 16v. 1.8lt. Vin B/C/PL  -2.0lt. Vin B/C/E/J,Jetta / Passat / Golf,4,G,3198-AX,STD,6.955,31.9,95.5,45º,2,A,027 109  601C,,,,,,,,
L5 20v. 2.2lt. Vin A/P/R/AAN  -  2.3lt. Vin E/7A,,5,,,,,,,,,,,,,,,,,,
V8 32v. 3.6lt. Vin E/P/T - . 4.2lt. Vin W/ABH ,,8,,,,,,,,,,,,,,,,,,
L4 16v. 2.0lt. Vin B/C/E/J,,4,G,3199-EX,STD,6.935,28,98.5,45º,2,A,027109611D,027 109 611B,,,,,,,Suitable for CNG             --------            Apto GAS
L5 20v. 2.3lt. Vin E/7A,,5,,,,,,,,,,,,,,,,,,
1.8 Lts. - 2.0 Lts. -  AP 2000  -  1990,Gacel - Escort - Senda - Galaxi - Gol - Carat,4,G,815-AC,STD.,7.962,37.95,98.65,45º,4,E,,,,,,,,1104 AGNC,
,,,,1815-EGX,STD.,7.937,33.15,98.45,45º,4,C,035 109 611F,035 109 611H,,,,,,21104 EGNC,Suitable for CNG             --------            Apto GAS
2.0 Lts. - AP 2000  - 1991~,,,G,815-A,STD.,7.962,37.95,98.65,45º,4,E,035 109 601 C,,,,,,V-9658,1104-A,
,,,,3602-A,STD.,7.96,39.95,98.65,45º,4,C,026109601D,,,,,,,1134 AGNC,
1.8 Lts. -  2.0 Lts.  -  AP 2000                  1981-84,,,G,1815-EB,STD.,7.937,33.15,98.45,45º,4,E,,,,,,,S-9599,21104-E,
AGU 1.8 Lts.  -  20V   -  1999,New Beetle Turbo,4,G,3488-AS,STD.,5.963,26.9,105.09,45º,4,C,085109601C,,,,,,V-7015,1707 A,
AGU 1.8 Lts.  -  20V  -  1997,Golf IV Turbo,,,3489-ECBS *,STD.,5.94,29.9,103.9,45º,4,C,,,,,,,,,
ANB 1.8 Lts.  -  20V  - 1997,Passat Turbo,,,,,,,,,,,,,,,,,,,
AJH 1.8 Lts. -  20V -  1996,Sharan Turbo,,,,,,,,,,,,,,,,,,,
AGN 1.8 Lts.  -  20V  -  1998,Bora,4,G,3583-ECBS *,STD.,5.94,29.9,103.9,45º,4,C,,,,,,,,,
AGN 1.8 Lts.  -  20V  -  1997,Passat / Golf IV,,,,,,,,,,,,,,,,,,,
ACK 2.8  -  V6 - 30V - 1997,Passat,6,,,,,,,,,,,,,,,,,,
1.9 Lts.  8V - 1Y / TD AAZ                 ,Polo - Golf - Passat D ,4,D,3192-AC,STD.,7.96,36,95.2,45º,4,C,069 109 601 F/H,,,,,,,21711 A,
,,,D,3193-EBS,STD.,7.95,31.1,95.55,45º,4,C,074109611,,,,,,,,
1.9 Lts.  8v. -  1Y,VW Polo Diesel ,4,D,3196-A,STD.,6.963,35.95,95.55,45º,4,A,028 109 601 B,,,,,,,1710 A,
,,,D,3197-EB,STD.,6.95,31.15,95.55,45º,4,A,028 109 611 E,,,,,,,21710 E,
1.9 Lts TDI  1Z / AHU ,Golf / Passat / Sharan / Polo / Caddy /  Vento                                            ,4,D,3482-AB,STD.,7.96,35.95,96.85,45º,4,C,028109601H,028109601A,028109601H,046109601G,046109601J,049109601J,,21927 A,
" 2.5 Lts TDI 
 BJM / BJL / BJK / BJJ",Crafter,,D,3483-EB,STD.,7.935,31.4,96.85,45º,4,C,046109611C,046109611E,046109611F,,,,,21927 E,
1.9 Lts.  8V. - TDi      AFN/AHU/AHH/AGR/ALH/AHF,VW Polo/ Golf/ Pasat/ Sharan/ Bora/ New Beetle TDI,4,D,3786-A,STD.,6.966,35.98,96.78,45º,4,A,028 109 601 D,,,,,,,1709 A,
,,,,3787-EB,STD.,6.94,31.4,96.7,45º,4,A,028 109 611 G,,,,,,,21709 E,
2.0 Lts.  -  1990-93,Golf GTi 2000,4,G,3310-A,STD.,7.958,39.95,90.95,45º,4,E,026 109 601F,,,,,,V-9619,1219 A,
2.0 Lts.              ,Escort - Senda - Saveiro - Galaxi - Golf 93 - Jetta - Scirocco,,G,3313-A,STD.,7.962,39.5,91.85,45º,4,E,048 109 601 A,,,,,,,1143 A,
1.6 Lts. - 1.8 Lts.- 2.0 Lts.                          1984~,,,G,23238-EB,STD.,7.942,33.15,91.2,45º,4,E,,,,,,,S-9748,21605-E,
2.4 Lts.  -   1981~           ,2.4 Lts.,6,D,3478-AC,STD.,7.962,35.95,104.9,45º,4,A,069 109 601C,,,,,,,,
1.6 Lts. - 1.8 Lts.- 2.4 Lts.1980~,Rabbit - Jetta - Tipo IV (Bus)                                                     Diesel - Senda - Saveiro ,4,,1303-ECB,STD.,7.93,31.06,104.49,45º,4,A,,,,,,,,26208-E,
"L4 1.8lt / 2.0lt 16v  /
 L5 2.5lt. 20v","VW Siroco / Amarok / Golf / Bora
/ Eos / Jetta / Passat S3",4 / 6,G,4408-AX,STD,5.975,33.9,104,45º,4,C,06D109611M,,,,,,,,
,,,,4221-ECB,STD,5.96,28,101.85,45º,4,A,06E109611D,06D109611K,06D109611L,06D109611T,,,S-9784,21716 E,
"
AJM, AMF, ASZ, ARL, APL, ATD, AVB
1,9 lts. TDI","Bora, California T5, Golf IV, New Beetle, Passat, Polo, Sharan, Transporter T5",,D,4082-A,STD.,6.98,35.85,89.85,45º,4,A,038109601B,,,,,,V-7093,1196 A,
,,,,4083-EX,STD.,6.963,31.5,89.65,45º,4,A,038109611B,038109611F,,,,,S-7094,21296 E,
"MWM   - Serie 10 y Serie 12
  4.10 / 6.10",Truck / Camión 7.110 / 8.120 / 8.150 / 13.150 / 13.180 / 15.180 / 17.210 / 23.210                                               ,4,D,3422-AC,STD.,8.96,45,126,30º,4,C,91004600034,,,,,,,6154 A,
,Colectivo / Bus 8.150 / 16.210 / 17.210 OD / 17.240 OT,6,,23423-ECB,STD.,8.96,41,126,45º,4,C ,961004600024,,,,,,,26154 E,
"2.0Lts TDI 16v
AZV, BKD","Golf Plus / Golf / Jetta / 
Tourang / Bora / Vento",4,D,4466-AC,STD,5.973,29,87.8,45º,4,A,03G 109 601 B,,,,,,,1715 A,
,,,,4467-ECB,STD,5.953,25.5,87.6,45º,4,A,03G 109 611 D,,,,,,,21715 E,
2.0 Lts. TDI 16v,Amarok / California T5 / EOS / Tiguan / Transporter/ Passat,4,D,4104-A,STD,5.975,28.1,99.3,45º,4,A,03L109601,,,,,,V-7191,1292 A,
,Golf Plus / Golf VI / Jetta  ,,,4105-EB,STD,5.965,26,99.1,45º,4,A,03L109611,,,,,,S-7192,21292 E,
2.5 -3.0 Lts. 24v TDI,Amarok V6 / Passat,6,D,4878-A,STD,5.975,27.45,99.3,45º,4,A,059.109.601M,,,,,,,,
,,,,4879-E,STD,5.965,25.5,99.1,45º,4,A,059.109.611AR,,,,,,,,
2.5 Lts 20V,Bora / Newbeetle /Jetta / Golf / Rabbit,5,G,4220-A,STD,5.975,32.5,104,45º,4,C,06E109601H,,,,,,,1716 A,
,,,,4221-ECB,STD,5.96,28,101.85,45º,4,A,06E109611D,06D109611K,06D109611L,06D109611T,,,S-9784,21716 E,
L4 2.7lt. - 16v.  / V6 2.7lt. - 24v / V6 3.0lt. - 24v. / V8 4.1lt. - 32 v. / V12 6.0lt. - 48v. TDI ,Phaeton / Tuareg,4 / 6 / 8 /12,D,4460-AC,STD,5.973,28.7,99.3,45º,4,A,059 109 601 G,,,,,,,,
,,,,4461-ECB,STD,5.973,26.75,99.3,45º,4,A,,,,,,,,,
V6 3.2lt. 24v. - BRK / BUB / CBRA / BFH / BHK / BKJ / BKK / BKL ,Golf / Touareg / Ts / Phaenton,6,G,4404-A,STD,5.98,33.2,102.3,45º,4,C,331127,,,,,,,,
,,,,4406-A,STD,5.98,33.2,136.2,45º,4,C,022109601G,,,,,,,,
V6 3.6lt. 24V. - BWS / BLV / CDVA ,,,,4405-EX,STD,5.96,30.2,102.3,45º,4,C,03H109611D,,,,,,,,
,,,,4407-EX,STD,5.96,30.2,136,45º,4,C,022109601H,,,,,,,,
"L4, (4.6 LTS.), 16 VALVE, MAN / D08 34, EURO 5",15.190 OD / WORKER 15-190 / WORKER 13-190 / CONSTELLATION 23-230 / CONSTELLATION 15-190 / CONSTELLATION 13-190 / 17.230 OD OD / 17.230 OD / ,4,D,4644-ACX,STD.,6.965000000000001,38,141.5,60,4,C,07W109601 ,,,,,,,22844 A,
,,,,4645-ECX,STD.,6.95,34,141.20000000000002,45º,4,C,07W109611 ,,,,,,,22844 E,
,* NOTE:  Different keeper groove position. NOTA: Diferente posición de ranura,,,,,,,,,,,,,,,,,,,Suitable for CNG             --------            Apto GAS
,VOLVO,,,,,,,,,,,,,,,,,,,
1.4 Lts. -  B14  -  1982-85,343 / 345 - B14 ,4,G,458-A,STD.,7,34,91.5,30º,2,C,7701460699,7700639627,770622345,7701462137,,,,1255 A,
,,,,1458-E,STD.,7,29,89,45º,3,C,7711677772,7701461214,7701461802,7700666112,,,,21255 E,
1.4 Lts.  - B14  -  1985~,343 / 345 L - DL - B14 ,4,G,3308-AC,STD.,7,34,90.5,45º,3,C,3287419-0,,,,,,,1355 AGNC,
,,4,,1363-ECP,STD.,6.969,28.88,89,45º,3,C,7702080678,7701461802,7701460690,,,,,21055-E,
1.6 Lts hdi 16v,Volvo S40 II / V50 / C30,4,D,4008-AC,STD.,5.478,25.6,96.44,45º,4,E,0948C7,3M5Q 6505 AA,,,,,V-7175,1419 A,
,,,,4009-ECB,STD.,5.468,23.4,96.6,45º,4,A,0949C3,3M5Q 6505 AA,,,,,S-7176,21419 E,
" L4 1.6lt. 16v
",Volvo C30 / S40 / V40 / V50,4,G,4344-AN,STD,5.97,30.1,99,45º,4,C,1S4G6507CA, ,,,,,V-7205,,
B 4164 S3 / B 4164 S / B4164 S2 / B 4164 S3.,,,,4345-EN,STD,5.96,24.1,101.5,45º,4,E,1S6G6505BA,,,,,,S-7206,,
1.7 Lts.  -  B172 / B18E  -  1985~,340 - 360 - B172   -   440 - 480 - B18E / F   -   440 - 460 ,4,G,3218-A,STD.,8,38.1,111.5,30º,2,A,7700713788,,,,,,V-9615,1356-A,
,,,,23218-EB,STD.,8,32.5,111.3,45º,2,A,3343738-5,,,,,,,21356 EGNC,
B4184S9- 1.8lt. 16v. L4  //,S40 / V40  ,4,G,4386-A,STD,5.97,31,104.3,45º,4,A,1397641,,,,,,V-7285,,
 B4204S - 2.0lt. 16v. L4  ,,,,4387-E,STD,5.96,27,103,45º,4,A,1366490,,,,,,S-7286,,
"DW10BTED4 / HDI / DW12TED4 / TDCI 
L4 2.0lt. - 16v","C30C / C70 / S40 / S80 / V50 / V70
",4,D,4456-AC,STD,5.97,30,105,45º,4,A,0948A3,,,,,,,,
,,,,4457-ECB,STD,5.97,25,105,45º,4,A,0949A3,,,,,,,,
B18U / B20F  ,440 - 460 - B18U - 480 - B20F ,4,G,3452-A,STD.,8,40.2,107,45º,2,C,7700855926,,,,,,,1359 A,
 2.0 Lts. - 8V. -  1993~,,,,3453-EB,STD.,8,32.6,107,45º,2,C,7700855927,,,,,,,21359 E,
2.3 Lts. - 2.4 Lts. - 2.5 Lts. - 2.9 Lts. - 3.0 Lts.  - V20 - V24 - 1990~,850 T-5R B5234-FT Turbo-850 B5254-F-960 B6304-F-960 B6254-S-G ,5 / 6,G,3716-AC,STD.,6.96,31,104.1,45º,4,C,1397641,9207874,,,,,,1261 A,Upgrade
,,,G,3717-ECB,STD.,6.96,26.95,103.3,45º,4,C,1366490,1366882,9207880,9471463,,,,21261 E,
2.4 Lts. - D24  -  1981-85,244 - 245 - 760 ,6,G,3478-AC,STD.,7.962,35.95,104.9,45º,4,A,069 109 601C,,,,,,,,
,,,,1303-ECB,STD.,7.93,31.06,104.49,45º,4,A,,,,,,,,26208-E,
"2.5 Lts TDI
D 5252 T","850/ S60 / S70 / S80
V70 / V70 II",5,D,3482-AB,STD.,7.964,35.95,96.85,45º,4,C,028109601H,028109601A,028109601H,046109601G,046109601J,049109601J,,21927 A,
,,5,,3483-EB,STD.,7.935,31.4,96.85,45º,4,C,046109611C,046109611E,046109611F,,,,,21927 E,
"L6 - ISB ""B"" Electrónico 260/300 -  359 - 5,9 / 3,9 Lts. - 24V - Turbo - 1998 al 2004"," 
VW 13170/17170/17220/15170/24220/24280//26220/26280 -
",4 / 6,D,3976-AC,STD.,7,33,124.65,30º,2,A,3940735,3802924,,,,,,2074 A,
,,,,3977-ECB,STD.,7,33,124.28,45º,2,A,3940734,3802967,6802237AA,,,,,22074 E,
,,,,4199-ECB,STD.,7,33,124.25,45º,2,A,68002237AA, , ,,,,,,
,,,,4199-ECB,0.1,7,33,124.3,45º,2,A,68002237AA, , ,,,,,,
5480 / 6.7 Lts. - 1975~ 5.5lts. 2v/cil. D60 / TD60 / TD61 / TD 610 / TD 63 Euro 1,D60 / TD61T / TD61F / G T  - FL610 - 611 - 613 - 614 -  TD63 E / ES / Turbo ,6,D,3760-AC,STD.,7.965,41,145.3,30º,14,A,4655486,4205530, ,,,,,,
,,,,3761-ECBS,STD.,7.94,37,145.3,45º,14,A,465549,4655494, ,,,,,,
TD 73 E / ES - 6.7 Lts. - 1991,TD 73 E / ES,6,D,862-AC,STD.,7.965,43,149.7,30º,14,A,477447,,,,,,,,
,,,,1862-ECBS,STD.,7.955,39,149.7,45º,14,A,477443,,,,,,,,
TD70F / TD70G FB86 N7 DIESEL  - TD 70 - 6.7 Lts.,TD70F / TD70G FB86 N7 ,6,D,3271-AC,STD.,10.992,43,148.5,30º,2,A,466379,4663795, ,,,,,,
,,,,23271-ECB,STD.,10.975,37,148.5,45º,2,E,421680,471195,842080,,,,,,
9.6 Lts. - N10 / TD100  - 1965-81,NL10 - 340 HP TD100 A/B - D100B,6,D,860-AC,STD.,10.99,50,167.4,30º,2,A,467502,,,,,,,,
,,,,1861-ECB,STD.,10.975,46,167.2,45º,2,A,467855,,,,,,,,
TD120 / TD120A / TD122F - 12.0 Lts. - 1970 - 74,TD120 / TD120A / TD122F,6,D,582-AC,STD.,10.993,54,167.2,30º,2,A,468302,,,,,,,,
,,,,1582-ECB,STD.,10.97,49.9,167.2,45º,2,A,468303,,,,,,,,
F16 - 16.0 Lts. - 1987~ - D16A 24V Euro 1/2 // TD 162 2v/cil. / TD 162 Euro 0/1  1994~  -  FH16-478-520,TD 162F / DT 163 ES / D16 A (24V),6,D,863-AC,STD.,9.49,47,176.8,30º,2,A,1556472,,,,,,,,
,,,,1863-ECBS,STD.,9.48,45,176.8,45º,2,A,1556473,,,,,,,,
D7A - D7B - D7E,Camíon FL - Chasis Colectivo - B7R,6,D,3888-AC,STD.,7.965,43,149.7,30º,2,A,3978768,,,,,,,2217 A,
,,,,3889-ECB,STD.,7.955,39,149.7,45º,2,A,3978766,,,,,,,22217 E,
D12A - D12C - 12 Lts. - 1993-2000  -   D12D (#4092-ACB),FH12 / 340 / 380 / 420,6,D,3914-ACB,STD.,7.962,40,192.1,30º,2,A,20463800,1547492,3169490,,,,,,
,,,,4092-ACB,STD.,7.962,40,192.1,30º,2,A,7420459326,,,,,,,5712 A,
,,,,3915-ECB,STD.,7.949,40,191.7,45º,2,E,20441486,20441945,3165232,8148574,,,,,
,,,,4093-ECB,STD,7.95,40,191.7,45º ,2,C,7420441945,,,,,,,,
Motor D13A Euro 4/5 6 Cil.- 24V,FH 4X2T/ 6X2T/ 6X4T ,6,D,4218-AX,STD,7.867,42,191.9,25º,4,E,20740798,20561995,,,,,,22511 A,
Turbo Intercooler,FMX 6X4R/ T / 8X4R,,,4219-EX,STD,7.95,40,191.6,40º,4,A,2106539,,,,,,,22511 E,
"Motor D9A - 
LA 9.4 Lts. L6 32v.
","VOLVO 260 / 300 / 340 /
 380 / 500 / 575 ",6,D,4504-AX,STD,7.965,38,192,60º,4,E,20528113,20551761,20551761,,,,,,
,,,,4505-EX,STD,7.955,36,192.75,60º,4,A,21430916,20570965,20570965,,,,,,
"L6, (12.8 LTS.), 24 VALVE, D13, DXI13, EURO 4,5,6L6, (12.8 LTS), 12.800 C.C., 24 VALVE, D13A380, D13A420, D13A460, D13A500, D13A540, D13C540, 24 Valv., ",FH 13 / FMX / BUS B13 SERIES  B13R / SERIE 360 / SERIE 380 / SERIE 500 / SERIE 460 / SERIE 420 / SERIE 540 / ,6,D,4722-AC,STD.,7.965000000000001,42,191.9,65º,4,E,2148655 ,,,,,,,,
,,,,4723-ECX,STD.,7.95,40,191.6,5º0,4,E,,,,,,,,,
"L6, (11.8 LTS.), 24 VALVE, DTI11, DXI11, D11, MD11, EURO 3,4,5,6",FM SERIES 11-330 / FM SERIES 11-450 / FM SERIES 11-410 / FM SERIES 11-370 / FM SERIES 410 / FMX SERIES 330 / FMX SERIES 450 / FMX SERIES 370 / FMX SERIES 410 / BUS 9000 SERIES  9700 ,6,D,4735-ACX,STD.,7.964,40,191.95000000000002,60,4,A,20540017 ,,,,,,,,
,,,,4736-ECX,STD.,7.953,38,192.75,60,4,C,3842972 ,,,,,,,,
,WAUKESHA,,,,,,,,,,,,,,,,,,,
144 / 180,"144 - 180 GLB - 194 - 185 GLB - 232                                                      VGR 232 Gas - 265 - 190 GS - 190GK, 190GL, 190KL",4 / 6,G,3750-A,STD.,9.461,35.43,128.2,45º,3,A,190036,,,,,,,,
,,,,3749-EB,STD.,9.436,28.57,131.71,45º,3,B,180183,,,,,,,,
,WHITE,,,,,,,,,,,,,,,,,,,
134,"Willys PDQA7, PDQA8",4,G,411-A,STD.,9.48,50.8,121.3,45º,9,C,646421,994946,994969,,,,,1031-A,
,,,,1411-E,STD.,9.43,37.3,150,45º,8,E,802639,,,,,,,21031-E,
327   -  V8,Model EN601 Chev.,6,G,137-A,STD.,8.67,43.7,124.8,45º,7,E,2787537,,,,,,V-2231,1011-A,
,,,,137-A,.003,8.746,43.7,124.8,45º,7,E,2787537,,,,,,V-2231,1011-A,
,,,,137-A,.005,8.797,43.7,124.8,45º,7,E,2787537,,,,,,V-2231,1011-A,
,,,,137-A,.010,8.924,43.7,124.8,45º,7,E,2787537,,,,,,V-2231,1011-A,
,,,,137-A,.015,9.051,43.7,124.8,45º,7,E,2787537,,,,,,V-2231,1011-A,
,,,,137-A,.030,9.432,43.7,124.8,45º,7,E,2787537,,,,,,V-2231,1011-A,
,,,,1138-E,STD.,8.67,38.1,125,45º,7,E,3835639,3724778,373122,,,,S-2090,21011-E,
,,,,1138-E,.003,8.746,38.1,125,45º,7,E,3835639,3724778,373122,,,,S-2090,21011-E,
,,,,1138-E,.005,8.797,38.1,125,45º,7,E,3835639,3724778,373122,,,,S-2090,21011-E,
,,,,1138-E,.010,8.924,38.1,125,45º,7,E,3835639,3724778,373122,,,,S-2090,21011-E,
,,,,1138-E,.015,9.051,38.1,125,45º,7,E,3835639,3724778,373122,,,,S-2090,21011-E,
,,,,1138-E,.020,9.178,38.1,125,45º,7,E,3835639,3724778,373122,,,,S-2090,21011-E,
,,,,1138-E,.030,9.432,38.1,125,45º,7,E,3835639,3724778,373122,,,,S-2090,21011-E,
366  -  V8,Model EN602 Chev.,8,G,489-AC,STD.,9.446,46.76,132.8,45º,6,A,336770,388127,,,,,,,
,,,,489-AC,.015,9.827,46.76,132.8,45º,6,A,336770,388127,,,,,,,
,602,,,1489-ECPS,STD.,9.43,42.2,136.4,45º,6,C,10114115,10166867,3859914,3981040,,,,,
,,8,,1489-ECPS,.015,9.811,42.2,136.4,45º,6,C,10114115,10166867,3859914,3981040,,,,,
,WISCONSIN ENGINES,,,,,,,,,,,,,,,,,,,
"L1 0,3lt. / 0,4lt / 0,8lt / 0,9lt y 1,8lt. 2v ",Wisconsin,1,G,4325-E ,STD,7.835,33.35,121.2,45º,8,C,,,,,,,,,
Se aplica la misma válvula en Adm/Esc,,,,,,,,,,,,,,,,,,,,
,YALE,,,,,,,,,,,,,,,,,,,
3.0 Lts. -  HA T3000, YALE autoelv ,4,D,3628-AN,STD.,8.965,45.45,114.5,45º,2,C,SL01-12-111A,,,,,,,,
,,,,4149-EN,Std,8.95,37.42,114.51,30º,2,E,SE01-12-111,,,,,,,,
,YANMAR,,,,,,,,,,,,,,,,,,,
NS90 / NS90C,NS90 / NS90C,1,G,3364-A,STD.,7.965,36.5,113,45º,6,A,NS9011100,,,,,,,,
,,,,3365-E,STD.,7.965,30.5,113,45º,6,A,NS9011110,,,,,,,,
NS11 / 11C / 11T / BT22 / 22N / 22M / Br 33 / 33N / 33M,NS11 / 11C / 11T / BT22 / 22N / 22M / Br 33 / 33N / 33M,1 / 2 / 3,G,3366-A,STD.,7.965,38.5,114,45º,6,A,NS1111100,,,,,,,,
,,,,3367-E,STD.,7.965,32.5,114,45º,6,A,NS1111110,,,,,,,,
NS 18 / NS 18C,NS 18 / NS 18C,1,G,3370-AC,STD.,8.955,43,125,45º,2,A,NS1811100,,,,,,,,
,,1,,3371-EC,STD.,8.955,33.4,125,45º,2,A,NS1811110,,,,,,,,
NS 75 / NS 75C,NS 75 / NS 75C,1,G,3372-A,STD.,6.955,33.5,106,45º,6,A,NS7511100,,,,,,,,
,,1,,3373-E,STD.,6.955,27.5,106,45º,6,A,NS7511110,,,,,,,,
M-137-D,M-137-D,1,D,3376-A,STD.,6.307,23.3,75,45º,8,A,D62560003,,,,,,,,
,,1,,3377-EP,STD.,6.287,23.3,75,45º,8,C,D62570003,,,,,,,,
Motor 4TNE94E - DIESEL,Autoelev Yanmar/ Komatsu,,D,4222-AN,STD,7.97,41,115,30º,6,A,12990011100,,,,,,,,
,,,,4223-EN,STD,7.96,35,115,45º,6,A,12990011110,,,,,,,,
4TNV94 16v,Autoelev Yanmar/ Komatsu,4,G,4126-AN,STD,6.96,32.12,99,45º,6,C,12990711100,,,,,,,,
,,,D,4127-EN,STD,6.96,33,102.67,30º,6,C,12990711110,,,,,,,,
L4 - DIESEL  // 3TNE84  -  4TNE84  -  3D84  -  4D84  -  3TNV84  -  3TNV84T  -  4TNV84  -  4TN84T,Yanmar Komatsu Industrial -> Mini Excavator,4,D,4592-AN,STD,7.965,35,109,60º,8,A,12910011100,,,,,,,,
,PC45-1 / PC40-7 / PC40R-8 / PC45R-8 / PC40MRX-1-E / PC45MRX-1-E,,,4593-EC,STD,7.965,30,109,45º,8,C,12910011130,,,,,,,,
"L4, (4.4 LTS.), 4408 C.C., 16 VALVE, INJECT DIRECT, 4TNV106D, 4TNV106T",Industrial,4,D,4716-AN,STD,6.945,36.7,117.6,60º,,,,,,,,,,,
,,,,4717-EN,STD,6.955,31,117.9,60º,,,,,,,,,,,
,ZETOR,,,,,,,,,,,,,,,,,,,
8001 / 4.5 Lts. - 8601 / 6.8 Lts.  1969~,Tractor 8011 / 8045 - Tractor 8611 / 12011 / 12045,4 / 6,D,3314-A,STD.,9.967,49.3,138.9,45º,2,E,20000514,,,,,,,,
,,,,23314-EP,STD.,9.94,41.3,138.9,45º,2,E,,,,,,,,,
,"Regarding vehicles, engines, aplications, dimensions and interchanges information that appear in this catalogue, they are just indicative.                                                                                            ",,,,,,,,,,,,,,,,,,,
,"La información en relación a vehículos, motores, aplicaciones, dimensiones e intercambios que aparece en este catálogo es solo indicativa.",,,,,,,,,,,,,,,,,,,
,MOTOCICLETAS - MOTORBIKES,,,,,,,,,,,,,,,,,,,
,BAJAJ,,,,,,,,,,,,,,,,,,,
"125 cc 
 L1 - 2val",Bajaj XCD,1,G,4482-AN,STD,4.475,25,81.5,45º,2,C,36-JA00-02A,,,,,,,,
,,,,4483-EN,STD,4.46,21.5,81,45º,2,C,36-JA00-02E,,,,,,,,
"135 cc 
L1 - 2val",Bajaj Pulsar ,1,G,4484-AN,STD,4.475,20,81.7,45º,2,C,---,,,,,,,,
,,,,4485-EN,STD,4.485,17.5,81.2,45º,2,C,---,,,,,,,,
180 cc,Bajaj Pulsar ,1,G,4576-AN,STD,4.475,30,89.3,45º,2,C,,,,,,,,,
,,,,4577-EN,STD,4.45,26,87.9,45º,2,C,,,,,,,,,
"220 cc
1 cil. 2 val.",Bajaj Pulsar ,1,G,4332-AN,STD,4.475,31,88,45º,2,C,DK-1010-52,,,,,,,,
,,,,4333-EBN,STD,4.46,27,87.2,45º,2,C,DK-1010-11,,,,,,,,
,BRAVA,,,,,,,,,,,,,,,,,,,
150cc, Altino 150R,1,G,3408-AC,STD.,5.453,30,92.15,45º,2,C,14711-397-630,14711-437-000,,,,,,,
,,,,23409-ECB,STD.,5.432,25,91.4,45º,2,C,14721-437-000,,,,,,,,
,CORVEN,,,,,,,,,,,,,,,,,,,
150cc,Corven,1,G,3408-AC,STD.,5.453,30,92.15,45º,2,C,14711-397-630,14711-437-000,,,,,,,
,,,,23409-ECB,STD.,5.432,25,91.4,45º,2,C,14721-437-000,,,,,,,,
,GILERA,,,,,,,,,,,,,,,,,,,
125 cc 1 cil. 2 val.,Gilera Smash 125,1,G,4330-AN,STD,4.965,27,65.9,45º,2,E,ZI 54648,,,,,,,,
,,,,4331-EN,STD,4.965,23,65.4,45º,2,E,ZI 54649,,,,,,,,
,HAFEI,,,,,,,,,,,,,,,,,,,
"L4, (1.0 Lts.), 970 C.C., SHOC, MPFI, 8 VALVE",MINIVAN (LUZUN) / UTILITARIO (CHANA),4,G,4698-AN,STD.,5.97,32.5,112.10000000000001,45º,2,C,465QA-1007009 ,,,,,,,,
,,,,4699-EN,STD.,5.965,28.5,111.2,45º,2,C,465QA-1007008 ,,,,,,,,
,HARLEY DAVIDSON,,,,,,,,,,,,,,,,,,,
"Sportster 883 - XL 883
  2V 883 cc
Refrigerado por aire, Evolution™",Harley Davidson,2,G,4070-A,STD,7,40.28,116.36,45º,4,C,,,,,,,,,
,,,,4071ECB,STD,7,34.29,118.65,45º,4,C,,,,,,,,,
"V-Rod Twister/  Muscle Hp / Vrscf
1250 cc
V-Twin a 60º con refrigeración líquida Revolution®",Harley Davidson,2,G,4072-A,STD,5.964,40,116.3,45º,4,A,,,,,,,,,
,,,,4073-EX,STD,5.954,34.5,117,45º,4,A,,,,,,,,,
"Sportster / Buell
2V 1200 cc",Harley Davidson,2,G,4074-AC,STD,7,45.85,114.88,45º,4,C,,,,,,,,,
,,,,4075-ECB,STD,7,40,117.04,45º,4,C,,,,,,,,,
,HONDA,,,,,,,,,,,,,,,,,,,
50cc,G50,1,G,3570-AN,STD.,4.983,19,69,45º,2,C,14711-GK4-013,14711-GK4-003,,,,,,,
,,,,3571-ESN,STD.,4.965,16.1,68.65,45º,2,C,14711-GK4-013,14711-GK4-003,,,,,,,
70cc / 90cc  -  ST 70 -  C90,C 90 - ST 70K - C 90 ZC,1,G,1007-A,STD.,5.455,23,66.15,45º,8,C,14711-036-000,,,,,,,511 A,
,ST 70K,,,1008-ESN,STD.,5.435,20,65.35,45º,8,C,14721-036-010,,,,,,,20511-E,
,C 90 - C 90 ZC,,,1009-ESN,STD.,5.43,20,65.45,45º,8,C,14721-051-711,,,,,,,,
80cc  /100cc       ,Biz / CH 80 Elite / CD 100 ,1,G,1010-A,STD.,4.98,23,65.95,45º,2,C,14711-GB5-761,,,,,,,,
,CRF 70F - CRF 70R - ATV TRX90Y ,,,1011-EN,STD.,4.96,20,65.4,45º,2,C,14721-GF6-010,14721-GF6-000,,,,,,,
110 cc,Wave / CB 110 / CRF 110,1,G,4400-AN,STD,4.98,25.5,76.6,45º,2,C,14711-KWB-600,,,,,,,,
,,,,4401-EN,STD,4.955,21,75.95,45º,2,C,14721-KVY-900,,,,,,,,
100cc / 200cc / 250cc,XR/ CM / CB,1,G,3840-AN,STD.,5.465,24.5,79.1,45º,2,C,14711-KC1-000,,,,,,,,
,,,,3841-EN,STD.,5.45,20.5,78.75,45º,2,C,14721-KC-920,,,,,,,,
125 cc.,Biz,1,G,4066-A,STD.,4.985,24,72,45º,2,C,14711-KSS-900,,,,,,,,
,,,,4067-ECB,STD.,4.965,21,71.8,45º,2,C,14721-KSS-900,,,,,,,,
125cc,Turuna,1,G,3408-AC,STD.,5.453,30,92.15,45º,2,C,14711-397-630,14711-437-000,,,,,,,
 Modelo 90/92,HONDA  CG / XL 125    ,,,23409-ECB,STD.,5.432,25,91.4,45º,2,C,14721-437-000,,,,,,,,
125cc,CG / ML / Honda Storm ,1,G,23293-AP,STD.,5.452,29,93.3,45º,2,C,14711-383-000,,,,,,,,
,,,,23293-EP,STD.,5.436,24.3,92.65,45º,2,C,14721-383-000,,,,,,,,
125cc , CG Today  ,1,G,3416-AC ,STD.,5.458,30,93,45º,2,C,14711-KY0-890,,,,,,,,
Modelo 92/99,,,,23417-ECB,STD.,5.432,25,92.3,45º,2,C,14721-KY0-890,,,,,,,,
Scooters PCX 150,"L1, 150 C.C., 2 VALVE, OHC, Monocilíndrico",1,G,4896-AN,STD.,4.975,29,78.8,45º,2,C,14711-K97B00,,,,,,,,
,,,,4897-EN,STD.,4.955,23,79,45º,2,C,14721-KZY700,,,,,,,,
150 cc.,CG  Titan ,1,G,3904-AC,STD.,4.982,30,83.4,45º,2,C,14711-KRM-840,,,,,,,,
 2004-2013,,,,3905-ECB,STD.,4.962,26,83.6,45º,2,C,14721-KRM-840,,,,,,,,
125 cc (2004-2005),Titan / Fun / Nxr Bross,1,G,3838-AN,STD.,4.975,29,93.5,45º,2,C,14711-KGA-B00,,,,,,,,
,,,,3839-EN,STD.,4.96,25,92.3,45º,2,C,14721-KGA-B00,,,,,,,,
150cc,NX 150,1,G,1001-AC,STD.,5.455,31.45,89.1,45º,2,C,14711-KW1-900,,,,,,,,
150cc,NX 150,1,G,1002-ECB,STD.,5.435,27,88.85,45º,2,C,14721-KW1-900,,,,,,,,
CG Titan / Bros,"L1, 160 C.C., 2 VALVE, OHC, FLEX, Monocilíndrico",1,G,4900-AN,STD.,4.975,30,87,45º,2,C,14711KREG00,,,,,,,,
,,1,G,4901-EN,STD.,4.957,26,86.34,45º,2,C,14721KREG00,,,,,,,,
200cc.,XL /XR / CB / NX 200 BRASIL,1,G,3836-AN,STD.,5.463,31.5,89.75,45º,2,C,14711-KBB-900,,,,,,,,
,,,,3837-EN,STD.,5.44,27,89.2,45º,2,C,14721-KBB-900,,,,,,,,
250cc,XR 250,1,G,1005-ASN,STD.,5.485,28.5,96.65,45º,2,C,14711-KK1-000,,,,,,,,
250cc,XR 250,1,G,1006-ESN,STD.,5.47,23.5,96,45º,2,C,14721-KR6-000,,,,,,,,
250cc,XL 250 R,1,G,3406-AN,STD.,5.48,28,87.5,45º,2,C,14711-428-000,,,,,,,,
250cc,XL 250 R,1,G,23407-EBN,STD.,5.475,25.5,87.4,45º,2,C,14721-471-000,,,,,,,,
250cc,XLX 250,1,G,3410-AN ,STD.,5.48,29,105,45º,2,C,14711-KGO-000,,,,,,,,
250cc,XLX 250,1,G,23411-EBN,STD.,5.475,26,103.8,45º,2,C,14721-KGO-980,,,,,,,,
250 cc.,Twister ,1,G,3952-AN,STD.,4.978,28,83.6,45º,2,C,14711-KPF-900,,,,,,,,
,XR Tornado,,,3953-EBN,STD.,4.978,23.5,83.3,45º,2,C,14721-KPF-900,,,,,,,,
250 cc.,"Honda NX
-Mod. 1989-",1,G,4368-AN,STD.,4.48,28,84.5,45º,2,A,,,,,,,,,
,,,,4369-EBN,STD.,4.46,23,84.54,45º,2,A,,,,,,,,,
"L2, 250 C.C., 2 Valve",XR 250,2,G,4690-A,STD.,4.9750000000000005,28.5,96.60000000000001,45º,2,E,14711-KCZ-305 ,,,,,,,,
,,,,4691-E,STD.,4.965,23.5,96,45º,2,E,141721-KCZ-305 ,,,,,,,,
350cc / 400cc,"XR 400 - NX 400 - XLX -
TRX 400 (Mod. 99-08)",1,G,3418-AC,STD.,5.486,32,103.35,45º,2,C,14711-KL3-670,,,,,,,,
350cc,,1,G,23419-ECB,STD.,5.475,29,101.8,45º,2,C,14721-KFO-000,,,,,,,,
400 cc,"NX Falcon
XR400R 
-Mod. 96-04-",1,G,4492-AN,STD,5.48,33,102.6,45º,2,C,14711-KCY-670        ,,,,,,,,
,"TRX 400X /TRX 400EX  
-Mod. 99-13-",,,4493-EN,STD,5.46,29,101,45º,2,C,14721-KCY-670,,,,,,,,
400cc / 450cc ,CB,4,G,1647-AB,STD.,5.446,25.9,95.2,45º,2,C,14711-413-000,,,,,,,,
400cc,CBN,,,1647-EB,STD.,6.561,32.1,100.32,45º,2,C,14721-413-000,,,,,,,,
"600 cc 
16v.", CBR 600F / CB 600,4,G,4508-AN,STD,3.98,25.5,79,45º,2,C,14711-MAL-600,,,,,,,,
,,,,4509-EN,STD,3.97,22,79.3,45º,2,C,,,,,,,,,
600-650cc,NX / XR,1,G,1003-ASN,STD.,6.58,36,105.65,45º,2,C,14711-MG3-000,,,,,,,,
600-650cc,NX / XR,1,G,1004-ESN,STD.,6.565,30.95,104.2,45º,2,C,14721-MG3-000,,,,,,,,
750cc,CBX,4,G,1648-ACS,STD.,5.47,25,89.7,45º,2,A,,,,,,,,,
750cc,CBX,4,G,1648-ECS,STD.,5.46,22.1,88.25,45º,2,A,,,,,,,,,
,KAYAC,,,,,,,,,,,,,,,,,,,
250 cc.,Kayac,2,G,4496-AN,STD,4.98,28,100,45º,2,C,,,,,,,,,
,,,,4497-EN,STD,4.96,24,100,45º,2,C,,,,,,,,,
,KELLER,,,,,,,,,,,,,,,,,,,
  260cc,MX-260                                                       ,1,G,4368-AN,STD.,4.48,28,84.5,45º,2,A,,,,,,,,,
 4 Tiempos - Monocilindrico,,,,4369-EBN,STD.,4.46,23,84.54,45º,2,A,,,,,,,,,
,MONDIAL,,,,,,,,,,,,,,,,,,,
125cc y 150cc , Mondial MD,1,G,4248-AN,STD.,4.97,27.8,90.1,45º,2,C,,,,,,,,,
,,,,4249-EN,STD.,4.96,23,80,45º,2,C,,,,,,,,,
,MOTOMEL,,,,,,,,,,,,,,,,,,,
125cc / 150cc, Escorpion 125cc ,1,G,4330-AN,STD,4.965,27,65.9,45º,2,E,ZI 54648,,,,,,,,
,Scooter VX150,,,4331-EN,STD,4.965,23,65.4,45º,2,E,ZI 54649,,,,,,,,
150 cc.,Cg150 /  Cg 150 - S2/,1,G,3408-AC,STD.,5.453,30,92.15,45º,2,C,14711-397-630,14711-437-000,,,,,,,
,Cus 150 /  Skua 150 ,,,23409-ECB,STD.,5.432,25,91.4,45º,2,C,14721-437-000,,,,,,,,
200 cc.,"Motard 200 /
 Dakar 200  (Cadenera)
",1,G,4436-AN,STD,5.45,32,89.85,45º,2,C,,,,,,,,,
,,,,4437-EBN,STD,5.44,27,89.1,45º,2,C,,,,,,,,,
200 cc - 250 cc. ,Motard 200 / Skua 200 ,1,G,4338-AN,STD,5.465,34,91,45º,2,C,,,,,,,,,
1 Cil. - 2v,XPlora 250,,,4339-EN,STD,5.44,28.5,89.5,45º,2,C,,,,,,,,,
,SUZUKI,,,,,,,,,,,,,,,,,,,
GN/EN 125 cc -,Suzuki GN/EN,1,G,4282-AN,STD.,4.985,25.6,94.5,45º,2,C,12911H12F50H000,,,,,,,,
,,,,4283-EN,STD.,4.965,22.45,93.9,45º,2,C,12912H12F50H000,,,,,,,,
DR350,Suzuki DR 350,1,G,1201-AN,STD.,4.985,30.5,93,45º,2,C,12911-14D01,,,,,,,,
,,,,1202-ESN,STD.,4.965,27,92.6,45º,2,C,12912-14D01,,,,,,,,
GS XR - 750cc                   ,Suzuki 750,4,G,1645-ACS,STD.,4.962,30,88.21,45º,2,C,,,,,,,,,
,,,,1645-ECS,STD.,4.962,25,87.73,45º,2,C,,,,,,,,,
GS XR - 1100cc                   ,Suzuki 1100,4,G,1646-ACS,STD.,4.962,30,85.7,45º,2,C,,,,,,,,,
,,,G,1646-ECS,STD.,4.962,26,85,45º,2,C,,,,,,,,,
,YAMAHA,,,,,,,,,,,,,,,,,,,
105 / 110 cm³,Crypton ,1,G,4190-AN,STD,4.49,23,65.25,45º,2,C,4S9-E2111-00,,,,,,,,
,,,,4191-EN,STD,4.47,20,65.25,45º,2,C,4S9-E2121-00,,,,,,,,
125 cc.,YBR/ XTZ,1,G,3950-AN,STD.,4.978,26,64.3,45º,2,C,5HH-E2111-00,,,,,,,,
,,,,3951-ESN,STD.,4.963,22,63.5,45º,2,C,5HH-E2121-00,,,,,,,,
160 cc. 1 cil. 2 vál., Yamaha FZ ,1,G,4328-AN,STD,4.98,27.9,82,45º,2,C,CM SP06721A,,,,,,,,
,,,,4329-EBN,STD,4.963,23.5,81.3,45º,2,E,CM SP06721E,,,,,,,,
"L2, 200 C.C., 2 VALVE.",XT 200 / YFM 200 / XTM 200,2,G,4710-AN,STD.,5.97,34,94.10000000000001,45º,2,C,SH0-12111-00-00 ,,,,,,,,
,,,,4711-EN,STD.,5.96,28.5,92.4,45º,2,C,SH0-12121-00-00 ,,,,,,,,
 900cc. - L2 - 10v.,TDM 900,2,G,4392-AN,STD,5.48,26,84.2,45º,2,C,3LD121110200,,,,,,,,
,,,,4394-AN,STD,5.48,26,85.8,45º,2,C,3LD1211202,,,,,,,,
,,,,4393-EBN,STD,5.46,28,83.3,45º,2,C,5PS1212100,,,,,,,,
"1100 cc 
20v"," VX 1100 cc
-Moto de Agua-",,,4288-AN,STD,3.98,23,90.7,45º,2,C,4XU1211100,,,,,,,,
,,,,4289-EBN,STD,4.465,24.5,89.1,45º,2,C,5LV1212100,,,,,,,,
,,,,4290-AN,STD,3.98,23,92,45º,2,C,4VX1211200,,,,,,,,
1.8 Lts Supercharger,"Moto de Agua 
Mod. 2006 >>",,,4506-AN,STD,5.48,38.5,95.9,45º,2,C,,,,,,,,,
"VF250LA/A, FL/F300BET",,,,4507-ESN,STD,5.47,33,95.2,45º,2,C,,,,,,,,,
L4 16v. 1.8lt. Supercharger  ,"PWC FX Super HO 2008
Wafe runner FX Cruiser HO 2012
FX Cruiser SHO 2013 
-Motos Agua-",4,G,4384-AN,STD,5.48,34,90.8,45º,2,C,6S5121110000,,,,,,,,
,,,,4385-EBN ,STD,5.465,29,89.9,45º,2,C,,,,,,,,,
,KAWASAKI,,,,,,,,,,,,,,,,,,,
250cc,KLR 250,1,G,3764-AN,STD.,5.477,28.95,89,45º,2,C,,,,,,,,,
250cc,KLR 250,1,G,3765-EN,STD.,5.46,24.6,87.2,45º,2,C,,,,,,,,,
250cc,Ninja 250,2,G,3766-AN,STD.,4.989,23.5,76.4,45º,2,C,,,,,,,,,
,,,,3767-E,STD.,4.953,21,84.4,45º,2,C,,,,,,,,,
650cc             ,650,4,G,651-A,STD.,6.96,33,92.8,45º,2,C,,,,,,,,530-A,
,,,,1651-ES,STD.,6.96,28,92.3,45º,2,C,,,,,,,,20530-E,
1000cc            ,KZ 1000,4,G,1652-ACS,STD.,6.97,37.5,91.8,45º,2,C,12004-017-1010,,,,,,,,
,,,,1652-ECS,STD.,6.96,31,90.3,45º,2,C,12005-009-1009,,,,,,,,
,ZANELLA,,,,,,,,,,,,,,,,,,,
125 cc 1 cil. 2 val.,Zanella ZB / Sexy 125,1,G,4330-AN,STD,4.965,27,65.9,45º,2,E,ZI 54648,,,,,,,,
,,,,4331-EN,STD,4.965,23,65.4,45º,2,E,ZI 54649,,,,,,,,
" 110 cc
3v (2 Adm/1 Escape) ",Zanella Vento,1,G,4494-A,STD,4.96,18.9,74.7,45º,2,C,,,,,,,,,
,,,,4495-E,STD,4.99,23,66.1,45º,2,C,,,,,,,,,
150cc,Zanella RX 150,1,G,3408-AC,STD.,5.453,30,92.15,45º,2,C,14711-397-630,14711-437-000,,,,,,,
,,,,23409-ECB,STD.,5.432,25,91.4,45º,2,C,14721-437-000,,,,,,,,
