,,,,,,,,,,
,,,,,,,,,,
,,,,,,,,,,
,,,,,,,,,,
,,,,,,,,,,
,,,,MAHLE,EDIVAL,,,,,
,,,,,,,,,,
Z,Z,Z,Z,Z,Z,Z,Z,Z,Z,Z
AGRALE,Motor M70/ M73 Diesel ,1,IN - EX,VC0060905,6250 AE,30.30 x 6.95 x 74.80,M,45°,A,A
AGRALE,"Motor M-790, Tractor T440/4200 Diesel ",2,IN,VA0060904,6254 A,39.10 x 8.95 x 131.95,M,45°,A,A
, ,,EX,VE0060907,6254 E,35.00 x 8.95 x 131.95,M,45°,A,A
AGRALE,Motor M-80 Diesel ,1,IN,VA0060902,6252 A,34.10 x 7.95 x 121.55,M,45°,L,A
, ,,EX,VE0060906,6252 E,31.00 x 7.95 x 121.45,M,45°,L,A
AGRALE,"Motor M-85, 90, 93, Tractor 4100, Diesel ",1,IN,VA0060903,6253 A,41.05 x 7.96 x 120.85,M,45°,L,A
, ,,EX,VE0060323,6253 E,35.00 x 7.95 x 121.40,M,45°,L,A
ALFA ROMEO,Alfa 145/146 TD 1.9l. - 155 TD 2.0l. Diesel ,4,IN,VA0250500,21167 A,37.40 x 7.97 x 116.70,A/CP,44°30',A,A
, ,,EX,VE0250501,21167 E,33.50 x 7.97 x 116.65,A/ST/CP,44°30',A,A
ALFA ROMEO,Alfa 145/146/155/156 TS 1.6i/1.8i/2.0i 16v. Motor AR67203 Nafta,4,IN,VA0250168,1144 A,33.55 x 6.98 x 113.36,M/CP,45°30',C,A
, ,,EX,VE0250169,21144 E,28.10 x 6.96 x 108.49,A/M/CP,45°30',C,A
ALFA ROMEO,"Alfa 155 TS 1.7i/1.8 2.0l, 164 TS 2.0l Nafta",4,IN,VA1980842,21142 A,44.00 x 7.97 x 116.05,A/CP,44°30',C,C
, ,,EX,VE1980843,21142 E,37.90 x 7.95 x 119.40,AB/ST/CP,45°,C,A
ALFA ROMEO,"Alfa 33, Nuova 1.2/1.3 1.5/1.7i.e 8v. Nafta",4,IN,VA1980840,1143 A,39.83 x 8.00 x 92.00,M/CP,45°,C,A
, ,,EX,VE1980841,21143 E,33.12 x 8.00 x 92.16,A/M/CP,44°52',C,A
ALPINO,Motocicleta 200cc. Nafta,1,IN,VA3181202,501 A,32.40 x 6.99 x 91.00,M,45°,L,C
, ,,EX,VE3181203,501 E,30.40 x 6.99 x 91.00,A,45°,L,C
AMERICAN MOTORS,Motor 199(67/70) 232(73/79) 250(59/61) 287(63/66) 304(73/79) 327 (59/66) Nafta,6-8,IN,VA1211172,1036 A,45.50 x 9.45 x 124.20,M,30°,D,A
, ,,EX,VE0090908,21037 E,35.80 x 9.43 x 124.65,A,45°,D,E
AUDI,80 CL/CD Motor 1600cc. Turbo Diesel ,4,IN,VA0700784,26218 A,33.88 x 7.96 x 104.75,A/M,44°30',C,A
, ,,EX,VE0700785,26218 E,31.10 x 7.94 x 104.60,AB/M/ST,44°45',C,A
AUDI,"80 E Motor 1900cc., 90 E, 100 E Motor 2300cc. Nafta",4,IN,VA0700757,1219 A,39.93 x 7.96 x 91.30,M/ST,44°30',C,A
, ,,EX,VE0700770,21219 E,33.08 x 7.94 x 91.11,A/M/ST,45°,C,A
AUDI,80 Motor 1Z 1900cc. Turbo Diesel ,4,IN,VA0701129,21926 A,36.00 x 8.00 x 96.90,A/M/CP/ST,45°,C,A
, ,,EX,VE0701136,21926 E,31.50 x 8.00 x 96.90,AB/M/ST,45°,C,A
AUDI,80 Motor AAZ 1900cc. Turbo Diesel ,4,IN,VA0700776,21711 A,35.90 x 7.97 x 95.50,A/M/ST,44°40',C,A
, ,,EX,VE0700286,21711 E,31.20 x 7.94 x 95.50,A/M/ST/CP,45°,C,A
AUDI,"A3, A4 1800cc. Aspirado 20v. Motor AGN Nafta",4,IN,VA0700242,1707 A,27.00 x 5.97 x 105.00,M/ST,45°15',C,C
, ,,EX,VE0700778,21717 E,29.90 x 5.94 x 103.89,A/M/ST/CP,45°,C,A
AUDI,"A3, A4 1800cc. Turbo 20v. Motor AGU Nafta",4,IN,VA0700242,1707 A,27.00 x 5.97 x 105.00,M/ST,45°15',C,C
, ,,EX,VE0700243,21707 E,29.90 x 5.95 x 104.00,AB/M/ST/CP,45°15',C,A
AUDI,A4 TDI Motor 1Z 1900cc. Turbo Diesel ,4,IN,VA0700780,21927 A,35.90 x 7.97 x 96.70,A/M/ST,45°,C,A
, ,,EX,VE0700781,21927 E,31.40 x 7.94 x 96.81,A/M/ST,45°,C,A
BEDFORD,"Motor 300 Diesel (57/65) - D6, J6 ",6,IN,VA0730792,2001 A,43.18 x 8.67 x 141.55,M,29°,E,A
, ,,IN,VA0730792+08,2001 A+08,43.18 x 8.67 x 141.55,M,29°,E,A
, ,,EX,VE0730793,22001 E,37.58 x 8.64 x 138.45,A,45°,M,A
, ,,EX,VE0730793+08,22001 E+08,37.58 x 8.64 x 138.45,A,45°,M,A
BEDFORD,"Motor 300-350 Diesel (66/76), C50, C60, C70, 614, 714 ,814 ",6,IN,VA0730794,2017 A,42.88 x 6.67 x 141.55,M,29°,E,A
, ,,IN,VA0730794+08,2017 A+08,42.88 x 6.67 x 141.55,M,29°,E,A
, ,,EX,VE0730795,22017 E,37.38 x 8.64 x 141.05,A,44°,E,A
, ,,EX,VE0730795+08,22017 E+08,37.38 x 8.64 x 141.05,A,44°,E,A
BMW,"Motor 318i 1800cc. 16v.-323i, 325i, 525i 2500cc. 24v. Nafta",4-6,IN,VA1401226,1948 A,32.87 x 5.97 x 106.10,M/CP/SH,44°30',C,A
, ,,EX,VE1400820,21948 E,30.30 x 5.95 x 105.70,A/M/CP,44°30',C,A
BMW,Motor 318i M40 1800cc. Nafta,4,IN,VA1401176,1949 A,41.90 x 6.97 x 102.10,M/CP/SH,44°30',C,A
, ,,EX,VE1401179,21949 E,35.90 x 6.95 x 101.00,AB/M/ST/CP,44°30',C,A
BMW,Motor 320-520-323-323i Nafta,6,IN,VA1400816,1950 A,39.88 x 6.95 x 102.40,M/SH,44°30',C,A
, ,,EX,VE1400817,21950 E,33.88 x 6.95 x 102.40,A/CP,44°30',C,A
BMW,Motor 324D-524D/TD Turbo Diesel ,6,IN,VA1401178,21953 A,34.90 x 7.00 x 114.30,A/M/CP,45°,C,A
, ,,EX,VE1401181,21953 E,30.90 x 7.00 x 114.10,A/M/CP/ST,45°,C,A
BMW,Motor 325i/ic/ix-525i Nafta,6,IN,VA1401177,1952 A,42.00 x 7.00 x 102.50,M/CP/SH,45°,C,A
, ,,EX,VE1401180,21952 E,36.00 x 7.00 x 102.50,AB/M/ST/CP,45°,C,A
BMW,Motor 525-525i-528-528i-CS535-628i-728-728i Nafta,6,IN,VA1400818,1951 A,45.90 x 7.96 x 106.70,M/CP/SH,44°,C,C
, ,,EX,VE1400819,21951 E,37.83 x 7.95 x 107.13,A/M/ST/CP,44°15',C,C
BORGWARD,Motor Diesel D301 E1-52HP (65/71) ,4,IN,VA3200866,1061 A,35.08 x 9.96 x 124.45,M,44°30',E,A
, ,,IN,VA3200866+08,1061 A+08,35.08 x 9.96 x 124.45,M,44°30',E,A
, ,,EX,VE3200867,21061 E,31.18 x 9.96 x 124.95,A,44°30',E,A
, ,,EX,VE3200867+08,21061 E+08,31.18 x 9.96 x 124.95,A,44°30',E,A
BORGWARD,Motor Diesel D4M-42HP (52/66) ,4,IN,VA3200864,1033 A,32.28 x 8.97 x 122.95,M,44°30',L,C
, ,,IN,VA3200864 +08,1033 A+08,32.28 x 8.97 x 122.95,M,44°30',L,C
, ,,IN,VA3200864+1,1033 A+1,33.28 x 8.97 x 122.95,M,44°30',L,C
, ,,EX,VE3200865,1033 E,30.18 x 8.97 x 122.95,M,44°30',L,A
, ,,EX,VE3200865+08,1033 E+08,30.18 x 8.97 x 122.95,M,44°30',L,A
, ,,EX,VE3200865+1,1033 E+1,31.18 x 8.97 x 122.95,M,44°30',L,A
BORGWARD,Motor Diesel VM serie HR88/92/94 H-HT ,4,IN,VA0040322,21054 A,40.13 x 7.95 x 120.93,A/M/CP,34°20',A,A
, ,,EX,VE0040322,21054 E,33.88 x 7.93 x 120.92,A/M/CP,44°20',A,A
BRIGGS & STRATTON,Serie I/C 28B700 Motor 10.5 HP 465cc. Nafta,1,IN,VA0531057,4810 A,34.93 x 7.86 x 131.51,M,29°45',U,C
, ,,EX,VE0531058,24810 E,31.75 x 7.84 x 132.21,A/ST,44°45',F,A
BUICK,Motor 350-405/7 (77/80) Nafta,8,IN,VA0020136,1109 A,47.70 x 8.70 x 118.50,M,44°,F,C
CADILLAC,Motor 472 (68/73) 500 (70/73) Nafta,8,EX,VE3211206,21108 E,41.20 x 8.69 x 133.30,A/CP,44°,F,A
CASE,"Motor 451 BDT, XA6 Diesel ",6,IN,VA0391019,3082 A,44.45 x 10.22 x 163.22,M/CP,45°,T,A
, ,,EX,VE0391229,23082 E,39.67 x 10.22 x 163.22,A/CP,45°,T,A
CASE,"Motor 504 BD Turbo-Modelo 1370, 1470, 1570, 2290, 2390, 2470, 2590, 4490 Diesel ",6,IN,VA0391017,3080 A,50.80 x 10.22 x 163.32,M/CP,45°,T,A
, ,,EX,VE0391227,23080 E,44.45 x 10.22 x 163.28,A/CP,45°,T,A
CASE,"Motor 504D, 336D (30°) Diesel ",6,IN,VA0391020,3180 A,50.80 x 10.22 x 163.32,M/CP,30°,T,A
, ,,EX,VE0391227,23080 E,44.45 x 10.22 x 163.28,A/CP,30°,T,A
CASE,"Motor G188D - Tractor 530, 570, 580, 630, 640, 660 Diesel ",4,IN,VA0391018,3081 A,40.74 x 8.67 x 161.33,M/CP,45°,T,A
, ,,EX,VE0391228,23081 E,35.64 x 8.65 x 161.33,A/CP,44°30',T,A
CASE,SERIE 30 GENESIS,4,IN,VA1961403,26082 A,46.60 x 9.44 x 145.90,A/M/CP,29°30',D,E
,,,EX,VE1961404,26082 E,43.00 x 9.41 x 146.44,A/M/CP,44°30',D,E
CATERPILLAR,"Motor 1140, 1145, 1150, 1160, 3145, 3150, 3160, 3204, 3208 Diesel",8,IN,VA0110235,2009 A,"53,2 x 9,46 x 144,78",M,30°,B,A
, ,,EX,VE0110234,22009 E,"45,74 x 9,44 x 144,35",A/M,45°00',B,A
, ,,EX,VE0111231,22109 E,45.75 x 9.43 x 144.30,A/M/ST,45°,B,A
CATERPILLAR,"Motor 3114 4400cc.(924F), 3116 6600cc.(960F, 950F, 325, 325L) Turbo - Chevrolet Kodiak Diesel",4-6,IN,VA0110232,23077 A,47.00 x 8.00 x 177.18,A/M,30°,A,A
, ,,EX,VE0110233,23077 E,40.00 x 8.00 x 176.72,A/M/ST/CP,45°,A,A
CATERPILLAR,"Motor 3304 (D4E), 3306 (D5B, 12G, 561D) Diesel",4-6,IN,VA0110145,3053 A,51.28 x 9.44 x 136.35,M,29°15',B,A
, ,,EX,VE0111243,3053 E,47.98 x 9.44 x 134.75,M,29°30',B,A
CATERPILLAR,"Motor 3306 (814B, 815B, 816B, 235, 14G, 12G, D6D) 3304 (120G, 130G, 140G, D4E) Diesel",4-6,IN,VA0110921,23053 A,51.23 x 9.44 x 136.45,A/M/ST,29°30',B,A
, ,,EX,VE0110146,23053 E,47.98 x 9.44 x 134.75,A/M/ST,29°30',B,A
CATERPILLAR,Motor 3400 GNC,6,EX,VE0110346,23274 E,41.80 x 9.44 x 182.40,M/X/CP,19°,B,A
CATERPILLAR,Motor 3406 - 3408 - 3412 Diesel,6-8-12,IN,VA0110918,23038 A,44.98 x 9.44 x 181.30,A/M/ST,29°15',B,A
, ,,EX,VE0111233,23038 E,41.75 x 9.44 x 181.30,A/M/ST,44°00',B,A
, ,,IN,VA0110923,26285 A,45.05 x 9.44 x 181.25,AB/M/ST/CP,29°,B,A
, ,,EX,VE0111240,26285 E,41.75 x 9.44 x 181.25,AB/M/ST/CP,45°30',B,A
CATERPILLAR,Motor 3516 Diesel,6,EX,VE0110347,26284 E,55.90 x 9.44 x 219.26,AB/M/ST/CP,19°30',B,A
CATERPILLAR,"Motor D330A, D330B, D333A, D333B, 1670, 1673 (Asp. Normal y Turbo) Diesel",4-6,IN,VA0110926,3019 A,48.14 x 9.43 x 166.70,M,29°30',B,A
,,,EX,VE0111232,23019 E,44.98 x 9.44 x 166.75,A/M,29°30',B,A
CATERPILLAR,"Motor D330C, D333C, 1673C, 3304, 3306 (Asp. Normal) Diesel",4-6,IN,VA0110143,3040 A,51.30 x 9.43 x 139.91,M,29°15',B,A
, ,,EX,VE0110142,3040 E,48.10 x 9.43 x 138.92,M,29°30',B,A
CATERPILLAR,"Motor D330C, D333C, 1673C, 3304, 3306 (Turbo) Diesel",4-6,IN,VA0110919,23040 A,51.28 x 9.43 x 139.91,A/M/ST,29°15',B,A
, ,,EX,VE0110144,23240 E,48.10 x 9.43 x 138.87,A/M/ST,29°15',B,A
, ,,EX,VE0111237,23140 E,48.10 x 9.43 x 139.13,A/M/ST,30°,B,A
CATERPILLAR,"Motor D342 (583K, D8K) Diesel",6,IN,VA0110922,26283 A,59.45 x 9.43 x 235.70,A/M/ST,44°,B,A
, ,,EX,VE0111239,26283 E,57.85 x 9.43 x 235.08,A/M/ST,44°15',B,A
CATERPILLAR,"Motor D343 (633, 633C) Diesel",6,IN,VA0110917,22010 A,44.95 x 9.45 x 152.20,A/M/ST,44°,B,A
, ,,EX,VE0110930,22010 E,41.80 x 9.45 x 152.20,A/M/ST,44°,B,A
CATERPILLAR,"Motor D343, D343A, D346, D348, D349, 1693 (65B1) Diesel",6-8-12-16,IN,VA0110920,23052 A,44.91 x 9.44 x 152.27,A/M/ST,44°,B,A
, ,,EX,VE0111234,23052 E,41.75 x 9.45 x 152.27,A/M/ST,44°,B,A
CATERPILLAR,Série 3064 / 3066,4-6,IN,VA0111409,22108 A,44.00 x 7.94 x 134.00,A/N,30°00',E,E
,,,EX,VE0111410,22108 E,37.00 x 7.93 x 134.00,A/N,30°00',E,A
CATERPILLAR,Série 356 - 3056E,4-6,IN,VA0111407,22280 A,43.00 x 8.95 x 122.85,A/M/CP,30°00',A,A
,,,EX,VE0111408,22280 E,41.00 x 8.95 x 122.85,A/M/CP,30°00,A,A
CATERPILLAR,Série C9,6,IN,VA0111411,22281 A,36.00 x 9.44 x 184.50,AB/M/CP/ST,24°15',B,A
,,,EX,VE0111412,22281 E,36.00 x 9.44 x 183.00,X/M/CP,44°15',B,A
CHERY,"Tiggo 125cv 2,0l. 16v.",4-6,IN,VA3481481,1280 A,32.78 x 5.98 x 108.00,M/CP/SH,45°,C,A
, ,,EX,VE3481482,21280 E,28.00 x 5.96 x 106.27,A/M/ST/CP,45°,C,A
CHRYSLER,"1500 - 1800, VW 1500 (71 en ad.) - GNC",4,IN,VA0100332,1063 AGNC,38.10 x 7.91 x 109.83,M/CP,44°40',A,C
, ,,IN,"VA0100332 0,076",1063 AGNC1,38.10 x 7.98 x 109.83,M/CP,44°40',A,C
, ,,IN,"VA0100332 0,127",1063 AGNC2,38.10 x 8.03 x 109.83,M/CP,44°40',A,C
, ,,IN,"VA0100332 0,254",1063 AGNC3,38.10 x 8.16 x 109.83,M/CP,44°40',A,C
, ,,IN,"VA0100332 0,381",1063 AGNC4,38.10 x 8.29 x 109.83,M/CP,44°40',A,C
, ,,IN,"VA0100332 0,508",1063 AGNC5,38.10 x 8.41 x 109.83,M/CP,44°40',A,C
, ,,IN,"VA0100332 0,762",1063 AGNC6,38.10 x 8.67 x 109.83,M/CP,44°40',A,C
, ,,EX,VE0100334,21063 EGNC,31.20 x 7.87 x 109.82,A,44°40',A,C
, ,,EX,"VE0100334 0,076",21063 EGNC1,31.20 x 7.94 x 109.82,A,44°40',A,C
, ,,EX,"VE0100334 0,127",21063 EGNC2,31.20 x 7.99 x 109.82,A,44°40',A,C
, ,,EX,"VE0100334 0,254",21063 EGNC3,31.20 x 8.12 x 109.82,A,44°40',A,C
, ,,EX,"VE0100334 0,381",21063 EGNC4,31.20 x 8.25 x 109.82,A,44°40',A,C
, ,,EX,"VE0100334 0,508",21063 EGNC5,31.20 x 8.38 x 109.82,A,44°40',A,C
, ,,EX,"VE0100334 0,762",21063 EGNC6,31.20 x 8.63 x 109.82,A,44°40',A,C
CHRYSLER,"Cherokee, Gran Cherokee Motor 150 2.5l. - 242 4.0l. Nafta",4,IN,VA0100339,1905 A,48.50 x 7.91 x 124.73,M,45°,A,C
, ,,IN,"VA0100339 0,076",1905 A1,48.50 x 7.99 x 124.73,M,45°,A,C
, ,,IN,"VA0100339 0,381",1905 A4,48.50 x 8.29 x 124.73,M,45°,A,C
, ,,IN,"VA0100339 0,762",1905 A6,48.50 x 8.67 x 124.73,M,45°,A,C
, ,,EX,VE0100343,21905 E,38.04 x 7.92 x 125.35,A/CP,45°,A,C
, ,,EX,"VE0100343 0,076",21905 E1,38.04 x 8.00 x 125.35,A/CP,45°,A,C
, ,,EX,"VE0100343 0,381",21905 E4,38.04 x 8.30 x 125.35,A/CP,45°,A,C
, ,,EX,"VE0100343 0,762",21905 E6,38.04 x 8.68 x 125.35,A/CP,45°,A,C
CHRYSLER,"Dakota Pick Up, RamVan 1500 3.9l. V6 12v. - 5.9l. Nafta",6-8,IN,VA0100339,1905 A,48.50 x 7.91 x 124.73,M,45°,A,C
, ,,EX,VE0100915,21915 E,41.15 x 7.91 x 124.83,A/CP,45°,A,C
CHRYSLER,"GT 100 (1,8 opcional) Nafta",4,IN,VA0100336,1073 A,42.08 x 7.90 x 109.78,M/CP,44°40',A,C
, ,,IN,"VA0100336 0,076",1073 A1,42.08 x 7.98 x 109.78,M/CP,44°40',A,C
, ,,IN,"VA0100336 0,127",1073 A2,42.08 x 8.03 x 109.78,M/CP,44°40',A,C
, ,,IN,"VA0100336 0,254",1073 A3,42.08 x 8.15 x 109.78,M/CP,44°40',A,C
, ,,IN,"VA0100336 0,381",1073 A4,42.08 x 8.28 x 109.78,M/CP,44°40',A,C
, ,,EX,VE0101244,21073 E,34.08 x 7.86 x 109.80,A/CP,44°40',A,C
, ,,EX,"VE0101244 0,076",21073 E1,34.08 x 7.93 x 109.80,A/CP,44°40',A,C
, ,,EX,"VE0101244 0,127",21073 E2,34.08 x 7.98 x 109.80,A/CP,44°40',A,C
, ,,EX,"VE0101244 0,254",21073 E3,34.08 x 8.11 x 109.80,A/CP,44°40',A,C
, ,,EX,"VE0101244 0,381",21073 E4,34.08 x 8.24 x 109.80,A/CP,44°40',A,C
CHRYSLER,GTX V8 - Motor 273 (64/69) 318 (63/88) Nafta,8,IN,VA0100335,1039 A,45.16 x 9.42 x 126.19,M,44°45',B,C
, ,,IN,"VA0100335 0,076",1039 A1,45.16 x 9.50 x 126.19,M,44°45',B,C
, ,,IN,"VA0100335 0,127",1039 A2,45.16 x 9.55 x 126.19,M,44°45',B,C
, ,,IN,"VA0100335 0,254",1039 A3,45.16 x 9.68 x 126.19,M,44°45',B,C
, ,,IN,"VA0100335 0,381",1039 A4,45.16 x 9.80 x 126.19,M,44°45',B,C
, ,,IN,"VA0100335 0,508",1039 A5,45.16 x 9.94 x 126.19,M,44°45',B,C
, ,,IN,"VA0100335 0,762",1039 A6,45.16 x 10.19 x 126.19,M,44°45',B,C
, ,,EX,VE0100340,21039 E,38.14 x 9.42 x 127.30,A,42°45',D,C
, ,,EX,"VE0100340 0,076",21039 E1,38.14 x 9.50 x 127.30,A,42°45',D,C
, ,,EX,"VE0100340 0,127",21039 E2,38.14 x 9.55 x 127.30,A,42°45',D,C
, ,,EX,"VE0100340 0,254",21039 E3,38.14 x 9.68 x 127.30,A,42°45',D,C
, ,,EX,"VE0100340 0,381",21039 E4,38.14 x 9.81 x 127.30,A,42°45',D,C
, ,,EX,"VE0100340 0,508",21039 E5,38.14 x 9.94 x 127.30,A,42°45',D,C
, ,,EX,"VE0100340 0,762",21039 E6,38.14 x 9.81 x 127.30,A,42°45',D,C
CHRYSLER,Motor 201 (33/41) 3.1/8 Nafta,6,IN,VA0100914,1052 A,37.70 x 8.64 x 123.20,M/SH,45°,B,A
, ,,EX,VE0100913,1052 E,37.70 x 8.64 x 124.60,A/M/CP,45°,B,B
CHRYSLER,Motor 228 - 236 - 241 - 251 (42/56) 3.3/8 - 3.7/16 Nafta,6,IN,VA0101341,1015 A,44.10 x 8.65 x 123.00,M/SH,45°,B,A
, ,,EX,VE0100912,1015 E,39.60 x 8.65 x 124.60,M/CP,45°,B,B
CHRYSLER,Motor 230 (41/60) 3.1/4 Nafta,6,IN,VA0100328,1014 A,39.00 x 8.64 x 122.90,M/SH,44°30',B,A
, ,,EX,VE0100329,1014 E,35.70 x 8.65 x 122.70,A/M/CP,44°30',B,A
CHRYSLER,"Motor 251-265 (42/64), D100, D400 Nafta",6,IN,VA0100914,1052 A,37.70 x 8.64 x 123.20,M/SH,45°,B,A
, ,,EX,VE0100916,22003 E,38.30 x 8.65 x 123.10,A/M,45°,B,C
CHRYSLER,Motor 361 - 413 (60/77) Nafta,8,IN,VA0100909,1040 A,47.90 x 9.44 x 144.20,M,45°,D,C
, ,,IN,"VA0100909 0,127",1040 A2,47.90 x 9.57 x 144.20,M,45°,D,C
, ,,IN,"VA0100909 0,381",1040 A4,47.90 x 9.82 x 144.20,M,45°,D,C
, ,,IN,"VA0100909 0,762",1040 A6,47.90 x 10.20 x 144.20,M,45°,D,C
, ,,EX,VE0100910,21040 E,38.10 x 11.01 x 144.75,A/CP,45°,B,C
, ,,EX,"VE0100910 0,127",21040 E2,38.10 x 11.13 x 144.75,A/CP,45°,B,C
, ,,EX,"VE0100910 0,381",21040 E4,38.10 x 11.38 x 144.75,A/CP,45°,B,C
, ,,EX,"VE0100910 0,762",21040 E6,38.10 x 11.76 x 144.75,A/CP,45°,B,C
CHRYSLER,"Neon SE, LE, LX 2.0l. DOHC - Caravan Motor 2.4l. 16v. Nafta",4,IN,VA0100338,1699 A,34.80 x 5.95 x 111.50,M/CP,45°,A,C
, ,,EX,VE0100342,21699 E,30.50 x 5.92 x 109.70,A/CP,45°,A,C
CHRYSLER,"Neon, Stratus SOHC 2.0l. 16v. Nafta",4,IN,VA0100337,1698 A,33.20 x 5.94 x 114.80,M/CP,45°00',A,C
, ,,EX,VE0100341,21698 E,28.70 x 5.91 x 117.25,A/CP,45°00',A,C
CHRYSLER,"Polara, Coronado, GT, GTX, Valiant I, II, III, IV - Motor 170-198(60/79) 223(78/80) - Nafta / GNC ",6,IN,VA0100330,1038 AGNC,41.30 x 9.45 x 121.30,M,44°45',B,C
, ,,IN,"VA0100330 0,076",1038 AGNC1,41.30 x 9.53 x 121.30,M,44°45',B,C
, ,,IN,"VA0100330 0,127",1038 AGNC2,41.30 x 9.58 x 121.30,M,44°45',B,C
, ,,IN,"VA0100330 0,254",1038 AGNC3,41.30 x 9.70 x 121.30,M,44°45',B,C
, ,,IN,"VA0100330 0,381",1038 AGNC4,41.30 x 9.83 x 121.30,M,44°45',B,C
, ,,IN,"VA0100330 0,508",1038 AGNC5,41.30 x 9.96 x 121.30,M,44°45',B,C
, ,,IN,"VA0100330 0,762",1038 AGNC6,41.30 x 10.21 x 121.30,M,44°45',B,C
, ,,EX,VE0100333,21038 EGNC,34.80 x 9.44 x 122.00,A,42°45',D,C
, ,,EX,"VE0100333 0,076",21038 EGNC1,34.80 x 9.52 x 122.00,A,42°45',D,C
, ,,EX,"VE0100333 0,127 ",21038 EGNC2,34.80 x 9.57 x 122.00,A,42°45',D,C
, ,,EX,"VE0100333 0,254",21038 EGNC3,34.80 x 9.69 x 122.00,A,42°45',D,C
, ,,EX,"VE0100333 0,381",21038 EGNC4,34.80 x 9.82 x 122.00,A,42°45',D,C
, ,,EX,"VE0100333 0,508",21038 EGNC5,34.80 x 9.95 x 122.00,A,42°45',D,C
, ,,EX,"VE0100333 0,762",21038 EGNC6,34.80 x 10.20 x 122.00,A,42°45',D,C
CITROËN,2 CV-14HP (55/65) Nafta,2,IN,VA0660746,1001 A,34.90 x 7.97 x 77.10,M,30°,L,A
, ,,EX,VE0661245,21001 E,31.28 x 7.97 x 76.55,A,45°,L,A
CITROËN,"2 CV-18HP AZAM AZU (66/68), Furgoneta (66/68) Nafta",2,IN,VA0661127,1043 A,39.20 x 7.98 x 91.10,M,30°,L,A
, ,,EX,VE0661128,21043 E,32.20 x 8.46 x 89.10,A/M,45°,L,A
CITROËN,"2 CV-18HP AZAM AZU (68/72), Furgoneta (68/72) Nafta",2,IN,VA0660748,1059 A,39.38 x 7.98 x 90.95,M,30°,C,A
, ,,IN,"VA0660748 0,076",1059 A1,39.38 x 8.05 x 90.95,M,30°,C,A
, ,,IN,"VA0660748 0,127",1059 A2,39.38 x 8.10 x 90.95,M,30°,C,A
, ,,EX,VE0660749,21059 E,32.28 x 8.47 x 88.75,A,45°,C,A
, ,,EX,"VE0660749 0,076",21059 E1,32.28 x 8.55 x 88.75,A,45°,C,A
, ,,EX,"VE0660749 0,127",21059 E2,32.28 x 8.60 x 88.75,A,45°,C,A
CITROËN,"3 CV, Ami 8, Furgoneta, Mehari (69/78) Nafta",2,IN,VA0660750,1060 A,40.38 x 7.99 x 88.55,M,30°,C,A
, ,,IN,"VA0660750 0,076",1060 A1,40.38 x 8.06 x 88.55,M,30°,C,A
, ,,IN,"VA0660750 0,127",1060 A2,40.38 x 8.11 x 88.55,M,30°,C,A
, ,,EX,VE0660751,21060 E,34.18 x 8.47 x 87.05,A,45°,C,A
, ,,EX,"VE0660751 0,076",21060 E1,34.18 x 8.55 x 87.05,A,45°,C,A
, ,,EX,"VE0660751 0,127",21060 E2,34.18 x 8.60 x 87.05,A,45°,C,A
CITROËN,Motor 161A (XUD7) 1800cc. - Motor 162 (XUD9) 1900cc. Diesel ,4,IN,VA0440577,1236 A,38.00 x 7.99 x 112.42,M,30°,A,A
, ,,EX,VE0440586,21206 E,33.00 x 7.98 x 111.85,A/CP,45°,A,A
CITROËN,"Motor DJ5TED Combi,Jumper 2500cc. 12v. Diesel ",4,IN,VA0440576,1230 A,36.95 x 6.99 x 127.85,M/CP/SH,45°,C,C
, ,,EX,VE0440283,21230 E,36.95 x 6.97 x 127.55,A/M/ST/CP,45°,C,A
CITROËN,"Motor DV4 TDCI/HDI 1400cc. C1, C2, C3, Xsara Diesel ",4,IN,VA0441078,1420 A,32.80 x 5.48 x 97.46,M/CP,45°,C,C
, ,,EX,VE0441054,21420 E,30.28 x 5.47 x 97.52,A/M/ST/CP,45°,C,A
CITROËN,"Motor TU3F-J2K 1360cc-Saxo,Xsara Motor TU5JP 1587cc Nafta",4,IN,VA0440575,1228 A,39.30 x 6.97 x 111.50,M/SH,30°,C,C
, ,,EX,VE0440596,21228 E,31.35 x 6.97 x 111.75,A/M/CP,45°,C,C
CITROËN,Motor TU5JP4 1600cc. 16v. Nafta,4,IN,VA0440578,1423 A,31.30 x 5.98 x 103.80,M,45°,A,C
, ,,EX,VE0440598,21423 E,24.50 x 5.96 x 104.40,A/M/ST/CP,45°,A,E
CITROËN,"Motor TU9M 954cc. Audace, Escape, AX10E, Saxo Nafta",4,IN,VA0440572,1224 A,34.70 x 6.97 x 112.77,M,30°,A,C
, ,,EX,VE0440593,21224 E,27.80 x 6.97 x 112.60,A/M/CP,45°,A,C
CITROËN,Motor TUD3 AX14D/RD/TRD 1360cc. Diesel ,4,IN,VA0660752,1229 A,35.40 x 6.99 x 108.45,M/CP,45°,A,E
, ,,EX,VE0660753,21229 E,30.55 x 6.99 x 108.25,A/CP,45°,A,A
CITROËN,"Motor TUD5 1527cc. Saxo, Xsara Diesel ",4,IN,VA0440574,1227 A,37.00 x 6.98 x 108.45,M/CP,45°,A,E
, ,,EX,VE0440595,21227 E,31.50 x 6.98 x 108.20,A/CP,45°,A,A
CITROËN,"Motor EW10J4 Xsara Picasso, C5 2000cc. 16v. Nafta",4,IN,VA0440579,1424 A,33.20 x 5.97 x 106.20,M/SH,44°30',A,C
, ,,EX,VE0441603,21424 E,29.07 x 5.96 x 103.60,A/M/ST/CP,44°30',A,A
CITROËN,"Motor XU7JP4 1800cc. 16v. Xantia, Xsara Nafta",4,IN,VA0440571,1215 A,34.60 x 6.98 x 106.40,M/SH,44°30',C,C
, ,,EX,VE0440590,21215 E,29.50 x 6.98 x 105.77,A/M/CP,44°30',C,C
CITROËN,"Motor XUD9TE,TF,BTF 1900cc. Xsara,Xantia,Berlingo Turbo Diesel ",4,IN,VA0440568,1206 A,38.50 x 8.00 x 112.40,M/CP,45°,A,A
, ,,EX,VE0440586,21206 E,33.00 x 7.98 x 111.85,A/CP,45°,A,A
CITROËN,"VISA GT, GTI BX19TRS Nafta",4,IN,VA0440551,1205 AGNC,41.58 x 7.97 x 108.74,M/SH,44°50',A,A
, ,,EX,VE0440585,21205 E,34.48 x 7.97 x 108.32,A/M/CP,44°22',A,A
CONTINENTAL,"Motor F227, Industrial F245, F135, F163 Diesel",4-6,IN,VA1911182,1110 A,38.50 x 8.66 x 131.90,M,30°,E,A
, ,,IN,"VA1911182 0,076",1110 A1,38.50 x 8.74 x 131.90,M,30°,E,A
, ,,IN,"VA1911182 0,381",1110 A4,38.50 x 9.04 x 131.90,M,30°,E,A
, ,,EX,VE1911183,21110 E,30.55 x 8.59 x 132.85,A/M,45°,E,A
, ,,EX,"VE1911183 0,076",21110 E1,30.55 x 8.67 x 132.85,A/M,45°,E,A
, ,,EX,"VE1911183 0,381",21110 E4,30.55 x 8.97 x 132.85,A/M,45°,E,A
CUMMINS,"Motor 505 CI, Serie ISC Turbo 8.3l. - CONSTELATION 19-330 TRACTOR ISL 8.9L 24V Diesel ",6,IN,VA0211371,2178 A,38.00 x 7.98 x 137.76,M/CP,30°,A,A
, ,,EX,VE0211372,22178 E,38.03 x 7.97 x 137.73,A/M/CP,45°,A,A
CUMMINS,"Motor G5.9,B4.5,QSB5.9,ISBe - GB,B5.9,QSB4.5,QSB3.9 - Turbo Electronico Ecologico Diesel",4/6,IN,VA0210442,2074 A,33.00 x 7.00 x 124.65,M/CP,30°,A,A
, ,,EX,VE0210443,22074 E,33.00 x 7.00 x 124.28,A/M/CP,45°,A,A
CUMMINS,Motor L10 Mecánico Diesel,6,IN,VA0210446,2079 A,42.38 x 9.62 x 176.35,M,30°,A,A
, ,,EX,VE0211255,22079 E,42.43 x 9.62 x 176.30,A/M,30°,A,A
, ,,EX,VE0211261,22279 E,42.43 x 9.62 x 176.30,AB/M/CP,30°,A,A
CUMMINS,"Motor L10, M11 Electrónico Diesel",6,IN,VA0210237,2106 A,42.55 x 9.63 x 195.45,M,30°,A,C
, ,,EX,VE0210236,22106 E,42.42 x 9.62 x 195.45,A/M/ST/CP,30°,A,C
CUMMINS,Motor N14 315-525 HP Diesel,6,IN,VA0210445,2076 A,47.50 x 9.63 x 196.28,M,30°,A,A
, ,,EX,VE0211252,22076 E,47.50 x 9.62 x 196.28,A/M/ST,30°,A,E
CUMMINS,Motor N14 Plus Diesel,6,IN,VA0210967,2276 A,47.45 x 9.63 x 196.95,M/CP,20°,A,E
, ,,EX,VE0211260,22276 E,47.48 x 9.63 x 196.16,A/M/ST,45°,A,E
CUMMINS,"Motor NH-NHE 220/225/230/250, NHCT, NTA 370/380/420 (Asp.Normal) Diesel",6-12,IN,VA0210147,2005 A,47.60 x 11.43 x 179.30,M/SH,30°,B,A
, ,,IN - EX,VC0210149,22005 AE,47.58 x 11.44 x 179.25,A/M,30°,B,A
CUMMINS,"Motor NH-NHE 220/225/230/250, NHCT, NTA 370/380/420, V-VT-VTA 1710 (Turbo) Diesel",6-12,IN - EX,VC0210148,22205 AE,47.58 x 11.44 x 179.25,A/M/ST,30°,B,A
, ,,EX,VE0211256,22105 E,47.58 x 11.44 x 180.65,A/M/ST/CP,15°,B,A
CUMMINS,Motor Serie 6C Diesel,6,IN,VA0210444,2075 A,51.88 x 9.48 x 150.95,M/CP,30°,A,A
,,,EX,VE0210152,22177 E,46.06 x 9.49 x 150.94,A/M/CP,45°,A,A
CUMMINS,"Motor Serie 743 - NH180, NH195, NH200, NH220 Diesel",4-6-12,IN - EX,VC0211251,3042 AE,44.34 x 10.22 x 179.17,M,30°,B,A
CUMMINS,"Motor Serie C 6CT, CTA 8.3l. Normal, Turbo, Turbo Aftercooler, Turbo Intercooler Diesel",6,IN,VA0210153,2077 A,52.00 x 9.49 x 151.18,M/CP,30°,A,A
, ,,EX,VE0210152,22177 E,46.06 x 9.49 x 150.94,A/M/CP,45°,A,A
CUMMINS,"Motor Serie ISX, Detroit Diesel 60 12,7l. -14l.; Mack E7ASET; M.Benz MEB4000; Volvo VED12 (Emissions Technology) Diesel",6,IN,VA0211438,2107 A,47.60 x 9.62 x 216.06,M/CP,20°,A,A
, ,,EX,VE0211439,22107 E,45.50 x 9.63 x 223.71,A/M/ST/CP,45°,A,A
CUMMINS,Motor V352 (V6-140HP) V378 (V6-155HP) V470 (V8-185HP) V504 (V8-210HP) V555 '86 en adelante Diesel,6-8,IN - EX,VC0211250,22104 AE,40.78 x 9.62 x 141.40,A/M,30°,A,A
CUMMINS,Motor V352 (V6-140HP) V378 (V6-155HP) V470 (V8-185HP) V504 (V8-210HP) V555 hasta '86. Diesel,6-12,IN - EX,VC0211248,22004 AE,40.78 x 9.62 x 141.40,A/M,30°,E,A
CUMMINS,"Série B 5.9L: 6BTA - Turbo + aftercooler, 6BTAA - turbo + intercooler Diesel",4-6,IN,VA0210151,2078 A,44.98 x 7.97 x 129.05,M/CP,30°,A,A
, ,,EX,VE0210150,22078 E,42.03 x 7.96 x 128.96,A/CP,45°,A,A
CUMMINS,Serie K,6,IN,VA0211465,3041 A,"56,32 x 12,56 x 191,75",M/CP,30°00',E,E
,,,EX,VE0211466,23041 E,"56,39 x 12,56 x 191,64",AB/M/CP/ST,30°00',E,E
CUMMINS,Motor Serie C Electrónico,6,IN,VA0211427,22178 A,"38,00 x 7,97 x 137,75",A/M/CP,30°00',A,A
,,,EX,VE0211372,22178 E,38.03 x 7.97 x 137.73,A/M/CP,45°,A,A
DAEWOO,"Heaven, Espero 1500cc. Nafta",4,IN,VA0951151,5100 A,30.30 x 5.96 x 102.40,M/CP,45°,A,C
, ,,EX,VE0951263,25100 E,26.00 x 5.95 x 102.00,A/ST/CP,45°,A,C
DAEWOO,Lanos 1600cc. Nafta,4,IN,VA0951152,5101 A,38.00 x 7.00 x 103.53,M/CP,44°,A,C
, ,,EX,VE0951264,25101 E,31.00 x 6.99 x 103.54,A/M/CP,44°,A,C
DAEWOO,"Tico, Damas 800cc. Motor F8CV Nafta",3,IN,VA0950815,5102 A,35.60 x 5.48 x 110.40,M/CP,45°,A,C
, ,,EX,VE0951222,25102 E,31.80 x 5.45 x 110.25,AB/CP,45°,A,C
DAIHATSU,Charade 1000 GTTI 12v. Turbo Nafta,3,IN,VA2020846,1520 A,29.95 x 5.97 x 107.00,M/CP,45°,A,C
, ,,EX,VE2020847,21520 E,26.00 x 5.97 x 107.15,A/CP,45°,A,C
DAIHATSU,"Motor S40-843 cc., Charade 1000 CB20 (Mod.'80) Nafta",2-3,IN,VA2020844,1085 A,35.98 x 6.94 x 101.55,M,44°30',A,C
, ,,EX,VE2020845,21085 E,32.93 x 6.93 x 101.50,A,44°45',A,C
DE CARLO,700-700 SL Motor BMW (60/64) Nafta,2,IN,VA3221207,1012 A,36.40 x 6.95 x 86.50,M,45°,L,C
, ,,EX,VE3221208,1012 E,34.30 x 7.93 x 86.50,A/M,45°,M,A
DETROIT DIESEL,Motor Diesel 11.1l./12.7l. Serie 60 ,6,IN,VA0611265,2080 A,43.95 x 8.69 x 215.80,M,30°,A,A
, ,,EX,VE0611275,22080 E,39.53 x 8.69 x 215.80,A/M,30°,A,A
DETROIT DIESEL,Motor Diesel 149 (Turbo) ,12,EX,VE0611270,22034 E,45.63 x 9.46 x 184.70,A/M/ST,30°,E,A
DETROIT DIESEL,"Motor Diesel 2-53, 3-53, 4-53 (Asp. Normal) ",2-3-4,EX,VE0611273,22052 E,35.53 x 7.88 x 162.70,A/M,30°,E,A
DETROIT DIESEL,Motor Diesel 2-71N (Asp. Normal) ,2,IN - EX,VC0611268,22022 AE,40.33 x 8.69 x 163.80,A/M,30°,E,A
DETROIT DIESEL,"Motor Diesel 3-53N, 4-53N, 6V-53N, 8V-53N (Asp. Normal) ",3-4-6-8,IN - EX,VC0611266,22018 AE,27.66 x 6.31 x 140.95,A/M,30°,E,A
DETROIT DIESEL,"Motor Diesel 4/6-71N, 6/8/12/16V-71, 6/8/12/16V-71N (Asp. Normal) ",4-6-8-12-16,IN - EX,VC0611267,22019 AE,29.98 x 7.88 x 140.40,A/M,30°,E,A
DETROIT DIESEL,"Motor Diesel 4/6-71T, 6-71TA, 6-71TTA, 6/8/12/16V-71T (Turbo) ",4-6-8-12-16,IN - EX,VC0611118,22219 AE,29.98 x 7.88 x 140.40,A/M/ST,30°,E,A
DETROIT DIESEL,"Motor Diesel 4-53T, 6V-53T (Turbo) ",4-6,IN - EX,VC0611119,22218 AE,27.66 x 6.31 x 140.95,A/M/ST,30°,E,A
DETROIT DIESEL,"Motor Diesel 6/8V-92, 6/8V-92T, 6V-92TTA (Asp. Normal) ",6-8,EX,VE0611272,22036 E,34.98 x 7.88 x 140.30,A/M/ST,30°,E,E
DEUTZ,"Motor 1013 - BF4M 4760cc, 7150 cc. Diesel",4 - 6,IN,VA0501391,3004 A,48.00 x 8.97 x 139.00,M/CP/SH,30°,C,A
, ,,EX,VE0501392,23004 E,42.00 x 8.95 x 139.00,A/M/CP,45°,C,A
DEUTZ,Motor 1015 GNC,6,EX,VE0501370,23005 E,42.00 x 7.96 x 133.00,AB/M/CP,29°40',C,A
DEUTZ,Motor 1015 BF6M/BF8M Turbo Intercooler Diesel,6-8,IN,VA0501051,23006 A,46.00 x 7.97 x 132.90,A/M/CP,30°,C,A
, ,,EX,VE0501056,23006 E,42.00 x 7.96 x 132.90,A/M/ST/CP,45°,C,A
DEUTZ,"Motor 413 F8L, Magiruz, 200-D16/D19/D24, 200RS12, 210EV120, 5020 Diesel",8,IN,VA0500620,2028 A,53.68 x 9.93 x 165.00,M/SH,45°,A,A
, ,,IN,VA0500620+08,2028 A+08,53.68 x 9.93 x 165.00,M/SH,45°,A,A
, ,,EX,VE0500621,22028 E,46.68 x 9.91 x 165.25,A/CP,44°30',A,A
, ,,EX,VE0500621+08,22028 E+08,46.68 x 9.91 x 165.25,A/CP,44°30',A,A
DEUTZ,Motor 413 N/F GF8L/10L/12L - GNC,8-10-12,IN,VA0500622,22299 A,53.58 x 9.93 x 165.70,A/M/ST/CP,30°,D,A
, ,,EX,VE0500623,22299 E,46.58 x 9.91 x 165.25,AB/M/CP,29°30',D,A
DEUTZ,Motor 413 V8 - GNC ,8,IN,VA0501050,22099 A,53.70 x 9.94 x 165.00,A/M/CP,45°,A,A
, ,,EX,VE0501055,22099 E,46.70 x 9.92 x 165.30,A/M/ST/CP,44°30',A,A
DEUTZ,Motor 912 D F2/3/4/5/6L Diesel,3-4-5-6,IN,VA0500643,3035 A,43.08 x 7.95 x 132.95,MN/SH,44°40',A,A
, ,,EX,VE0500625,23035 E,37.08 x 7.93 x 132.95,A/CP,44°40',A,A
DEUTZ,Motor 912 W F2/3/4/5/6L Diesel,2-3-4-5-6,IN,VA0501052,23035 A,43.00 x 7.95 x 133.00,A,44°40',A,A
, ,,EX,VE0500625,23035 E,37.08 x 7.93 x 132.95,A/CP,44°40',A,A
DEUTZ,"Motor 913 C/E, GF3/4/5/6L, GBF6L - GNC ",3-4-5-6,IN,VA0500634,23336 A,42.98 x 7.95 x 132.95,A/M/CP,29°40',C,A
, ,,EX,VE0500635,23336 E,36.98 x 7.93 x 132.95,AB/M/CP,29°40',C,A
DEUTZ,"Motor 913 C/V BF6L (Ecologico), E/V/T BF4L/6L Diesel",3-4-5-6,IN,VA0500634,23336 A,42.98 x 7.95 x 132.95,A/M/CP,29°40',C,A
, ,,IN,VA0500634+04,23336 A+04,42.98 x 7.95 x 132.95,A/M/CP,29°40',C,A
, ,,IN,VA0500634+08,23336 A+08,42.98 x 7.95 x 132.95,A/M/CP,29°40',C,A
, ,,EX,VE0500632,23136 E,36.98 x 7.93 x 132.95,AB/M/CP,44°40',C,A
, ,,EX,VE0500632+04,23136 E+04,36.98 x 7.93 x 132.95,AB/M/CP,44°40',C,A
, ,,EX,VE0500632+08,23136 E+08,36.98 x 7.93 x 132.95,AB/M/CP,44°40',C,A
DEUTZ,"Motor 913 C/V BF6L, F3/4/5/6L Turbo Diesel",3-4-5-6,IN,VA0500633,23236 A,42.98 x 7.95 x 132.95,A/M/CP,44°40',C,A
, ,,EX,VE0500632,23136 E,36.98 x 7.93 x 132.95,AB/M/CP,44°40',C,A
DEUTZ,"Motor 913 E/T F3/4/5/6L, 912 W F3/4/5/6L Asp. Normal Diesel",3-4-5-6,IN,VA0500644,3135 A,42.98 x 7.95 x 132.95,MN/SH,44°40',C,A
, ,,IN,VA0500644+08,3135 A+08,42.98 x 7.95 x 132.95,MN/SH,44°40',C,A
, ,,EX,VE0500630,23135 E,36.98 x 7.93 x 132.95,A/M/CP,44°40',C,A
, ,,EX,VE0500630+08,23135 E+08,36.98 x 7.93 x 132.95,A/M/CP,44°40',C,A
DEUTZ,"Motor 913 E/V/T BF4/6L, BGF/GBF 6L (Diesel / GNC) ",3-4-5-6,IN,VA0500631,23136 A,42.98 x 7.95 x 132.95,A/M/CP,29°40',A,A
, ,,IN,VA0500631+04,23136 A+04,42.98 x 7.95 x 132.95,A/M/CP,29°40',A,A
, ,,IN,VA0500631+08,23136 A+08,42.98 x 7.95 x 132.95,A/M/CP,29°40',A,A
, ,,EX,VE0500627,23036 E,37.08 x 7.93 x 132.95,AB/CP,44°40',A,A
, ,,EX,VE0500627+04,23036 E+04,37.08 x 7.93 x 132.95,AB/CP,44°40',A,A
, ,,EX,VE0500627+08,23036 E+08,37.08 x 7.93 x 132.95,AB/CP,44°40',A,A
DEUTZ,"Motor 913 E/V/T F3/4/5/6L, BF4/6L, GF3/4/5/6L (Diesel / GNC) ",3-4-5-6,IN,VA0500643,3035 A,43.08 x 7.95 x 132.95,MN/SH,44°40',A,A
, ,,IN,VA0500643+04,3035 A+04,43.08 x 7.95 x 132.95,MN/SH,44°40',A,A
, ,,IN,VA0500643+08,3035 A+08,43.08 x 7.95 x 132.95,MN/SH,44°40',A,A
, ,,EX,VE0500625,23035 E,37.08 x 7.93 x 132.95,A/CP,44°40',A,A
, ,,EX,VE0500625+04,23035 E+04,37.08 x 7.93 x 132.95,A/CP,44°40',A,A
, ,,EX,VE0500625+08,23035 E+08,37.08 x 7.93 x 132.95,A/CP,44°40',A,A
DEUTZ,"Motor 913 E/V/T F3/4/5/6L, BF4L, GF3/4/5/6L, BGF6L (Diesel / GNC) ",3-4-5-6,IN,VA0500626,23036 A,43.08 x 7.95 x 132.95,A/CP,44°40',A,A
, ,,IN,VA0500626+04,23036 A+04,43.08 x 7.95 x 132.95,A/CP,44°40',A,A
, ,,IN,VA0500626+08,23036 A+08,43.08 x 7.95 x 132.95,A/CP,44°40',A,A
, ,,EX,VE0500627,23036 E,37.08 x 7.93 x 132.95,AB/CP,44°40',A,A
, ,,EX,VE0500627+04,23036 E+04,37.08 x 7.93 x 132.95,AB/CP,44°40',A,A
, ,,EX,VE0500627+08,23036 E+08,37.08 x 7.93 x 132.95,AB/CP,44°40',A,A
DEUTZ,"Motor 913 E/V/T F6L, BF4/6L Diesel",3-4-5-6,IN,VA0500631,23136 A,42.98 x 7.95 x 132.95,A/M/CP,29°40',A,A
, ,,IN,VA0500631+08,23136 A+08,42.98 x 7.95 x 132.95,A/M/CP,29°40',A,A
, ,,EX,VE0500625,23035 E,37.08 x 7.93 x 132.95,A/CP,44°40',A,A
, ,,EX,VE0500625+08,23035 E+08,37.08 x 7.93 x 132.95,A/CP,44°40',A,A
DEUTZ,Motor 913 FAHR F6L-BF6L (Turbo) Diesel,6,IN,VA0500629,23037 A,43.08 x 7.95 x 132.95,A/ST/CP,44°40',A,A
, ,,IN,VA0500629+04,23037 A+04,43.08 x 7.95 x 132.95,A/ST/CP,44°40',A,A
, ,,IN,VA0500629+08,23037 A+08,43.08 x 7.95 x 132.95,A/ST/CP,44°40',A,A
, ,,EX,VE0500627,23036 E,37.08 x 7.93 x 132.95,AB/CP,44°40',A,A
, ,,EX,VE0500627+04,23036 E+04,37.08 x 7.93 x 132.95,AB/CP,44°40',A,A
, ,,EX,VE0500627+08,23036 E+08,37.08 x 7.93 x 132.95,AB/CP,44°40',A,A
DEUTZ,"Motor 913T F3/4/5/6, L/BF6L (Estacionarios, grupos electrógenos y tractor) Diesel",3-4-5-6,IN,VA0500619,3023 A,45.00 x 7.95 x 133.00,M/SH,44°40',C,A
, ,,EX,VE0500632,23136 E,36.98 x 7.93 x 132.95,AB/M/CP,44°40',C,A
DEUTZ,"Motor FL-1114-2114, Tractor A46, A65, A85, A130, Omnibus 150L12 Diesel",2-3-4-6,IN,VA0500642,3034 A,50.58 x 9.93 x 169.95,M/SH,45°,A,A
, ,,IN,VA0500642+08,3034 A+08,50.58 x 9.93 x 169.95,M/SH,45°,A,A
, ,,EX,VE0500624,23034 E,44.58 x 9.86 x 169.95,A/CP,45°,A,A
, ,,EX,VE0500624+08,23034 E+08,44.58 x 9.86 x 169.95,A/CP,45°,A,A
DEUTZ,"Motor FL-514, 613, 614, 714, Tractor 75R-Tope Largo - Enfriado a aire Diesel",1-2-3-4-6-8,IN,VA0500638,3010 A,44.98 x 11.87 x 169.95,A/M,45°,O,A
, ,,EX,VE0500639,3010 E,41.98 x 11.87 x 169.95,A/M,45°,O,A
DEUTZ,"Motor FL-514, 613, 614, 714, Tractor 84R-Tope Corto - Enfriado a aire Diesel",1-2-3-4-6-8,IN,VA0500636,3009 A,44.98 x 11.87 x 169.95,M,45°,O,A
, ,,EX,VE0500637,3009 E,41.98 x 11.87 x 169.95,M,45°,O,A
DEUTZ,"Motor FL-514, 614, 712, 714, 812-Tractor A30, A40, A45, A55, A70, A110 Magiruz 3000, 3500, 6500 Diesel",1-2-3-4-6-8,IN,VA0500640,3011 A,44.78 x 9.89 x 169.95,M,45°,A,A
, ,,IN,VA0500640+08,3011 A+08,44.78 x 9.89 x 169.95,M,45°,A,A
, ,,EX,VE0500641,3011 E,41.78 x 9.89 x 169.95,M,45°,A,A
, ,,EX,VE0500641+08,3011 E+08,41.78 x 9.89 x 169.95,M,45°,A,A
DEUTZ,"Motor T/C/D 2,9l.",4,IN,VA0501692,23424 A,"41,50 x 7,97 x 112,20",A/M/CP,44°35',C,A
DEUTZ,"TD 3,6 L04",4,IN,VA0501619,23410 A,"42,00 x 7,97 x 116,27",A/M/CP,29°30,C,A
,,,EX,VE0501620,23410 E,"35,00 x 7,95 x 116,28",A/M/CP,44°30',C,E
DEUTZ,"TCD 2,9l. L4",4,IN,VA0501652,23414 A,"41,50 x 7,97 x 112,40",A/M/CP,29°35',C,A
,,,EX,VE0501653,23414 E,"35,40 x 7,95 x 112,19",A/M/CP,44°30',C,A
DI TELLA,1500 (60/66) - Pick Up Argenta Nafta,4,IN,VA3230877,1013 A,35.20 x 8.70 x 110.00,M,44°20',L,A
, ,,IN,VA3230877+1,1013 A+1,36.20 x 8.70 x 110.00,M,44°20',L,A
, ,,EX,VE3230878,21013 E,30.28 x 8.68 x 108.95,A,44°20',L,C
, ,,EX,VE3230878+1,21013 E+1,31.28 x 8.68 x 108.95,A,44°20',L,C
DI TELLA,"Magnette Morris MG1650, Motor 1489cc. (65/67) Nafta",4,IN,VA3231209,1062 A,38.00 x 8.70 x 110.80,M,44°15',L,C
, ,,EX,VE3230879,21062 E,32.40 x 8.69 x 109.60,A,44°30',L,C
FIAT,1100 ( 58/63 ) Nafta,4,IN,VA0250469,1018 A,32.18 x 7.98 x 105.65,M,45°,E,A
, ,,EX,VE0250470,1018 E,30.18 x 7.98 x 105.65,M,45°,E,A
FIAT,"125 Berlina, Familiar, Multicarga Nafta",4,IN,VA0250463,1068 AGNC,41.40 x 7.98 x 106.40,M/CP,44°30',A,C
, ,,EX,VE0250494,21068 E,36.18 x 7.98 x 105.65,A/CP,44°30',A,A
FIAT,"125 Berlina, Familiar, Multicarga - GNC",4,IN,VA0250463,1068 AGNC,41.40 x 7.98 x 106.40,M/CP,44°30',A,C
, ,,EX,VE0250464,21068 EGNC,36.18 x 7.98 x 105.65,A/ST/CP,44°30',A,A
FIAT,125 Potenciado Nafta,4,IN,VA0250495,21077 A,42.40 x 7.98 x 106.30,A/CP,44°30',A,C
, ,,EX,VE0250494,21068 E,36.18 x 7.98 x 105.65,A/CP,44°30',A,A
FIAT,"127,147, Spazio, Vivace, Uno, Duna, Premio, Elba, Fiorino (1100-1300) - Nafta/GNC ",4,IN,VA0250060,1066 AGNC,36.00 x 7.98 x 108.50,M/CP,45°30',A,A
, ,,EX,VE0250059,21089 EGNC,33.13 x 7.98 x 108.95,A/CP/ST,44°30',A,A
FIAT,"128, 147, Spazio, Vivace, Uno, Duna, Fiorino (1100-1300) Nafta",4,IN,VA0250060,1066 AGNC,36.00 x 7.98 x 108.50,M/CP,45°30',A,A
,,,EX,VE0250493,21066 E,30.98 x 7.98 x 108.95 ,A/CP,44°30',A,A
FIAT,"128, 147, Spazio, Vivace, Uno, Duna, Fiorino (1100-1300) - Nafta / GNC ",4,IN,VA0250060,1066 AGNC,36.00 x 7.98 x 108.50,M/CP,45°30',A,A
, ,,EX,VE0250053,21266 EGNC,31.00 x 7.98 x 109.00,A/ST/CP,44°30',A,A
FIAT,"128, Motor 1500cc. Nafta",4,IN,VA0250060,1066 AGNC,36.00 x 7.98 x 108.50,M/CP,45°30',A,A
, ,,EX,VE0250496,21089 E,33.13 x 7.98 x 108.95,A/CP,44°30',A,A
FIAT,"133, 147 Motor 930cc. (1 ranura) Nafta",4,IN,VA0250477,1076 A,29.08 x 6.99 x 95.20,M/CP,44°30',A,C
, ,,EX,VE0250478,21076 E,26.08 x 6.99 x 95.70,A/CP,44°30',A,A
FIAT,"133, 147 Motor 930cc. (3 ranuras) Nafta",4,IN,VA0250477,1076 A,29.08 x 6.99 x 95.20,M/CP,44°30',A,C
, ,,EX,VE0250502,21176 E,26.18 x 6.99 x 95.25,A/CP,44°30',C,A
FIAT,"147, Duna, Fiorino Diesel (1100-1300) Motor 127 A5.000 ",4,IN,VA0250506,21706 A,33.98 x 7.98 x 111.95,A/CP,44°30',A,C
, ,,EX,VE0250507,21706 E,28.98 x 7.98 x 111.95,A/CP,44°30',A,C
FIAT,"147, Uno, Premio, Elba, Mille, Brio Motor 1000-1050-1300-1500cc. Nafta",4,IN,VA0250002,6001 A,34.03 x 7.97 x 110.15,M/CP,44°30',A,A
, ,,EX,VE0250001,26001 E,28.98 x 7.98 x 110.60,A/M/CP,44°30',A,A
FIAT,"147, Uno, Spazio, Vivace, Duna Motor Tipo 1400-1600cc. 1378N, Duna, Duna Weekend 1.5 (Nafta / GNC) ",4,IN,VA0250465,1666 AGNC,37.50 x 7.98 x 108.50,M/CP,44°30',A,A
, ,,EX,VE0250053,21266 EGNC,31.00 x 7.98 x 109.00,A/ST/CP,44°30',A,A
FIAT,"1500 Coupe (63/69), 1600 Berlina Sport (69/72) Nafta",4,IN,VA0250475,1067 A,34.98 x 7.99 x 110.05,M,44°45',T,A
, ,,EX,VE0250476,21067 E,31.68 x 7.98 x 104.65,A,44°30',T,A
FIAT,"1500, Berlina, Familiar, Multicarga (63/69) Nafta",4,IN,VA0250471,1042 A,34.18 x 7.99 x 110.65,M,44°30',T,A
, ,,EX,VE0250472,21042 E,31.18 x 7.99 x 105.95,A,44°30',T,A
FIAT,600 (55/62) Nafta,4,IN,VA0250973,1016 A,24.30 x 6.99 x 92.30,M,45°,E,A
, ,,EX,VE0250992,21016 E,22.20 x 6.99 x 92.70,A,45°,E,A
FIAT,600D - 600E - 600S - 750(62/78) Nafta,4,IN,VA0250467,1017 A,25.68 x 6.99 x 92.25,M,44°30',E,A
, ,,EX,VE0250468,21017 E,23.68 x 6.99 x 92.25,A,44°30',E,A
FIAT,"800 Coupe, Spider (67/70) Nafta",4,IN,VA0250473,1056 A,27.18 x 6.99 x 92.35,M,45°,E,A
, ,,EX,VE0250474,21056 E,25.18 x 6.99 x 92.45,A,45°,E,A
FIAT,"Brava, Bravo, Marea 2000cc. 20v. Nafta",5,IN,VA0250160,1264 A,30.00 x 6.98 x 113.15,A/M/CP,45°30',D,A
, ,,EX,VE0250161,21264 E,26.10 x 6.97 x 108.58,A/CP/M/ST,45°30',D,A
FIAT,"Brava, Marea 1400cc. 12v. Nafta",4,IN,VA0250481,1265 A,30.30 x 6.98 x 110.60,M/CP,44°52',A,A
, ,,EX,VE0250482,21265 E,35.50 x 6.99 x 110.40,A/M/CP,44°52',A,A
FIAT,"Bravo, Palio, Siena, Marea Motor 1580cc. 16v. Inyección (Nafta / GNC) ",4,IN,VA0250165,1163 AGNC,30.40 x 6.99 x 102.50,M/CP,44°30',A,C
, ,,EX,VE0250164,21163 EGNC,29.90 x 6.99 x 102.35,A/CP/ST,45°30',A,C
FIAT,"Duna, Uno, Fiorino, 1.3 MPI - Nuevo Palio 1.3 MPI 8v. Nafta",4,IN,VA0250018,1162 A,36.45 x 7.98 x 110.20,M/CP,45°,A,A
, ,,EX,VE0250995,21262 E,30.97 x 7.99 x 110.75,A/ST/CP,45°,A,A
FIAT,"Duna,Uno 1400cc.-Uno 1600cc.-Tipo,Duna,Uno,Fiorino,Palio,Siena 1700cc.-Bravo,Ducato,Regata,Tempra 1900cc. Diesel ",4,IN,VA0250500,21167 A,37.40 x 7.97 x 116.70,A/CP,44°30',A,A
, ,,EX,VE0250501,21167 E,33.50 x 7.97 x 116.65,A/ST/CP,44°30',A,A
FIAT,"Fire 1300cc 16v - Palio , Siena , Strada , Dobló (2000->)  Nafta",4,IN,VA0251433,6103 A,27.00 x 5.99 x 95.35,M/CP,45°,C,C
, ,,EX,VE0251434,26103 E,22.40 x 5.98 x 94.64,A/M/CP,45°,C,A
FIAT,"Fire 1400cc Flex- Palio, Idea Nafta",4,IN,VA0250271,6004 A,33.18 x 4.99 x 98.20,M/CP,45°,C,C
, ,,EX,VE0251435,26104 E,28.00 x 4.98 x 98.81,A/M/CP,30°,C,C
FIAT,"Fire 16v. 1.0l. Palio - 1.3lts. 80CV Dobló, Dobló Cargo - Nafta/GNC ",4,IN,VA0250166,6003 AGNC,26.90 x 5.99 x 95.20,M/CP/SH,44°30',C,C
, ,,EX,VE0250518,26003 EGNC,22.40 x 5.98 x 96.18,AB/M/ST/CP,45°,C,A
,,,EX,VE0250163,6003  EN,22.40 x 5.98 x 96.18,M/N,45°,C,A
FIAT,"Fire 8v. 65CV-Mille(Uno), Palio, Palio Nuevo, Siena 1.3lts. 67CV, Palio Weekend, Siena, Uno Furgon, Fiorino Furgon, Picape Strada - Nafta/GNC",4,IN,VA0250162,6002 AGNC,31.40 x 6.99 x 97.00,M/CP/SH,44°30',A,C
, ,,EX,VE0250167,26002 EGNC,27.35 x 6.99 x 97.20,A/ST/CP,44°30',A,A
FIAT,"Marea, Brava, Bravo Motor 182TD 1900cc.- Marea Motor 185TD 2400 cc. Turbo Diesel ",4-5,IN,VA0250503,21267 A,37.45 x 7.98 x 114.20,A/M/ST/CP,44°30',C,A
, ,,EX,VE0250504,21267 E,31.05 x 7.98 x 114.10,A/M/ST/CP,44°30',C,A
FIAT,"Marea, Brava, Bravo, Stilo 1800cc. 16v. Motor Alfa AR67203 - Marea, Stilo 2400cc. Nafta",4,IN,VA0250168,1144 A,33.55 x 6.98 x 113.36,CP/M,45°30',C,A
, ,,EX,VE0250169,21144 E,28.10 x 6.96 x 108.49,A/M/CP,45°30',C,A
FIAT,"Motor 1600cc. - Todos - Uno, Premio, Palio, Siena, Duna, Elba, Fiorino, Regatta,  Tipo 1.6 IE/MPI Nafta/GNC",4,IN,VA0250054,1667 AGNC,39.50 x 7.98 x 108.50,CP/M,44°30',A,A
, ,,EX,VE0250053,21266 EGNC,31.00 x 7.98 x 109.00,A/CP/ST,44°30',A,A
FIAT,"Palio 1000/1500cc., Palio Weekend, Pick Up Trekking, Working 1500cc. Nafta",4,IN,VA0250018,1162 A,36.45 x 7.98 x 110.20,M/CP,45°,A,A
, ,,EX,VE0250019,21162 E,29.40 x 7.98 x 110.60,A/M/CP,44°30',A,A
FIAT,"Palio, Siena, Tempra Motor DS-TDS 1900cc. Turbo Diesel ",4,IN,VA0250498,21164 A,37.40 x 7.98 x 116.43,A/ST/CP,44°30',A,A
, ,,EX,VE0250499,21164 E,33.40 x 7.98 x 116.55,A/ST/CP,44°30',A,A
FIAT,"Fire Flex 8v. - Idea, Palio, Siena Fase II - Punto, Siena Fase III 1400cc. Nafta",4,IN,VA0250271,6004 A,33.18 x 4.99 x 98.12,M/CP,44°45',C,C
, ,,EX,VE0250272,26004 E,27.30 x 4.98 x 98.77,A/M/CP,44°45',C,C
FIAT,Regatta 1600 - 2000cc. Nafta,4,IN,VA0250159,1166 A,43.50 x 7.98 x 105.52,A/CP,45°30',A,C
, ,,EX,VE0250480,21166 E,36.13 x 7.98 x 105.60,A/ST/CP,45°30',A,A
FIAT,"Tempra , Regatta, Tipo 2.0 8v/ IE S.W Nafta",4,IN,VA0250159,1166 A,43.50 x 7.98 x 105.52,A/CP,45°30',A,C
, ,,EX,VE0250158,21165 E,36.15 x 7.98 x 105.95,A/CP/M,45°30',A,A
FIAT,"Tempra, Tipo Motor 2000cc. 16 v. Nafta ",4,IN,VA0250052,21153 AGNC,34.50 x 7.00 x 127.93,A/M/ST/CP,45°30',A,A
, ,,EX,VE0250497,21153 E,28.38 x 7.00 x 125.55,A/CP,44°30',A,A
FIAT,"Tempra, Tipo Motor 2000cc. 16 v. - GNC ",4,IN,VA0250052,21153 AGNC,34.50 x 7.00 x 127.93,A/M/ST/CP,45°30',A,A
, ,,EX,VE0250051,21153 EGNC,28.38 x 6.98 x 125.55,A/ST/CP,44°30',A,A
FIAT,"Uno, Duna, 147 1050-1300cc. (79/87) Nafta",4,IN,VA0250979,6502 A,36.48 x 7.98 x 110.20,A/M/CP,44°30',A,A
, ,,EX,VE0250001,26001 E,28.98 x 7.98 x 110.60,A/CP,44°30',A,A
FIAT,Tractor 450R (65/69) Diesel,4,IN,VA0250531,3025 A,34.18 x 7.93 x 171.15,M,45°,L,D
, ,,EX,VE0250532,3025 E,31.18 x 7.93 x 171.15,M,45°,L,A
FIAT,"Tractor 55R, 55L(55/62) (3014-E = 3013-A) Diesel",4,EX,VE0250521,3013 E,41.38 x 10.98 x 159.55,M,45°,E,A
, ,,EX,VE0250523,3014 E,45.38 x 10.98 x 160.45,M,45°,E,A
FIAT,Tractor 60R Diesel (55/62) ,4,IN,VA0250522,3014 A,51.48 x 10.98 x 160.45,M,45°,E,A
, ,,IN,VA0250522+08,3014 A+08,51.48 x 10.98 x 160.45,M,45°,E,A
, ,,EX,VE0250523,3014 E,45.38 x 10.98 x 160.45,M,45°,E,A
, ,,EX,VE0250523+08,3014 E+08,45.38 x 10.98 x 160.45,M,45°,E,A
FIAT,"Tractor 650,700,615,615 DT S-U (67/71) Diesel",4,IN,VA0250533,3026 A,41.18 x 7.93 x 170.95,M,45°,E,D
, ,,EX,VE0250534,3026 E,36.18 x 7.93 x 170.95,M,45°,E,A
FIAT,"Tractor 700E,800, Motor CO3 (71/76) Diesel",4,IN,VA0250536,3031 A,48.38 x 7.95 x 137.60,M,44°45',A,D
, ,,IN,VA0250536+08,3031 A+08,48.38 x 7.95 x 137.60,M,44°45',A,D
, ,,EX,VE0250517,23031 E,40.88 x 7.95 x 137.60,A,44°45',A,A
, ,,EX,VE0250517+08,23031 E+08,40.88 x 7.95 x 137.60,A,44°45',A,A
, ,,EX,VE0250537,3031 E,40.88 x 7.95 x 137.60,M,44°45',A,A
, ,,EX,VE0250537+08,3031 E+08,40.88 x 7.95 x 137.60,M,44°45',A,A
FIAT,"Tractor 780,880,980,1180,1380 Diesel",2-3-4-6,IN,VA0250526,3018 A,43.98 x 7.99 x 125.75,M,45°,A,D
, ,,EX,VE0250515,23018 E,36.83 x 7.99 x 125.55,A,45°,A,A
FIAT,"Tractor 780R, 780 (62/71) Diesel",4,IN,VA0250524,3015 A,51.18 x 10.99 x 160.15,M,44°45',A,A
, ,,IN,VA0250524+08,3015 A+08,51.18 x 10.99 x 160.15,M,44°45',A,A
, ,,EX,VE0250525,3015 E,45.18 x 10.99 x 160.15,M,44°45',A,A
, ,,EX,VE0250525+08,3015 E+08,45.18 x 10.99 x 160.15,M,44°45',A,A
FIAT,Tractor Someca DA50 Motor OM-35/40 (52/54) Diesel,4,IN,VA0250529,3022 A,34.28 x 7.93 x 152.95,M,44°30',L,D
, ,,EX,VE0250530,3022 E,34.28 x 7.93 x 152.95,M,44°30',L,A
FIAT,"Tractor Someca M45, M50, Supersom 55 (59/68) Diesel",4,IN,VA0250527,3021 A,38.28 x 7.93 x 171.15,M,44°45',L,D
, ,,EX,VE0250528,3021 E,34.28 x 7.93 x 171.15,M,44°45',L,A
FIAT,"Tractor U25, 211R, 411R(57/66) Diesel",2-4,IN,VA0250519,3012 A,39.98 x 8.98 x 131.15,M,45°,N,A
, ,,EX,VE0250520,3012 E,34.68 x 8.98 x 130.95,M,45°,N,A
FIAT,"Tractor Viñatero 400 S-V-U, Motor CN3 500 Super, 900, 1100 Motor CP3 (69/76) Diesel",3-4-6,IN,VA0250538,3032 A,42.88 x 7.95 x 137.70,M,44°45',A,D
, ,,IN,VA0250538+08,3032 A+08,42.88 x 7.95 x 137.70,M,44°45',A,D
, ,,EX,VE0250535,3029 E,36.48 x 7.95 x 137.75,M,44°45',A,A
, ,,EX,VE0250535+08,3029 E+08,36.48 x 7.95 x 137.75,M,44°45',A,A
FIAT,"Palio, Idea, Siena, Punto, Strada 1,6l. - Linea 1,8l. Motor e-TorQ  16v.",4,IN,VA0251610,6005 A,"30,77 x 5,94 x 109,52",M/CP,44°30',C,A
,,,EX,VE0251611,26005 E,"23,27 x 5,91 x 118,34",AB/M/N,44°30',C,A
FIAT,"
Palio R, ELX, HLX , Strada, Siena HLX MOTOR 1.8L 8V FLEX", 4,IN,VA0251614,6311 A,"37,96 x 5,96 x 101,63",M/CP/SH,44°30',C,C
,,,EX,VE0251615,26411 E,"31,05 x 5,93 x 101,56",A/M/N,44°30',C,C
FIAT,"
Palio ELX, HLX , Strada, Siena HLX MOTOR 1.8L 8V Nafta",4,IN,VA0140086,1311 AGNC,"38,00 x 7,00 x 101,50",CP/M,44°00',A,C
,,,EX,VE0140370,21311 EGNC,"31,00 x 7,00 x 101,50",A/ST/CP,44°,A,E
FIAT,Motor EVO 1.0L 8v Flex (2010->) - Novo Uno,4,IN,VA0251632,6006 A,"31,40 x 4,98 x 98,08",M/CP,44°30',C,C
,Motor EVO 1.4L 8v Flex (2010->) - Novo Uno,,IN,VA0251633,6106 A,"33,20 x 4,99 x 99,90",M/CP,44°30',C,C
,Motor EVO 1.0/1.4L 8v Flex (2010->) - Novo Uno,,EX,VE0251476,26006 E,"28,00 x 4,99 x 100,46",A/M/CP,44°30',C,C
FORD,A - AA - B - BB (28/32) Nafta,4,IN - EX,VC0590684,1019 AE,39.28 x 7.89 x 145.95,M,45°,S,A
FORD,"Aerostar - Ranger Motor Truck 140/153 2,3l./2,5l. SOHC",4-6,IN,VA0591461,1274 A,44.07 x 6.98 x 121.60,M/CP,45°,C,C
, ,,EX,VE0591462,21274 E,"38,14 x 6.96 x 122.05",A/CP,45°,C,C
FORD,Baby (42/48) Nafta,4,IN - EX,VC0591092,1021 AE,28.80 x 6.32 x 111.00,M,44°45',S,A
FORD,"C1215, C1415, C1617 Motor Cummins 5.9l. Turbo Diesel",4-6,IN,VA0210151,2078 A,44.98 x 7.97 x 129.05,M/CP,30°,A,A
, ,,EX,VE0210150,22078 E,42.03 x 7.96 x 128.96,A/CP,45°,A,A
FORD,"C1422, C1622, C2422 Turbo-C3224, C3530 Turbo+Intercooler Motor Cummins 8.3l. Diesel",6,IN,VA0210153,2077 A,52.00 x 9.49 x 151.18,M/CP,30°,A,A
, ,,EX,VE0210152,22177 E,46.06 x 9.49 x 150.94,A/M/CP,45°,A,A
FORD,"CORCEL II , BELINA II , Motor 1.6L (hasta 1982) - Nafta",4,IN,VA0590094,6052 A,37.90 x 7.00 x 89.70,M,45°15',L,C
, ,,EX,VE0590722,26251 E,28.43 x 7.00 x 88.95,A,45°,L,C
FORD,"Corcel, Belina, Motores 1400 cc. (1982 en ad.) Alcohol, Nafta",4,IN,VA0590724,6251 A,32.28 x 6.97 x 89.55,M/CP,45°,L,C
, ,,EX,VE0590092,26051 E,28.40 x 7.00 x 89.40,A/M,45°,L,C
FORD,"Eco Sport, Fiesta Motor DV4TD 1.4l. Turbo Diesel ",4,IN,VA0441078,1420 A,32.80 x 5.48 x 97.46,M/CP,45°,C,C
, ,,EX,VE0441054,21420 E,30.28 x 5.47 x 97.52,A/M/ST/CP,45°,C,A
FORD,"Eco Sport, Fiesta Zetec Rocam 1400-1600 cc. Nafta",4,IN,VA0590174,1566 A,40.00 x 5.97 x 109.50,M/CP,45°30',C,C
, ,,EX,VE0590717,21566 E ,34.00 x 5.97 x 109.86,AB/M/CP,45°15',C,C
FORD,"Eco Sport, Fiesta Zetec Rocam 1400-1600 cc. - GNC ",4,IN,VA0590292,21566 AGNC,40.00 x 5.97 x 109.50,A/M/CP,45°,C,C
, ,,EX,VE0590175,21566 EGNC,34.00 x 5.96 x 109.86,A/CP/M/ST,45°15',C,C
FORD,"Eco Sport, Focus, Mondeo, Ranger Motor Duratec HE 2.0l.- Eco Sport, Fusion, Ranger 2.3l. 16v. Nafta",4,IN,VA0590255,1567 A,35.00 x 5.48 x 103.40,M/N,45°,E,C
, ,,EX,VE0590256,21567 E,30.00 x 5.48 x 104.60,A/N,45°,E,C
FORD,"Escort - GL, Ghia, Corcel II 1600-1800 cc. Motor Renault Carbur. Nafta",4,IN,VA0590044,1187 A,36.38 x 6.98 x 97.02,CP/M,45°,L,C
, ,,EX,VE0590708,21187 E,28.38 x 6.96 x 96.12,A/ST/CP,45°,L,A
FORD,"Escort Inglés/México, Capri GT 1600cc. 50KW Nafta",4,IN,VA0591079,1130 A,39.60 x 7.87 x 110.90,M,44°30',C,C
, ,,IN,"VA0591079 0,381",1130 A4,39.60 x 8.25 x 110.90,M,44°30',C,C
, ,,EX,VE0591102,21130 E,33.93 x 7.88 x 110.90,A/M/CP,44°30',C,A
, ,,EX,"VE0591102 0,381",21130 E4,33.93 x 8.26 x 110.90,A/M/CP,44°30',C,A
FORD,Escort Motor CHT 1300-1600 cc. Nafta,4,IN,VA0590043,6069 AGNC,32.40 x 6.97 x 96.50,CP/M,45°,L,C
, ,,EX,VE0590042,26069 E,28.40 x 6.97 x 96.20,A/ST/CP,44°52',L,C
FORD,Escort Motor CHT 1300-1600 cc. - GNC ,4,IN,VA0590043,6069 AGNC,32.40 x 6.97 x 96.50,CP/M,45°,L,C
, ,,EX,VE0590721,26069 EGNC,28.40 x 6.97 x 96.20,A/ST/CP,44°52',L,C
FORD,"Escort, Fiesta, Mondeo Zetec E 1.6i 16v. (3 ranuras) - Nafta",4,IN,VA0590677,1238 AGNC,25.98 x 6.03 x 97.00,M/CP/SH,45°,C,C
, ,,EX,VE0590712,21238 E,24.45 x 6.01 x 96.50,A/M/CP,44°30',C,C
FORD,"Escort, Fiesta, Mondeo Zetec E 1.6i 16v. (3 ranuras) - GNC ",4,IN,VA0590677,1238 AGNC,25.98 x 6.03 x 97.00,M/CP/SH,45°,C,C
, ,,EX,VE0590713,21238 EGNC,24.45 x 6.01 x 96.50,A/M/ST/CP,44°30',C,C
FORD,"Escort, Fiesta, Orion 1400cc. Nafta",4,IN,VA0590697,1186 A,40.00 x 8.03 x 136.50,M/CP/SH,44°30',C,C
, ,,EX,VE0590707,21186 E,34.00 x 8.01 x 133.20,A/M/CP,44°30',C,C
FORD,"Escort, Galaxy 1600-1800-2000 cc. - Motor Carburado - Motor UQ Nafta",4,IN,VA0590067,1134 AGNC,39.95 x 7.96 x 98.70,M/SH,45°15',C,E
, ,,EX,VE0590703,21104 E,33.18 x 7.93 x 98.45,A/M,44°50',C,A
FORD,"Escort, Galaxy 1600-1800-2000 cc. - Motor Carburado - Motor UQ - GNC ",4,IN,VA0590067,1134 AGNC,39.95 x 7.96 x 98.70,M/SH,45°15',C,E
, ,,EX,VE0700016,21104 EGNC,33.18 x 7.93 x 98.45,A/M/ST,44°50',C,A
FORD,"Explorer, Ranger Motor 244 EFI 4.0l. V6 Nafta",6,IN,VA0591081,1568 A,43.50 x 8.03 x 104.00,M/CP,44°30',F,C
, ,,EX,VE0590276,21568 E,34.56 x 8.01 x 104.13,A/M/CP,44°30',C,C
FORD,"F100, F250, F350, F500, F600, Motores 215-239-272-292 (60/69) - GNC ",6-8,IN,VA0590679,2007 AGNC,42.20 x 8.69 x 129.50,M,44°30',F,E
, ,,IN,"VA0590679 0,076",2007 AGNC1,42.20 x 8.77 x 129.50,M,44°30',F,E
, ,,IN,"VA0590679 0,127",2007 AGNC2,42.20 x 8.82 x 129.50,M,44°30',F,E
, ,,IN,"VA0590679 0,254",2007 AGNC3,42.20 x 8.94 x 129.50,M,44°30',F,E
, ,,IN,"VA0590679 0,381",2007 AGNC4,42.20 x 9.07 x 129.50,M,44°30',F,E
, ,,IN,"VA0590679 0,508",2007 AGNC5,42.20 x 9.20 x 129.50,M,44°30',F,E
, ,,IN,"VA0590679 0,762",2007 AGNC6,42.20 x 9.45 x 129.50,M,44°30',F,E
, ,,EX,VE0590683,22006 EGNC,38.60 x 8.68 x 129.40,A,45°,F,C
, ,,EX,"VE0590683 0,076",22006 EGNC1,38.60 x 8.76 x 129.40,A,45°,F,C
, ,,EX,"VE0590683 0,127",22006 EGNC2,38.60 x 8.81 x 129.40,A,45°,F,C
, ,,EX,"VE0590683 0,254",22006 EGNC3,38.60 x 8.93 x 129.40,A,45°,F,C
, ,,EX,"VE0590683 0,381",22006 EGNC4,38.60 x 9.06 x 129.40,A,45°,F,C
, ,,EX,"VE0590683 0,508",22006 EGNC5,38.60 x 9.19 x 129.40,A,45°,F,C
, ,,EX,"VE0590683 0,762",22006 EGNC6,38.60 x 9.44 x 129.40,A,45°,F,C
FORD,"F100, F250, F350, F600, Motores 272-292 Fase 2 (69 en ad.), Fairlane V8 - GNC",8,IN,VA0590680,2008 AGNC,45.35 x 8.69 x 129.00,M,44°30',F,C
, ,,IN,"VA0590680 0,076",2008 AGNC1,45.35 x 8.76 x 129.00,M,44°30',F,C
, ,,IN,"VA0590680 0,127",2008 AGNC2,45.35 x 8.81 x 129.00,M,44°30',F,C
, ,,IN,"VA0590680 0,254",2008 AGNC3,45.35 x 8.94 x 129.00,M,44°30',F,C
, ,,IN,"VA0590680 0,381",2008 AGNC4,45.35 x 9.07 x 129.00,M,44°30',F,C
, ,,IN,"VA0590680 0,508",2008 AGNC5,45.35 x 9.19 x 129.00,M,44°30',F,C
, ,,IN,"VA0590680 0,762",2008 AGNC6,45.35 x 9.45 x 129.00,M,44°30',F,C
, ,,EX,VE0590683,22006 EGNC,38.60 x 8.68 x 129.40,A,45°,F,C
, ,,EX,"VE0590683 0,076",22006 EGNC1,38.60 x 8.76 x 129.40,A,45°,F,C
, ,,EX,"VE0590683 0,127",22006 EGNC2,38.60 x 8.81 x 129.40,A,45°,F,C
, ,,EX,"VE0590683 0,254",22006 EGNC3,38.60 x 8.93 x 129.40,A,45°,F,C
, ,,EX,"VE0590683 0,381",22006 EGNC4,38.60 x 9.06 x 129.40,A,45°,F,C
, ,,EX,"VE0590683 0,508",22006 EGNC5,38.60 x 9.19 x 129.40,A,45°,F,C
, ,,EX,"VE0590683 0,762",22006 EGNC6,38.60 x 9.44 x 129.40,A,45°,F,C
FORD,"F100, F350, F500, F600, Motores 272-292 (56/59) GNC ",6-8,IN,VA0591085,2006 AGNC,45.50 x 8.69 x 129.70,M,45°,F,A
, ,,IN,"VA0591085 0,076",2006 AGNC1,45.50 x 8.77 x 129.70,M,45°,F,A
, ,,IN,"VA0591085 0,127",2006 AGNC2,45.50 x 8.81 x 129.70,M,45°,F,A
, ,,IN,"VA0591085 0,254",2006 AGNC3,45.50 x 8.94 x 129.70,M,45°,F,A
, ,,IN,"VA0591085 0,381",2006 AGNC4,45.50 x 9.07 x 129.70,M,45°,F,A
, ,,IN,"VA0591085 0,508",2006 AGNC5,45.50 x 9.20 x 129.70,M,45°,F,A
, ,,IN,"VA0591085 0,762",2006 AGNC6,45.50 x 9.45 x 129.70,M,45°,F,A
, ,,EX,VE0590683,22006 EGNC,38.60 x 8.68 x 129.40,A,45°,F,C
, ,,EX,"VE0590683 0,076",22006 EGNC1,38.60 x 8.76 x 129.40,A,45°,F,C
, ,,EX,"VE0590683 0,127",22006 EGNC2,38.60 x 8.81 x 129.40,A,45°,F,C
, ,,EX,"VE0590683 0,254",22006 EGNC3,38.60 x 8.93 x 129.40,A,45°,F,C
, ,,EX,"VE0590683 0,381",22006 EGNC4,38.60 x 9.06 x 129.40,A,45°,F,C
, ,,EX,"VE0590683 0,508",22006 EGNC5,38.60 x 9.19 x 129.40,A,45°,F,C
, ,,EX,"VE0590683 0,762",22006 EGNC6,38.60 x 9.44 x 129.40,A,45°,F,C
FORD,"F1000, F2000, F4000, F7000, F11000, F12000, F13000, F14000, F19000, F21000 Motor MWM D229 Diesel",3-4-6,IN,VA0130011,6151 A,40.98 x 8.96 x 116.95,CP/M,44°30',C,A
, ,,EX,VE0130010,6151 E,37.98 x 8.96 x 116.95,CP/M,44°45',C,A
FORD,"F700, F750 (hasta '68), F11000 (hasta '82) Motor Perkins 6-357 Diesel",4-6,IN,VA0570033,2015 A,46.89 x 9.47 x 132.40,M,45°,A,A
, ,,EX,VE0570034,22015 E,40.50 x 9.45 x 132.36,A/M,45°15',A,C
FORD,"F700, F750 (hasta '72), F11000, F12000, F13000 Motor Perkins 6-358 ID Diesel",6-8,IN,VA0570111,22031 A,45.22 x 9.47 x 139.45,A/CP,45°,A,A
, ,,EX,VE0570112,22031 E,38.88 x 9.46 x 139.75,A/ST/CP,45°,A,A
FORD,Falcon Futura (64/69) Motor 187 CI (62/70) Nafta  ,6,IN,VA0590689,1045 A,42.18 x 7.89 x 107.95,M,44°30',F,E
, ,,IN,"VA0590689 0,076",1045 A1,42.18 x 7.96 x 107.95,M,44°30',F,E
, ,,IN,"VA0590689 0,127",1045 A2,42.18 x 8.01 x 107.95,M,44°30',F,E
, ,,IN,"VA0590689 0,254",1045 A3,42.18 x 8.14 x 107.95,M,44°30',F,E
, ,,IN,"VA0590689 0,381",1045 A4,42.18 x 8.27 x 107.95,M,44°30',F,E
, ,,IN,"VA0590689 0,508",1045 A5,42.18 x 8.39 x 107.95,M,44°30',F,E
, ,,IN,"VA0590689 0,762",1045 A6,42.18 x 8.65 x 107.95,M,44°30',F,E
, ,,EX,VE0590690,21045 E,35.58 x 7.86 x 108.25,A,44°30',F,A
, ,,EX,"VE0590690 0,076",21045 E1,35.58 x 7.93 x 108.25,A,44°30',F,A
, ,,EX,"VE0590690 0,127",21045 E2,35.58 x 7.98 x 108.25,A,44°30',F,A
, ,,EX,"VE0590690 0,254",21045 E3,35.58 x 8.11 x 108.25,A,44°30',F,A
, ,,EX,"VE0590690 0,381",21045 E4,35.58 x 8.24 x 108.25,A,44°30',F,A
, ,,EX,"VE0590690 0,508",21045 E5,35.58 x 8.36 x 108.25,A,44°30',F,A
, ,,EX,"VE0590690 0,762",21045 E6,35.58 x 8.62 x 108.25,A,44°30',F,A
FORD,Falcon Motor 170 CI (60/69) Nafta  ,6,IN,VA0590685,1022 A,38.98 x 7.88 x 108.35,M,45°,F,A
, ,,IN,"VA0590685 0,076",1022 A1,38.98 x 7.95 x 108.35,M,45°,F,A
, ,,IN,"VA0590685 0,127",1022 A2,38.98 x 8.00 x 108.35,M,45°,F,A
, ,,IN,"VA0590685 0,254",1022 A3,38.98 x 8.13 x 108.35,M,45°,F,A
, ,,IN,"VA0590685 0,381",1022 A4,38.98 x 8.26 x 108.35,M,45°,F,A
, ,,IN,"VA0590685 0,508",1022 A5,38.98 x 8.38 x 108.35,M,45°,F,A
, ,,IN,"VA0590685 0,762",1022 A6,38.98 x 8.64 x 108.35,M,45°,F,A
, ,,EX,VE0590681,21022 E,32.18 x 7.87 x 108.35,A,45°,F,A
, ,,EX,"VE0590681 0,076",21022 E1,32.18 x 7.95 x 108.35,A,45°,F,A
, ,,EX,"VE0590681 0,127",21022 E2,32.18 x 8.00 x 108.35,A,45°,F,A
, ,,EX,"VE0590681 0,254",21022 E3,32.18 x 8.12 x 108.35,A,45°,F,A
, ,,EX,"VE0590681 0,381",21022 E4,32.18 x 8.25 x 108.35,A,45°,F,A
, ,,EX,"VE0590681 0,508",21022 E5,32.18 x 8.38 x 108.35,A,45°,F,A
, ,,EX,"VE0590681 0,762",21022 E6,32.18 x 8.63 x 108.35,A,45°,F,A
FORD,Falcon Sprint Motor 221 SP Nafta  ,6,IN,VA0590691,1046 A,42.08 x 7.88 x 108.80,M,29°22',F,E
, ,,IN,"VA0590691 0,076",1046 A1,42.08 x 7.95 x 108.80,M,29°22',F,E
, ,,IN,"VA0590691 0,127",1046 A2,42.08 x 8.01 x 108.80,M,29°22',F,E
, ,,IN,"VA0590691 0,254",1046 A3,42.08 x 8.13 x 108.80,M,29°22',F,E
, ,,IN,"VA0590691 0,381",1046 A4,42.08 x 8.26 x 108.80,M,29°22',F,E
, ,,IN,"VA0590691 0,762",1046 A6,42.08 x 8.64 x 108.80,M,29°22',F,E
, ,,EX,VE0590692,21046 E,35.58 x 7.86 x 108.80,A,44°30',F,A
, ,,EX,"VE0590692 0,076",21046 E1,35.58 x 7.93 x 108.80,A,44°30',F,A
, ,,EX,"VE0590692 0,127",21046 E2,35.58 x 7.98 x 108.80,A,44°30',F,A
, ,,EX,"VE0590692 0,254",21046 E3,35.58 x 8.11 x 108.80,A,44°30',F,A
, ,,EX,"VE0590692 0,381",21046 E4,35.58 x 8.24 x 108.80,A,44°30',F,A
, ,,EX,"VE0590692 0,762",21046 E6,35.58 x 8.62 x 108.80,A,44°30',F,A
FORD,"Falcon Std., Ghia, Pick Up F100 Econo Max (Nafta / GNC)",6,IN,VA0590668,1087 AGNC,41.91 x 7.88 x 108.18,M/CP,44°45',F,C
, ,,IN,"VA0590668 0,076",1087 AGNC1,41.91 x 7.96 x 108.18,M/CP,44°45',F,C
, ,,IN,"VA0590668 0,127",1087 AGNC2,41.91 x 8.01 x 108.18,M/CP,44°45',F,C
, ,,IN,"VA0590668 0,254",1087 AGNC3,41.91 x 8.14 x 108.18,M/CP,44°45',F,C
, ,,IN,"VA0590668 0,381",1087 AGNC4,41.91 x 8.26 x 108.18,M/CP,44°45',F,C
, ,,EX,VE0590669,21087 EGNC,37.30 x 7.86 x 108.15,A/CP,44°30',F,C
, ,,EX,"VE0590669 0,076",21087 EGNC1,37.30 x 7.94 x 108.15,A/CP,44°30',F,C
, ,,EX,"VE0590669 0,127",21087 EGNC2,37.30 x 7.99 x 108.15,A/CP,44°30',F,C
, ,,EX,"VE0590669 0,254",21087 EGNC3,37.30 x 8.12 x 108.15,A/CP,44°30',F,C
, ,,EX,"VE0590669 0,381",21087 EGNC4,37.30 x 8.24 x 108.15,A/CP,44°30',F,C
FORD,"Falcon, Fairlane, Pick Up F100 Motor 188-221 (69 en ad.) - Nafta / GNC ",6,IN,VA0590664,1064 AGNC,42.10 x 7.88 x 108.20,M,29°30',F,E
, ,,IN,"VA0590664 0,076",1064 AGNC1,42.10 x 7.96 x 108.20,M,29°30',F,E
, ,,IN,"VA0590664 0,127",1064 AGNC2,42.10 x 8.01 x 108.20,M,29°30',F,E
, ,,IN,"VA0590664 0,254",1064 AGNC3,42.10 x 8.14 x 108.20,M,29°30',F,E
, ,,IN,"VA0590664 0,381",1064 AGNC4,42.10 x 8.26 x 108.20,M,29°30',F,E
, ,,IN,"VA0590664 0,508",1064 AGNC5,42.10 x 8.39 x 108.20,M,29°30',F,E
, ,,IN,"VA0590664 0,762",1064 AGNC6,42.10 x 8.64 x 108.20,M,29°30',F,E
, ,,EX,VE0590665,21064 EGNC,35.60 x 7.86 x 108.20,A,44°30',F,C
, ,,EX,"VE0590665 0,076",21064 EGNC1,35.60 x 7.94 x 108.20,A,44°30',F,C
, ,,EX,"VE0590665 0,127",21064 EGNC2,35.60 x 7.99 x 108.20,A,44°30',F,C
, ,,EX,"VE0590665 0,254",21064 EGNC3,35.60 x 8.12 x 108.20,A,44°30',F,C
, ,,EX,"VE0590665 0,381",21064 EGNC4,35.60 x 8.24 x 108.20,A,44°30',F,C
, ,,EX,"VE0590665 0,508",21064 EGNC5,35.60 x 8.37 x 108.20,A,44°30',F,C
, ,,EX,"VE0590665 0,762",21064 EGNC6,35.60 x 8.63 x 108.20,A,44°30',F,C
FORD,Fiesta Zetec SE 1.4i. 16v. (3 ranuras) - Nafta,4,IN,VA0590179,1137 AGNC,28.10 x 5.96 x 97.35,M/CP/SH,45°30',C,C
, ,,EX,VE0590178,21137 E,24.15 x 5.96 x 99.40,A/M/CP,45°30',C,A
FORD,Fiesta Zetec SE 1.4i. 16v. (3 ranuras) - GNC,4,IN,VA0590179,1137 AGNC,28.10 x 5.96 x 97.35,M/CP/SH,45°30',C,C
, ,,EX,VE0590706,21137 EGNC,24.15 x 5.96 x 99.40,A/M/ST/CP,45°30',C,A
FORD,Fiesta Zetec SE 1400cc. 16v. (1 ranura) - Nafta,4,IN,VA0590676,1237 AGNC,27.95 x 5.97 x 97.40,M/CP/SH,44°30',A,C
, ,,EX,VE0590710,21237 E,24.00 x 5.95 x 99.40,A/CP,44°30',A,A
FORD,Fiesta Zetec SE 1400cc. 16v. (1 ranura) - GNC,4,IN,VA0590676,1237 AGNC,27.95 x 5.97 x 97.40,M/CP/SH,44°30',A,C
, ,,EX,VE0590711,21237 EGNC,24.00 x 5.95 x 99.40,A/ST/CP,44°30',A,C
FORD,"Fiesta, Escort, Mondeo Zetec E 1.6i 16v. - Nafta",4,IN,VA0590674,1138 AGNC,25.95 x 6.04 x 97.12,M/CP/SH,45°,A,A
, ,,EX,VE0591339,21138 E,24.45 x 6.01 x 96.70,A/M/CP,44°30',A,C
FORD,"Fiesta, Escort, Mondeo Zetec E 1.6i 16v. - GNC",4,IN,VA0590674,1138 AGNC,25.95 x 6.04 x 97.12,M/CP/SH,45°,A,A
, ,,EX,VE0590675,21138 EGNC,24.45 x 6.01 x 96.70,A/M/ST/CP,44°30',A,A
FORD,"Fiesta, KA - Motor Endura 1.0/1.3L (01.97/ 05.99) Nafta  ",4,IN,VA0590172,1132 A ,34.35 x 7.04 x 104.10,M/CP,45°,C,C
, ,,EX,VE0590671,21132 E,28.87 x 7.01 x 104.35,A/CP/M,45°,C,A
FORD,"Mondeo, Escort, Focus Zetec 1,8i - 2000cc. 16v. (3 ranuras) Botador Mecánico Nafta",4,IN,VA0590699,1333 A,33.00 x 6.04 x 98.05,M/CP,45°,C,C
, ,,EX,VE0590714,21333 E,28.00 x 6.02 x 97.55,AB/M/CP,45°,C,C
FORD,"Focus, Fiesta CLD, CLXD, Escort, Orion, Courier 1800cc. - Sierra, Mondeo 1800cc. Turbo Diesel Motor Endura DE ",4,IN,VA0590715,21564 A,36.32 x 7.95 x 107.00,A/M/ST/CP,45°,C,A
, ,,IN,"VA0590715 0,076",21564 A1,36.32 x 8.03 x 107.00,A/M/ST/CP,45°,C,A
, ,,IN,"VA0590715 0,127",21564 A2,36.32 x 8.08 x 107.00,A/M/ST/CP,45°,C,A
, ,,IN,"VA0590715 0,254",21564 A3,36.32 x 8.20 x 107.00,A/M/ST/CP,45°,C,A
, ,,EX,VE0590716,21564 E,32.03 x 7.94 x 109.20,A/M/ST/CP,45°,C,A
, ,,EX,"VE0590716 0,076",21564 E1,32.03 x 8.02 x 109.20,A/M/ST/CP,45°,C,A
, ,,EX,"VE0590716 0,127",21564 E2,32.03 x 8.07 x 109.20,A/M/ST/CP,45°,C,A
, ,,EX,"VE0590716 0,254",21564 E3,32.03 x 8.19 x 109.20,A/M/ST/CP,45°,C,A
FORD,"Focus, Ecosport II Motor Sigma 1,6l. 110CV Nafta",4,IN,VA0591471,1234 A,30.10 x 5.97 x 99.00,M/N,44°30',C,C
,,,EX,VE0591472,21234 E,24.10 x 5.96 x 101.40,AB/N,44°30',C,A
FORD,"Galaxie, Motor 272 - 292 Nafta",8,IN,VA0591089,6059 A,48.80 x 8.68 x 129.80,M,44°,F,E
, ,,IN,"VA0591089 0,076",6059 A1,48.80 x 8.76 x 129.80,M,44°,F,E
, ,,IN,"VA0591089 0,127",6059 A2,48.80 x 8.81 x 129.80,M,44°,F,E
, ,,IN,"VA0591089 0,381",6059 A4,48.80 x 9.06 x 129.80,M,44°,F,E
, ,,IN,"VA0591089 0,762",6059 A6,48.80 x 9.45 x 129.80,M,44°,F,E
, ,,EX,VE0590683,22006 EGNC,38.60 x 8.68 x 129.40,A,45°,F,C
, ,,EX,"VE0590683 0,076",22006 EGNC1,38.60 x 8.76 x 129.40,A,45°,F,C
, ,,EX,"VE0590683 0,127",22006 EGNC2,38.60 x 8.81 x 129.40,A,45°,F,C
, ,,EX,"VE0590683 0,381",22006 EGNC4,38.60 x 9.06 x 129.40,A,45°,F,C
, ,,EX,"VE0590683 0,762",22006 EGNC6,38.60 x 9.44 x 129.40,A,45°,F,C
FORD,"Galaxy, Escort XR3, 2000cc. - Motor Inyección DOHC - Botador hidráulico - GNC",4,IN,VA0700678,1705 AGNC,39.50 x 7.96 x 91.90,M/ST,44°30',C,C
, ,,EX,VE0590065,21605 EGNC,33.00 x 7.94 x 90.80,A/M/ST,45°10',C,A
FORD,"Galaxy, Escort, Orion 1600-1800 cc. - Motor Inyección - Botador hidráulico - Motor UD - GNC",4,IN,VA0590066,1204 AGNC,38.00 x 7.96 x 91.40,M/SH,44°30',C,C
, ,,EX,VE0590065,21605 EGNC,33.00 x 7.94 x 90.80,A/M/ST,45°10',C,A
FORD,"Ka, Fiesta, Escort HCS 1000cc. - Escort HCS 1100cc. Nafta",4,IN,VA0590181,1232 A,33.00 x 7.03 x 104.05,M/CP,45°,C,C
, ,,EX,VE0590671,21132 E,28.87 x 7.01 x 104.35,A/CP/M,45°,C,A
FORD,"Ka, Fiesta, Escort, Orion HCS 1.3l. - GNC",4,IN,VA0590670,1132 AGNC,34.35 x 7.04 x 104.10,M/CP/SH,45°,C,C
, ,,EX,VE0590173,21132 EGNC,28.87 x 7.01 x 104.35,A/CP/M/ST,44°52',C,C
FORD,"Ka, Zetec Rocam 1000cc. Nafta ",4,IN,VA0590170,1136 A,32.45 x 5.98 x 111.10,M/CP,45°,C,C
, ,,EX,VE0590171,21136 E,28.10 x 5.97 x 110.65,A/M/CP,45°,C,C
FORD,"Mondeo, Fiesta, Escort, Focus Zetec DOHC 1.8i - 2000cc. 16v. (1 ranura) - Nafta",4,IN,VA0590672,1133 AGNC,32.00 x 6.05 x 97.10,M/CP/SH,44°30',A,A
, ,,EX,VE0590705,21133 E,28.00 x 6.02 x 96.76,AB/M/CP,44°30',A,A
FORD,"Mondeo, Fiesta, Escort, Focus Zetec DOHC 1.8i - 2000cc. 16v. (1 ranura) - GNC",4,IN,VA0590672,1133 AGNC,32.00 x 6.05 x 97.10,M/CP/SH,44°30',A,A
, ,,EX,VE0590673,21133 EGNC,28.00 x 6.02 x 96.76,AB/M/ST/CP,44°30',A,A
FORD,"Mondeo, Fiesta, Escort, Focus Zetec E 1.8i - 2000cc. 16v. (3 ranuras) - GNC ",4,IN,VA0590180,1233 AGNC,31.95 x 6.04 x 97.10,M/CP/SH,45°30',C,A
, ,,EX,VE0590296,21233 EGNC,27.95 x 6.02 x 96.70,AB/M/ST/CP,44°52',C,A
FORD,"Mondeo, Fiesta, Escort, Focus Zetec E 1.8i - 2000cc. 16v. (3 ranuras). Nafta",4,IN,VA0590180,1233 AGNC,31.95 x 6.04 x 97.10,M/CP/SH,45°30',C,A
, ,,EX,VE0590182,21233 E,27.95 x 6.02 x 96.70,AB/M/CP,45°,C,A
FORD,Motor 170 (65/72) 200 (65/76) 250 (69/76) Nafta,6,IN,VA0591076,1023 A,41.90 x 7.87 x 108.20,M,44°30',F,E
, ,,IN,"VA0591076 0,076",1023 A1,41.90 x 7.95 x 108.20,M,44°30',F,E
, ,,IN,"VA0591076 0,381",1023 A4,41.90 x 8.26 x 108.20,M,44°30',F,E
, ,,IN,"VA0591076 0,762",1023 A6,41.90 x 8.64 x 108.20,M,44°30',F,E
, ,,EX,VE0591099,21023 E,35.30 x 7.87 x 108.30,A,44°,F,A
, ,,EX,"VE0591099 0,076",21023 E1,35.30 x 7.95 x 108.30,A,44°,F,A
, ,,EX,"VE0591099 0,381",21023 E4,35.30 x 8.25 x 108.30,A,44°,F,A
, ,,EX,"VE0591099 0,762",21023 E6,35.30 x 8.63 x 108.30,A,44°,F,A
FORD,Motor 239 CI (48/51) Nafta,8,IN - EX,VC0590663,1041 AE,38.70 x 8.67 x 122.18,M,45°,F,A
FORD,Motor 240 (65/74) 300 (65/67) - 300 L/D 300 H/D - Ranger EconoLine Nafta,6,IN,VA0590695,1106 A,45.00 x 8.68 x 122.00,M,45°,F,E
, ,,IN,"VA0590695 0,076",1106 A1,45.00 x 8.76 x 122.00,M,45°,F,E
, ,,IN,"VA0590695 0,381",1106 A4,45.00 x 9.07 x 122.00,M,45°,F,E
, ,,IN,"VA0590695 0,762",1106 A6,45.00 x 9.45 x 122.00,M,45°,F,E
, ,,EX,VE0590704,21106 E,39.79 x 8.67 x 122.15,A,45°,F,A
, ,,EX,"VE0590704 0,076",21106 E1,39.79 x 8.75 x 122.15,A,45°,F,A
, ,,EX,"VE0590704 0,381",21106 E4,39.79 x 9.05 x 122.15,A,45°,F,A
, ,,EX,"VE0590704 0,762",21106 E6,39.79 x 9.43 x 122.15,A,45°,F,A
FORD,Motor 250 (77/80) Nafta,6,IN,VA0591342,1604 A,44.40 x 7.88 x 108.40,M/CP,45°,F,C
, ,,IN,"VA0591342 0,076",1604 A1,44.40 x 7.95 x 108.40,M/CP,45°,F,C
, ,,IN,"VA0591342 0,381",1604 A4,44.40 x 8.26 x 108.40,M/CP,45°,F,C
, ,,IN,"VA0591342 0,762",1604 A6,44.40 x 8.64 x 108.40,M/CP,45°,F,C
, ,,EX,VE0591099,21023 E,35.30 x 7.87 x 108.30,A,44°,F,A
, ,,EX,"VE0591099 0,076",21023 E1,35.30 x 7.95 x 108.30,A,44°,F,A
, ,,EX,"VE0591099 0,381",21023 E4,35.30 x 8.25 x 108.30,A,44°,F,A
, ,,EX,"VE0591099 0,762",21023 E6,35.30 x 8.63 x 108.30,A,44°,F,A
FORD,Motor 255-302-351-351W (64/94) Nafta,8,IN,VA0590687,1024 A,45.20 x 8.68 x 128.30,M,44°30',F,C
, ,,IN,"VA0590687 0,076",1024 A1,45.20 x 8.76 x 128.30,M,44°30',F,C
, ,,IN,"VA0590687 0,381",1024 A4,45.20 x 9.06 x 128.30,M,44°30',F,C
, ,,IN,"VA0590687 0,762",1024 A6,45.20 x 9.44 x 128.30,M,44°30',F,C
, ,,EX,VE0590688,21024 E,36.88 x 8.68 x 128.45,A/CP,44°,F,A
, ,,EX,"VE0590688 0,076",21024 E1,36.88 x 8.76 x 128.45,A/CP,44°,F,A
, ,,EX,"VE0590688 0,381",21024 E4,36.88 x 9.06 x 128.45,A/CP,44°,F,A
, ,,EX,"VE0590688 0,762",21024 E6,36.88 x 9.44 x 128.45,A/CP,44°,F,A
FORD,Motor 300 (65/79) Nafta,6,IN,VA0591080,1200 A,45.35 x 8.69 x 120.55,M,44°30',F,E
, ,,IN,"VA0591080 0,076",1200 A1,45.35 x 8.76 x 120.55,M,44°30',F,E
, ,,IN,"VA0591080 0,381",1200 A4,45.35 x 9.07 x 120.55,M,44°30',F,E
, ,,EX,VE0591103,21200 E,39.70 x 8.69 x 120.70,A,44°30',F,C
, ,,EX,"VE0591103 0,076",21200 E1,39.70 x 8.76 x 120.70,A,44°30',F,C
, ,,EX,"VE0591103 0,381",21200 E4,39.70 x 9.07 x 120.70,A,44°30',F,C
FORD,Motor 330 (64/77) Nafta,8,IN,VA0591086,2040 A,44.57 x 9.44 x 136.60,M,44°,F,C
, ,,IN,"VA0591086 0,076",2040 A1,44.57 x 9.51 x 136.60,M,44°,F,C
, ,,IN,"VA0591086 0,381",2040 A4,44.57 x 9.82 x 136.60,M,44°,F,C
, ,,IN,"VA0591086 0,762",2040 A6,44.57 x 10.20 x 136.60,M,44°,F,C
, ,,EX,VE0591097,21021 E,38.30 x 9.41 x 136.80,A,44°,F,C
, ,,EX,"VE0591097 0,076",21021 E1,38.30 x 9.49 x 136.80,A,44°,F,C
, ,,EX,"VE0591097 0,381",21021 E4,38.30 x 9.79 x 136.80,A,44°,F,C
, ,,EX,"VE0591097 0,762",21021 E6,38.30 x 10.17 x 136.80,A,44°,F,C
FORD,Motor 332(58/59) 352(61/66) 360(68/76) 361(58/59) 390(62/65) 406(62/63) 410-428 Nafta,8,IN,VA0591075,1020 A,51.58 x 9.43 x 138.25,M,44°,F,C
, ,,IN,"VA0591075 0,076",1020 A1,51.58 x 9.51 x 138.25,M,44°,F,C
, ,,IN,"VA0591075 0,127",1020 A2,51.58 x 9.56 x 138.25,M,44°,F,C
, ,,IN,"VA0591075 0,381",1020 A4,51.58 x 9.81 x 138.25,M,44°,F,C
, ,,IN,"VA0591075 0,762",1020 A6,51.58 x 10.19 x 138.25,M,44°,F,C
, ,,EX,VE0591096,21020 E,39.70 x 9.43 x 138.00,A,45°,F,A
, ,,EX,"VE0591096 0,076",21020 E1,39.70 x 9.51 x 138.00,A,45°,F,A
, ,,EX,"VE0591096 0,127",21020 E2,39.70 x 9.56 x 138.00,A,45°,F,A
, ,,EX,"VE0591096 0,381",21020 E4,39.70 x 9.81 x 138.00,A,45°,F,A
, ,,EX,"VE0591096 0,762",21020 E6,39.70 x 10.19 x 138.00,A,45°,F,A
FORD,Motor 351 W (69/74) Nafta,8,IN,VA0591077,1107 A,46.80 x 8.70 x 128.80,M,44°30',F,C
, ,,IN,"VA0591077 0,381",1107 A4,46.80 x 9.08 x 128.80,M,44°30',F,C
, ,,IN,"VA0591077 0,762",1107 A6,46.80 x 9.46 x 128.80,M,44°30',F,C
, ,,EX,VE0591277,21107 E,39.20 x 8.68 x 129.00,A/CP,44°,F,A
, ,,EX,"VE0591277 0,381",21107 E4,39.20 x 9.06 x 129.00,A/CP,44°,F,A
, ,,EX,"VE0591277 0,762",21107 E6,39.20 x 9.44 x 129.00,A/CP,44°,F,A
FORD,Motor 351C(70/74) 351M(75/78) 400(71/78) Nafta,8,IN,VA0591083,1725 A,51.94 x 8.69 x 133.00,M,45°,D,C
, ,,IN,"VA0591083 0,076",1725 A1,51.94 x 8.76 x 133.00,M,45°,D,C
, ,,IN,"VA0591083 0,127",1725 A2,51.94 x 8.81 x 133.00,M,45°,D,C
, ,,IN,"VA0591083 0,381",1725 A4,51.94 x 9.07 x 133.00,M,45°,D,C
, ,,IN,"VA0591083 0,762",1725 A6,51.94 x 9.45 x 133.00,M,45°,D,C
, ,,EX,VE0591107,21725 E,42.00 x 8.68 x 128.50,A,45°,D,A
, ,,EX,"VE0591107 0,076",21725 E1,42.00 x 8.75 x 128.50,A,45°,D,A
, ,,EX,"VE0591107 0,127",21725 E2,42.00 x 8.80 x 128.50,A,45°,D,A
, ,,EX,"VE0591107 0,381",21725 E4,42.00 x 9.06 x 128.50,A,45°,D,A
, ,,EX,"VE0591107 0,762",21725 E6,42.00 x 9.44 x 128.50,A,45°,D,A
FORD,"Motor 351M-400 (78/79), Truck 351M-400 (78/82) Nafta",8,IN,VA0591084,1903 A,51.84 x 8.68 x 132.87,M/CP,44°30',F,C
, ,,IN,"VA0591084 0,381",1903 A4,51.84 x 9.06 x 132.87,M/CP,44°30',F,C
, ,,EX,VE0591109,21903 E,42.02 x 8.68 x 128.27,A/CP,44°30',F,A
, ,,EX,"VE0591109 0,381",21903 E4,42.02 x 9.05 x 128.27,A/CP,44°30',F,A
FORD,Motor 359(74/77) 361(64/78) 389(75/77) 391(64/78) Nafta,8,IN,VA0591086,2040 A,44.57 x 9.44 x 136.60,M,44°,F,C
, ,,IN,"VA0591086 0,076",2040 A1,44.57 x 9.51 x 136.60,M,44°,F,C
, ,,IN,"VA0591086 0,127",2040 A2,44.57 x 9.56 x 136.60,M,44°,F,C
, ,,IN,"VA0591086 0,381",2040 A4,44.57 x 9.82 x 136.60,M,44°,F,C
, ,,IN,"VA0591086 0,762",2040 A6,44.57 x 10.20 x 136.60,M,44°,F,C
, ,,EX,VE0591100,21111 E,38.22 x 11.01 x 136.00,A,44°,T,C
, ,,EX,"VE0591100 0,076",21111 E1,38.22 x 11.09 x 136.00,A,44°,T,C
, ,,EX,"VE0591100 0,127",21111 E2,38.22 x 11.14 x 136.00,A,44°,T,C
, ,,EX,"VE0591100 0,381",21111 E4,38.22 x 11.39 x 136.00,A,44°,T,C
, ,,EX,"VE0591100 0,762",21111 E6,38.22 x 11.77 x 136.00,A,44°,T,C
FORD,Motor 370 (79/83) Nafta,8,IN,VA0591087,2081 A,45.30 x 9.43 x 130.65,M,45°,F,C
, ,,IN,"VA0591087 0,127",2081 A2,45.30 x 9.56 x 130.65,M,45°,F,C
, ,,IN,"VA0591087 0,381",2081 A4,45.30 x 9.81 x 130.65,M,45°,F,C
, ,,IN,"VA0591087 0,762",2081 A6,45.30 x 10.20 x 130.65,M,45°,F,C
, ,,EX,VE0591110,22081 E,39.65 x 9.41 x 125.50,A,45°,F,C
, ,,EX,"VE0591110 0,127",22081 E2,39.65 x 9.54 x 125.50,A,45°,F,C
, ,,EX,"VE0591110 0,381",22081 E4,39.65 x 9.79 x 125.50,A,45°,F,C
, ,,EX,"VE0591110 0,762",22081 E6,39.65 x 10.17 x 125.50,A,45°,F,C
FORD,Motor 85-90-100 HP (34/48) Nafta,8,IN - EX,VC0591094,1026 AE,39.10 x 7.88 x 123.00,M,45°,S,A
FORD,Motor V8-60 HP (36/42) Nafta,8,IN - EX,VC0591093,1025 AE,32.80 x 7.09 x 111.00,M,45°,S,A
FORD,"Ranger - Motor International NGD 3,0 Lts. 16v. Diesel",4,IN,VA0570231,2310 A,32.00 x 5.94 x 114.19,M/CP,45°,C,C
, ,,EX,VE0570232,22310 E,29.00 x 5.93 x 114.20,AB/M/CP,45°,C,C
FORD,Ranger Motor Maxion 2.8l. HSTD Power Stroke Diesel,4,IN,VA0570250,22101 A,38.95 x 7.97 x 116.38,A/M/CP,30°,C,A
, ,,EX,VE0570230,22101 E,36.50 x 7.97 x 116.38,A/M/CP,45°,C,A
FORD,Sierra Motor 1600cc. - Nafta,4,IN,VA0590693,1098 A,41.98 x 8.02 x 113.13,M/CP,44°30',C,A
, ,,IN,"VA0590693 0,076",1098 A1,41.98 x 8.10 x 113.13,M/CP,44°30',C,A
, ,,IN,"VA0590693 0,127",1098 A2,41.98 x 8.15 x 113.13,M/CP,44°30',C,A
, ,,IN,"VA0590693 0,254",1098 A3,41.98 x 8.28 x 113.13,M/CP,44°30',C,A
, ,,IN,"VA0590693 0,381",1098 A4,41.98 x 8.40 x 113.13,M/CP,44°30',C,A
, ,,EX,VE0590702,21098 E,32.08 x 8.05 x 112.55,A/CP,44°30',C,A
, ,,EX,"VE0590702 0,076",21098 E1,32.08 x 8.12 x 112.55,A/CP,44°30',C,A
, ,,EX,"VE0590702 0,127",21098 E2,32.08 x 8.17 x 112.55,A/CP,44°30',C,A
, ,,EX,"VE0590702 0,254",21098 E3,32.08 x 8.30 x 112.55,A/CP,44°30',C,A
, ,,EX,"VE0590702 0,381",21098 E4,32.08 x 8.43 x 112.55,A/CP,44°30',C,A
FORD,Sierra Motor 1600cc. - GNC ,4,IN,VA0591338,1098 AGNC,41.98 x 8.02 x 113.13,M/CP/SH,44°30',C,A
, ,,IN,"VA0591338 0,076",1098 AGNC1,41.98 x 8.10 x 113.13,M/CP/SH,44°30',C,A
, ,,IN,"VA0591338 0,127",1098 AGNC2,41.98 x 8.15 x 113.13,M/CP/SH,44°30',C,A
, ,,IN,"VA0591338 0,254",1098 AGNC3,41.98 x 8.28 x 113.13,M/CP/SH,44°30',C,A
, ,,IN,"VA0591338 0,381",1098 AGNC4,41.98 x 8.40 x 113.13,M/CP/SH,44°30',C,A
, ,,EX,VE0590694,21098 EGNC,32.08 x 8.05 x 112.55,A/ST/CP,44°30',C,A
, ,,EX,"VE0590694 0,076",21098 EGNC1,32.08 x 8.12 x 112.55,A/ST/CP,44°30',C,A
, ,,EX,"VE0590694 0,127",21098 EGNC2,32.08 x 8.17 x 112.55,A/ST/CP,44°30',C,A
, ,,EX,"VE0590694 0,254",21098 EGNC3,32.08 x 8.30 x 112.55,A/ST/CP,44°30',C,A
, ,,EX,"VE0590694 0,381",21098 EGNC4,32.08 x 8.43 x 112.55,A/ST/CP,44°30',C,A
FORD,"Taunus L, GXL, GT Motor 2000-2300 cc. (74/77) - Nafta / GNC ",4,IN,VA0590666,1074 AGNC,44.30 x 8.70 x 121.70,M/CP,44°30',D,C
, ,,IN,"VA0590666 0,076",1074 AGNC1,44.30 x 8.77 x 121.70,M/CP,44°30',D,C
, ,,IN,"VA0590666 0,127",1074 AGNC2,44.30 x 8.82 x 121.70,M/CP,44°30',D,C
, ,,IN,"VA0590666 0,254",1074 AGNC3,44.30 x 8.95 x 121.70,M/CP,44°30',D,C
, ,,IN,"VA0590666 0,381",1074 AGNC4,44.30 x 9.08 x 121.70,M/CP,44°30',D,C
, ,,IN,"VA0590666 0,508",1074 AGNC5,44.30 x 9.20 x 121.70,M/CP,44°30',D,C
, ,,IN,"VA0590666 0,762",1074 AGNC6,44.30 x 9.46 x 121.70,M/CP,44°30',D,C
, ,,EX,VE0590667,21074 EGNC,38.30 x 8.68 x 121.30,A/CP,44°30',D,C
, ,,EX,"VE0590667 0,076",21074 EGNC1,38.30 x 8.76 x 121.30,A/CP,44°30',D,C
, ,,EX,"VE0590667 0,127",21074 EGNC2,38.30 x 8.81 x 121.30,A/CP,44°30',D,C
, ,,EX,"VE0590667 0,254",21074 EGNC3,38.30 x 8.93 x 121.30,A/CP,44°30',D,C
, ,,EX,"VE0590667 0,381",21074 EGNC4,38.30 x 9.06 x 121.30,A/CP,44°30',D,C
, ,,EX,"VE0590667 0,508",21074 EGNC5,38.30 x 9.19 x 121.30,A/CP,44°30',D,C
, ,,EX,"VE0590667 0,762",21074 EGNC6,38.30 x 9.44 x 121.30,A/CP,44°30',D,C
FORD,"Taunus L, GXL, GT Motor 2000-2300 cc. (78 en ad), Sierra Ghia, XR4, Maverick, F100 2300cc. (Nafta / GNC) ",4,IN,VA0590666,1074 AGNC,44.30 x 8.70 x 121.70,M/CP,44°30',D,C
, ,,IN,"VA0590666 0,076",1074 AGNC1,44.30 x 8.77 x 121.70,M/CP,44°30',D,C
, ,,IN,"VA0590666 0,127",1074 AGNC2,44.30 x 8.82 x 121.70,M/CP,44°30',D,C
, ,,IN,"VA0590666 0,254",1074 AGNC3,44.30 x 8.95 x 121.70,M/CP,44°30',D,C
, ,,IN,"VA0590666 0,381",1074 AGNC4,44.30 x 9.08 x 121.70,M/CP,44°30',D,C
, ,,IN,"VA0590666 0,508",1074 AGNC5,44.30 x 9.20 x 121.70,M/CP,44°30',D,C
, ,,IN,"VA0590666 0,762",1074 AGNC6,44.30 x 9.46 x 121.70,M/CP,44°30',D,C
, ,,EX,VE0590682,21078 EGNC,38.30 x 8.68 x 122.00,A/CP,44°30',D,C
, ,,EX,"VE0590682 0,076",21078 EGNC1,38.30 x 8.76 x 122.00,A/CP,44°30',D,C
, ,,EX,"VE0590682 0,127",21078 EGNC2,38.30 x 8.81 x 122.00,A/CP,44°30',D,C
, ,,EX,"VE0590682 0,254",21078 EGNC3,38.30 x 8.93 x 122.00,A/CP,44°30',D,C
, ,,EX,"VE0590682 0,381",21078 EGNC4,38.30 x 9.06 x 122.00,A/CP,44°30',D,C
, ,,EX,"VE0590682 0,508",21078 EGNC5,38.30 x 9.19 x 122.00,A/CP,44°30',D,C
, ,,EX,"VE0590682 0,762",21078 EGNC6,38.30 x 9.44 x 122.00,A/CP,44°30',D,C
FORD,Tractor 4600 - 6600 Diesel ,4,IN,VA0590723,6064 A,45.78 x 9.43 x 145.75,M,44°30',F,A
, ,,IN,"VA0590723 0,076",6064 A1,45.78 x 9.50 x 145.75,M,44°30',F,A
, ,,IN,"VA0590723 0,381",6064 A4,45.78 x 9.81 x 145.75,M,44°30',F,A
, ,,IN,"VA0590723 0,762",6064 A6,45.78 x 10.19 x 145.75,M,44°30',F,A
, ,,EX,VE0591279,6061 E,38.05 x 9.42 x 146.00,M,44°30',T,A
, ,,EX,"VE0591279 0,076",6061 E1,38.05 x 9.50 x 146.00,M,44°30',T,A
, ,,EX,"VE0591279 0,381",6061 E4,38.05 x 9.80 x 146.00,M,44°30',T,A
, ,,EX,"VE0591279 0,762",6061 E6,38.05 x 10.18 x 146.00,M,44°30',T,A
FORD,Tractor 6600 - 6610 Diesel ,4,IN,VA0590723,6064 A,45.78 x 9.43 x 145.75,M,44°30',F,A
, ,,IN,"VA0590723 0,076",6064 A1,45.78 x 9.50 x 145.75,M,44°30',F,A
, ,,IN,"VA0590723 0,381",6064 A4,45.78 x 9.81 x 145.75,M,44°30',F,A
, ,,IN,"VA0590723 0,762",6064 A6,45.78 x 10.19 x 145.75,M,44°30',F,A
, ,,EX,VE0590720,26064 E,38.33 x 9.40 x 145.65,A,44°30',T,A
, ,,EX,"VE0590720 0,076",26064 E1,38.33 x 9.48 x 145.65,A,44°30',T,A
, ,,EX,"VE0590720 0,381",26064 E4,38.33 x 9.79 x 145.65,A,44°30',T,A
, ,,EX,"VE0590720 0,762",26064 E6,38.33 x 10.17 x 145.65,A,44°30',T,A
FORD,"Fordson - Tractor Serie D, K, H, N - Motor 240, 254, 330, 2701E, 2703 Diesel",4-6,IN,VA0590701,1763 A,44.98 x 9.48 x 155.65,M/CP,30°,F,A
, ,,EX,VE0591278,21763 E,38.98 x 9.48 x 156.40,A/CP,30°,F,A
FORD,NEW HOLLAND - Genesis (A.N.) Serie 30 Diesel,4-6,IN,VA0590700,1620 A,47.55 x 9.43 x 146.78,M/CP,30°,F,E
, ,,EX,VE0590719,21620 E,42.95 x 9.41 x 146.48,A/M/CP,45°,F,E
FORD,Transit 2.5l. Motor 4HB Diesel ,4,IN,VA0590696,1131 A,42.00 x 8.96 x 124.45,M/CP,30°,C,A
, ,,EX,VE0591343,21131 E,36.30 x 8.94 x 123.80,A/M/CP,45°,C,A
FORD,Ranger 2.2 Tdci 16v. / 3.2 TDCi 20v  08.2012 → ,4-5,IN,VA0591654,1235 A,"29,80 x 6,93 x 122,06",M/CP,30°00',C,A
,,,EX,VE0591655,21235 E,"25,80 x 6,93 x 121,86",A/M/ST/CP,44°30',C,A
GENERAL MOTORS,"Astra GERAÇÃO II 2.0L 16V, Vectra 2.0/2.2L GERAÇÃO II 16V / Blazer 2.4 - Frontera, Sintra, Vectra (94/95) 16v - Omega, Calibra 16v./24v. 2.0l. Nafta",4-6,IN,VA0140072,2524 A,32.00 x 5.90 x 102.10,CP/M,45°20',C,A
, ,,EX,VE0140071,22524 E,29.00 x 5.96 x 92.20,A/CP/M/ST,44°45',C,A
GENERAL MOTORS,"Astra, Corsa II, Meriva Motor Y17 1.7l. 16v. Turbo Diesel - Botador Hidraulico ",4,IN,VA0140372,21313 A,27.50 x 6.00 x 97.49,A/CP,45°,A,A
, ,,EX,VE0140373,21313 E,26.47 x 5.98 x 97.20,A/ST/CP,45°,A,A
GENERAL MOTORS,"Astra, Corsa II, Meriva Motor Y17DT/DTI 17l. 16v. Diesel - Botador Fijo ",4,IN,VA0140376,21413 A,27.50 x 5.97 x 98.40,A/CP,45°,A,A
, ,,EX,VE0140377,21413 E,26.47 x 5.97 x 98.12,A/ST/CP,45°,A,A
GENERAL MOTORS,"Astra, Corsa, Vectra, Zafira, Meriva Motor X/Z18XEI 1.8l. 16v. Nafta",4,IN,VA0141377,1317 A,31.20 x 4.96 x 101.23,M/CP,45°,C,C
, ,,EX,VE0141378,21317 E,27.50 x 4.94 x 100.80,A/M/CP,45°,C,C
GENERAL MOTORS,"Astra, Omega, Vectra, Zafira Motor X/Y20 DTI 2.0l. - X/Y22 DTI 2.2l. Turbo Diesel 16v. - Cadenero ",4,IN,VA0141288,21316 A,28.93 x 5.97 x 97.10,A/M/CP,45°,C,C
, ,,EX,VE0141289,21316 E,25.95 x 6.04 x 97.00,A/M/ST/CP,45°,C,C
GENERAL MOTORS,"Astra, Vectra Motor X17D 1.7l. Turbo Diesel ",4,IN,VA0140363,1312 A,35.95 x 7.98 x 123.10,M/CP,45°,A,A
, ,,EX,VE0140371,21312 E,32.00 x 7.96 x 123.10,A/CP,45°,A,A
GENERAL MOTORS,"Astra, Zafira, Vectra Motor Ecotec 1.8l./2.2l. 16v Nafta",4,IN,VA0141379,1318 A,35.20 x 5.96 x 102.25,M/CP,45°,C,C
, ,,EX,VE0141380,21318 E,30.20 x 5.96 x 100.96,A/M/CP,45°,C,C
GENERAL MOTORS,"Aveo, Optra 1.6l. Nafta",4,IN,VA0141385,1319 A,28.60 x 5.95 x 101.70,M,45°,A,C
, ,,EX,VE0141386,21319 E,27.36 x 5.94 x 101.40,A,45°,A,C
GENERAL MOTORS,Blazer/ S10 V6 4.3L - Motor Vortec L35 200HP Nafta,6,IN,VA0140183,2064 A,49.20 x 8.67 x 123.95,M/CP,45°,F,C
, ,,EX,VE0140184,22064 E,38.10 x 8.67 x 125.00,A/CP,45°,F,C
GENERAL MOTORS,"Celta, Corsa Motor SOHC 1.0L. Nafta  ",4,IN,VA0141431,1502 A,33.00 x 5.96 x 104.80,M/CP,45°,C,C
, ,,EX,VE0141432,21502 E,29.00 x 5.94 x 104.70,A/M/CP,45°,C,C
GENERAL MOTORS,"Chevette, Motor 1.4-1.6 l. (Post.1973) Nafta - Alcohol ",4,IN,VA0140084,6101 A,38.98 x 7.97 x 98.45,CP/M,44°,A,C
, ,,IN,"VA0140084 0,076",6101 A1,38.98 x 8.05 x 98.45,CP/M,44°,A,C
, ,,IN,"VA0140084 0,127",6101 A2,38.98 x 8.10 x 98.45,CP/M,44°,A,C
, ,,IN,"VA0140084 0,152",6101 A7,38.98 x 8.12 x 98.45,CP/M,44°,A,C
, ,,IN,"VA0140084 0,254",6101 A3,38.98 x 8.22 x 98.45,CP/M,44°,A,C
, ,,IN,"VA0140084 0,304",6101 A8,38.98 x 8.27 x 98.45,CP/M,44°,A,C
, ,,IN,"VA0140084 0,381",6101 A4,38.98 x 8.35 x 98.45,CP/M,44°,A,C
, ,,IN,"VA0140084 0,508",6101 A5,38.98 x 8.48 x 98.45,CP/M,44°,A,C
, ,,IN,"VA0140084 0,762",6101 A6,38.98 x 8.73 x 98.45,CP/M,44°,A,C
, ,,EX,VE0140083,26101 E,31.98 x 7.96 x 98.95,A/CP,44°,A,A
, ,,EX,"VE0140083 0,076",26101 E1,31.98 x 8.03 x 98.95,A/CP,44°,A,A
, ,,EX,"VE0140083 0,127",26101 E2,31.98 x 8.08 x 98.95,A/CP,44°,A,A
, ,,EX,"VE0140083 0,152",26101 E7,31.98 x 8.11 x 98.95,A/CP,44°,A,A
, ,,EX,"VE0140083 0,254",26101 E3,31.98 x 8.21 x 98.95,A/CP,44°,A,A
, ,,EX,"VE0140083 0,304",26101 E8,31.98 x 8.26 x 98.95,A/CP,44°,A,A
, ,,EX,"VE0140083 0,381",26101 E4,31.98 x 8.34 x 98.95,A/CP,44°,A,A
, ,,EX,"VE0140083 0,508",26101 E5,31.98 x 8.46 x 98.95,A/CP,44°,A,A
, ,,EX,"VE0140083 0,762",26101 E6,31.98 x 8.72 x 98.95,A/CP,44°,A,A
GENERAL MOTORS,"Corsa - Isuzu 4EE1, 4EC1 1.7l. Diesel ",4,IN,VA0140361,1213 A,35.00 x 6.96 x 104.10,M/CP,44°,A,A
, ,,EX,VE0140368,21213 E,30.55 x 6.96 x 103.85,A/CP,44°,A,C
GENERAL MOTORS,"Corsa GLF, GL Motor 1.0-1.2-1.3 l.-1.4l. Motor X14Y (->02/96) - Celta 1.0l.  Nafta",4,IN,VA0140015,1211 A,32.98 x 7.00 x 105.00,CP/M,44°,A,C
, ,,EX,VE0140014,21211 E,28.98 x 6.99 x 105.00,A/CP,44°,A,A
GENERAL MOTORS,"Corsa GLS, Pick Up, Astra Motor C16NZ 1.6l. - GNC",4,IN,VA0140086,1311 AGNC,38.00 x 7.00 x 101.50,CP/M,44°00',A,C
, ,,EX,VE0140370,21311 EGNC,31.00 x 6.99 x 101.50,A/ST/CP,44°,A,E
GENERAL MOTORS,"Corsa, Astra Motor C14SE 1.4l. (60 KW) (Mercado Latinoamericano) Nafta",4,IN,VA0140364,1314 A,37.95 x 7.01 x 104.50,M/CP,45°,A,C
, ,,EX,VE0140374,21314 E,30.95 x 6.98 x 104.60,A/M/ST/CP,45°,A,E
GENERAL MOTORS,"Corsa, C10 SE SOHC 1.0l. 16v. Nafta",4,IN,VA0140026,1310 A,25.00 x 5.96 x 104.12,CP/M,45°15',C,C
, ,,EX,VE0140025,21310 E,19.80 x 5.94 x 103.00,A/M/CP,44°45',C,A
GENERAL MOTORS,"Corsa, Corsa Sedan, Corsa Wagon 1.6l - 16V, Corsa Gsi-GLS, Tigra, Astra, Vectra Motor 1.6l. C 16XE DOHC 16v. - Nafta",4,IN,VA0140076,1212 AGNC,31.00 x 5.96 x 103.15,CP/M,45°,C,A
, ,,EX,VE0140367,21212 E,27.50 x 5.94 x 102.20,A/M/CP,45°,C,A
GENERAL MOTORS,"Corsa, Corsa Sedan, Corsa Wagon 1.6l - 16V, Corsa Gsi-GLS, Tigra, Astra, Vectra Motor 1.6l. C 16XE DOHC 16v. - GNC ",4,IN,VA0140076,1212 AGNC,31.00 x 5.96 x 103.15,CP/M,45°,C,A
, ,,EX,VE0140075,21212 EGNC,27.50 x 5.94 x 102.20,A/CP/M/ST,45°,C,A
GENERAL MOTORS,"Cruze 1,8l. Motor F18D 16v. Nafta",4,IN,VA0141579,1308 A,31.15 x 4.98 x 113.82,M/CP/SH,45°,C,C
,,,EX,VE0141580,21308 E,27.50 x 4.96 x 113.17,A/M/CP,45°,C,C
GENERAL MOTORS,D10 Motor Perkins 4.236 ID Diesel,6,IN,VA0570024,2030 A,44.20 x 9.47 x 122.80,CP/M,45°,A,A
, ,,EX,VE0570023,22029 E,36.68 x 9.45 x 123.20,A/CP,45°,A,A
GENERAL MOTORS,D20 Motor Maxion S4 Diesel,4,IN,VA0570123,2100 A,44.22 x 9.47 x 122.72,CP/M,45°,C,A
, ,,EX,VE0570122,22100 E,38.20 x 9.47 x 123.10,A/ST/CP,45°,A,A
GENERAL MOTORS,"D20 Motor Perkins Q20B4.236, B4.248 Diesel",4,IN,VA0570038,2414 A,44.18 x 9.47 x 122.80,CP/M,45°,C,A
, ,,EX,VE0570037,22414 E,36.57 x 9.46 x 123.20,A/CP/M,45°,C,A
GENERAL MOTORS,"D20, D20 (Turbo) Motor Maxion S4T, S4T Plus 4.0l. Diesel",4,IN,VA0570657,22100 A,44.20 x 9.48 x 122.50,M/CP,30°,C,A
, ,,EX,VE0570122,22100 E,38.20 x 9.47 x 123.10,A/ST/CP,45°,A,A
GENERAL MOTORS,"Kadett, Vectra, Astra, Calibra 2.0l. 16v. Turbo Nafta",4,IN,VA0140365,1315 A,33.00 x 6.97 x 104.95,M/CP,44°30',C,A
, ,,EX,VE0140375,21315 E,29.00 x 6.95 x 104.95,AB/M/ST/CP,44°52',C,A
GENERAL MOTORS,"Kodiak Motor Caterpillar 3114 4.4l., 3116 6.6l. (Turbo) Diesel",4-6,IN,VA0110232,23077 A,47.00 x 8.00 x 177.18,A/M,30°,A,A
, ,,EX,VE0110233,23077 E,40.00 x 8.00 x 176.72,A/M/ST/CP,45°,A,A
GENERAL MOTORS,"Monza, Motor 1.8l. (Post.1983) Nafta",4,IN,VA0140114,6127 A,40.98 x 7.98 x 106.45,M/CP,44°,A,E
, ,,IN,"VA0140114 0,076",6127 A1,40.98 x 8.05 x 106.45,M/CP,44°,A,E
, ,,IN,"VA0140114 0,381",6127 A4,40.98 x 8.36 x 106.45,M/CP,44°,A,E
, ,,IN,"VA0140114 0,762",6127 A6,40.98 x 8.74 x 106.45,M/CP,44°,A,E
, ,,EX,VE0140113,26127 E,34.98 x 7.96 x 106.10,A/CP,44°,A,E
, ,,EX,"VE0140113 0,076",26127 E1,34.98 x 8.04 x 106.10,A/CP,44°,A,E
, ,,EX,"VE0140113 0,381",26127 E4,34.98 x 8.35 x 106.10,A/CP,44°,A,E
, ,,EX,"VE0140113 0,762",26127 E6,34.98 x 8.73 x 106.10,A/CP,44°,A,E
GENERAL MOTORS,"Monza 2.0l. c/carburador, Omega, S10, Blazer 2.2l. c/Inyección - Nafta/GNC",4,IN,VA0140041,6801 AGNC,43.00 x 7.00 x 104.20,CP/M,46°,A,A
, ,,EX,VE0140039,26800 EGNC,36.50 x 6.99 x 104.00,AB/M/CP,44°,A,A
GENERAL MOTORS,"Monza, Motor 1.6l. Nafta",4,IN,VA0140383,6126 A,34.90 x 7.98 x 106.05,M/CP,44°,A,A
, ,,IN,"VA0140383 0,076",6126 A1,34.90 x 8.05 x 106.05,M/CP,44°,A,A
, ,,IN,"VA0140383 0,381",6126 A4,34.90 x 8.36 x 106.05,M/CP,44°,A,A
, ,,IN,"VA0140383 0,762",6126 A6,34.90 x 8.74 x 106.05,M/CP,44°,A,A
, ,,EX,VE0140378,26126 E,31.95 x 7.96 x 106.05,A/CP,44°,A,A
, ,,EX,"VE0140378 0,076",26126 E1,31.95 x 8.04 x 106.05,A/CP,44°,A,A
, ,,EX,"VE0140378 0,381",26126 E4,31.95 x 8.34 x 106.05,A/CP,44°,A,A
, ,,EX,"VE0140378 0,762",26126 E6,31.95 x 8.72 x 106.05,A/CP,44°,A,A
GENERAL MOTORS,"Monza, Motor 1.8l. Fase II, 2.0l. Nafta",4,IN,VA0140899,6128 A,41.78 x 7.00 x 104.10,M,45°,A,A
, ,,IN,"VA0140899 0,076",6128 A1,41.78 x 7.07 x 104.10,M,45°,A,A
, ,,IN,"VA0140899 0,127",6128 A2,41.78 x 7.13 x 104.10,M,45°,A,A
, ,,IN,"VA0140899 0,381",6128 A4,41.78 x 7.38 x 104.10,M,45°,A,A
, ,,IN,"VA0140899 0,762",6128 A6,41.78 x 7.76 x 104.10,M,45°,A,A
, ,,EX,VE0141286,26128 E,36.43 x 6.99 x 104.60,A,44°30',A,A
, ,,EX,"VE0141286 0,076",26128 E1,36.43 x 7.06 x 104.60,A,44°30',A,A
, ,,EX,"VE0141286 0,127",26128 E2,36.43 x 7.11 x 104.60,A,44°30',A,A
, ,,EX,"VE0141286 0,381",26128 E4,36.43 x 7.37 x 104.60,A,44°30',A,A
, ,,EX,"VE0141286 0,762",26128 E6,36.43 x 7.75 x 104.60,A,44°30',A,A
GENERAL MOTORS,Motor 134 2.2l. Nafta,4,IN,VA0140362,1309 A,44.10 x 6.97 x 140.14,M/CP,45°,A,C
, ,,EX,VE0140369,21309 E,37.00 x 6.98 x 131.45,A/CP,45°,A,C
GENERAL MOTORS,Motor 173 (80/88) Nafta,6,IN,VA0140941,1752 A,40.60 x 8.67 x 119.40,M/CP,45°,T,C
, ,,IN,"VA0140941 0,076",1752 A1,40.60 x 8.75 x 119.40,M/CP,45°,T,C
, ,,IN,"VA0140941 0,381",1752 A4,40.60 x 9.05 x 119.40,M/CP,45°,T,C
, ,,EX,VE0140956,21752 E,33.20 x 8.66 x 120.00,A/CP,45°,T,C
, ,,EX,"VE0140956 0,076",21752 E1,33.20 x 8.74 x 120.00,A/CP,45°,T,C
, ,,EX,"VE0140956 0,381",21752 E4,33.20 x 9.05 x 120.00,A/CP,45°,T,C
GENERAL MOTORS,Motor 181 (1934) Nafta,6,IN,VA0140936,1006 A,42.10 x 8.66 x 152.30,M,45°,P,C
, ,,EX,VE0140948,1006 E,37.70 x 8.63 x 122.50,M,45°,P,C
GENERAL MOTORS,"Opala, Caravan, C10, Veraneio Motor 194-230-234-236-250G (62/78), 262-267-292-305-327 (63/87) - NAFTA/GNC",6-8,IN,VA0140104,1011 AGNC,43.70 x 8.67 x 124.80,M,45°,T,E
, ,,IN,"VA0140108 0,076",1011 AGNC1,43.70 x 8.74 x 124.80,M,45°,T,E
, ,,IN,"VA0140356 0,127",1011 AGNC2,43.70 x 8.80 x 124.80,M,45°,T,E
, ,,IN,"VA0140356 0,254",1011 AGNC3,43.70 x 8.92 x 124.80,M,45°,T,E
, ,,IN,"VA0140110 0,381",1011 AGNC4,43.70 x 9.05 x 124.80,M,45°,T,E
, ,,IN,"VA0140356 0,508",1011 AGNC5,43.70 x 9.18 x 124.80,M,45°,T,E
, ,,IN,"VA0140356 0,762",1011 AGNC6,43.70 x 9.43 x 124.80,M,45°,T,E
, ,,EX,VE0140105,21011 EGNC,38.10 x 8.67 x 125.00,A,45°,T,E
, ,,EX,"VE0140107 0,076",21011 EGNC1,38.10 x 8.75 x 125.00,A,45°,T,E
, ,,EX,"VE0140357 0,127",21011 EGNC2,38.10 x 8.80 x 125.00,A,45°,T,E
, ,,EX,"VE0140357 0,254",21011 EGNC3,38.10 x 8.92 x 125.00,A,45°,T,E
, ,,EX,"VE0140109 0,381",21011 EGNC4,38.10 x 9.05 x 125.00,A,45°,T,E
, ,,EX,"VE0140357 0,508",21011 EGNC5,38.10 x 9.18 x 125.00,A,45°,T,E
, ,,EX,"VE0140357 0,762",21011 EGNC6,38.10 x 9.43 x 125.00,A,45°,T,E
GENERAL MOTORS,Motor 196 (79) 231 (79/82) Nafta,6,IN,VA0140942,1902 A,43.40 x 8.66 x 119.90,M/CP,45°,E,C
, ,,IN,"VA0140942 0,076",1902 A1,43.40 x 8.74 x 119.90,M/CP,45°,E,C
, ,,IN,"VA0140942 0,381",1902 A4,43.40 x 9.04 x 119.90,M/CP,45°,E,C
, ,,IN,"VA0140942 0,762",1902 A6,43.40 x 9.42 x 119.90,M/CP,45°,E,C
, ,,EX,VE0140957,21902 E,38.10 x 8.66 x 119.50,A/CP,45°,T,C
, ,,EX,"VE0140957 0,127",21902 E1,38.10 x 8.74 x 119.50,A/CP,45°,T,C
, ,,EX,"VE0140957 0,381",21902 E4,38.10 x 9.05 x 119.50,A/CP,45°,T,C
, ,,EX,"VE0140957 0,762",21902 E6,38.10 x 9.43 x 119.50,A/CP,45°,T,C
GENERAL MOTORS,Motor 207-216 (35/40) Nafta,6,IN,VA0140352,1007 A,42.10 x 8.66 x 154.80,M,30°,E,A
, ,,EX,VE0140353,1007 E,37.70 x 8.64 x 122.00,M,30°,E,C
GENERAL MOTORS,Motor 216 (48/49) Nafta,6,IN,VA0140938,1009 A,41.60 x 8.68 x 159.20,M,30°,T,A
, ,,EX,VE0140950,1009 E,37.70 x 8.65 x 124.20,M,30°,T,C
GENERAL MOTORS,Motor 216-235 (41/47) Nafta,6,IN,VA0140937,1008 A,42.10 x 8.66 x 158.00,M,30°,T,C
, ,,EX,VE0140949,1008 E,37.70 x 8.63 x 123.50,M,30°,E,A
GENERAL MOTORS,Motor 229(80/84) 305(81/83) 350(73/74) 400(75/78) Nafta,6-8,IN,VA0140940,1650 A,46.70 x 8.66 x 124.70,M/CP,45°,T,E
, ,,IN,"VA0140940 0,076",1650 A1,46.70 x 8.74 x 124.70,M/CP,45°,T,E
, ,,IN,"VA0140940 0,127",1650 A2,46.70 x 8.79 x 124.70,M/CP,45°,T,E
, ,,IN,"VA0140940 0,381",1650 A4,46.70 x 9.05 x 124.70,M/CP,45°,T,E
, ,,IN,"VA0140940 0,762",1650 A6,46.70 x 9.43 x 124.70,M/CP,45°,T,E
, ,,EX,VE0140955,21650 E,38.10 x 9.43 x 125.00,A/ST/CP,45°,T,A
, ,,EX,"VE0140955 0,076",21650 E1,38.10 x 9.51 x 125.00,A/ST/CP,45°,T,A
, ,,EX,"VE0140955 0,127",21650 E2,38.10 x 9.56 x 125.00,A/ST/CP,45°,T,A
, ,,EX,"VE0140955 0,381",21650 E4,38.10 x 9.81 x 125.00,A/ST/CP,45°,T,A
, ,,EX,"VE0140955 0,762",21650 E6,38.10 x 10.19 x 125.00,A/ST/CP,45°,T,A
GENERAL MOTORS,Motor 235 (50/52) Nafta,6,IN,VA0140354,1010 A,49.70 x 8.66 x 162.10,M,30°,T,A
, ,,EX,VE0140355,1010 E,38.10 x 8.67 x 125.00,M,45°,T,E
GENERAL MOTORS,Motor 235 (50/62) 261 (54/62) Nafta,6,IN,VA0140366,2002 A,48.98 x 8.66 x 162.05,M,30°,T,A
, ,,EX,VE0140105,21011 EGNC,38.10 x 8.67 x 125.00,A,45°,T,E
GENERAL MOTORS,Motor 327 (62/68) 350 (68/86) 400 SB Nafta,6-8,IN,VA0140746,1002 A,49.25 x 8.66 x 124.00,M,45°,T,C
, ,,IN,"VA0140746 0,076",1002 A1,49.25 x 8.74 x 124.00,M,45°,T,C
, ,,IN,"VA0140746 0,127",1002 A2,49.25 x 8.79 x 124.00,M,45°,T,C
, ,,IN,"VA0140746 0,254",1002 A3,49.25 x 8.91 x 124.00,M,45°,T,C
, ,,IN,"VA0140746 0,381",1002 A4,49.25 x 9.04 x 124.00,M,45°,T,C
, ,,IN,"VA0140746 0,508",1002 A5,49.25 x 9.17 x 124.00,M,45°,T,C
, ,,IN,"VA0140746 0,762",1002 A6,49.25 x 9.42 x 124.00,M,45°,T,C
, ,,EX,VE0140105,21011 EGNC,38.10 x 8.67 x 125.00,A,45°,T,E
, ,,EX,"VE0140107 0,076",21011 EGNC1,38.10 x 8.75 x 125.00,A,45°,T,E
, ,,EX,"VE0140109 0,381",21011 EGNC4,38.10 x 9.05 x 125.00,A,45°,T,E
, ,,EX,"VE0140357 0,127",21011 EGNC2,38.10 x 8.80 x 125.00,A,45°,T,E
, ,,EX,"VE0140357 0,254",21011 EGNC3,38.10 x 8.92 x 125.00,A,45°,T,E
, ,,EX,"VE0140357 0,508",21011 EGNC5,38.10 x 9.18 x 125.00,A,45°,T,E
, ,,EX,"VE0140357 0,762",21011 EGNC6,38.10 x 9.43 x 125.00,A,45°,T,E
GENERAL MOTORS,Motor 350 Diesel ,8,IN,VA0140943,22037 A,47.50 x 8.71 x 127.40,A/CP,44°,E,A
, ,,EX,VE0140958,22037 E,41.15 x 8.70 x 127.75,A/M/ST/CP,30°,E,A
GENERAL MOTORS,Motor 366 (66/87) 427 (69/81) 454 (79/81) Nafta,8,IN,VA0140359,1005 A,46.88 x 9.43 x 132.85,M,44°30',F,E
, ,,IN,"VA0140359 0,076",1005 A1,46.90 x 9.51 x 132.85,M,44°30',F,E
, ,,IN,"VA0140359 0,127",1005 A2,46.90 x 9.56 x 132.85,M,44°30',F,E
, ,,IN,"VA0140359 0,381",1005 A4,46.90 x 9.82 x 132.85,M,44°30',F,E
, ,,IN,"VA0140359 0,762",1005 A6,46.90 x 10.20 x 132.85,M,44°30',F,E
, ,,EX,VE0140951,21005 E,42.10 x 9.42 x 136.50,A,44°30',F,E
, ,,EX,"VE0140951 0,076",21005 E1,42.10 x 9.50 x 136.50,A,44°30',F,E
, ,,EX,"VE0140951 0,127",21005 E2,42.10 x 9.55 x 136.50,A,44°30',F,E
, ,,EX,"VE0140951 0,381",21005 E4,42.10 x 9.80 x 136.50,A,44°30',F,E
, ,,EX,"VE0140951 0,762",21005 E6,42.10 x 10.18 x 136.50,A,44°30',F,E
GENERAL MOTORS,Motor Año 1929 Nafta,6,IN - EX,VC0140351,1004 AE,36.30 x 7.87 x 119.50,M,45°,P,A
GENERAL MOTORS,"Meriva, Optra Design Motor DOHC 1.8L 16v. Nafta",4,IN,VA0140226,1320 A,31.20 x 5.96 x 101.40,M/CP,44°30',C,C
, ,,EX,VE0140248,21320 E,27.50 x 5.94 x 100.76,A/M/ST/CP,45°,C,C
GENERAL MOTORS,"OPEL Corsa, Kadett, Vectra, Astra 1.6l. 8v. (Mercado Europeo) - Meriva, Corsa 2 Motor CE18NE/CE18NE1 1.8l. Nafta",4,IN,VA0140939,1511 A,38.00 x 7.01 x 101.10,M/CP,44°,A,C
, ,,EX,VE0140954,21511 E,31.00 x 6.99 x 101.10,A/CP,44°,A,A
GENERAL MOTORS,"Opel K-180 (74/78), Opala Caravan, Pick Up C10 Veraneio, Motores 151-250 Nafta",4,IN,VA0140360,1071 A,43.60 x 8.66 x 124.80,M/CP,45°,T,C
, ,,IN,"VA0140360 0,076",1071 A1,43.60 x 8.74 x 124.80,M/CP,45°,T,C
, ,,IN,"VA0140360 0,127",1071 A2,43.60 x 8.80 x 124.80,M/CP,45°,T,C
, ,,IN,"VA0140360 0,254",1071 A3,43.60 x 8.92 x 124.80,M/CP,45°,T,C
, ,,IN,"VA0140360 0,381",1071 A4,43.60 x 9.05 x 124.80,M/CP,45°,T,C
, ,,IN,"VA0140360 0,508",1071 A5,43.60 x 9.18 x 124.80,M/CP,45°,T,C
, ,,IN,"VA0140360 0,762",1071 A6,43.60 x 9.43 x 124.80,M/CP,45°,T,C
, ,,EX,VE0141283,21071 E,38.08 x 8.66 x 124.95,A/CP,45°,T,C
, ,,EX,"VE0141283 0,076",21071 E1,38.08 x 8.74 x 124.95,A/CP,45°,T,C
, ,,EX,"VE0141283 0,127",21071 E2,38.08 x 8.79 x 124.95,A/CP,45°,T,C
, ,,EX,"VE0141283 0,254",21071 E3,38.08 x 8.92 x 124.95,A/CP,45°,T,C
, ,,EX,"VE0141283 0,381",21071 E4,38.08 x 9.05 x 124.95,A/CP,45°,T,C
, ,,EX,"VE0141283 0,508",21071 E5,38.08 x 9.17 x 124.95,A/CP,45°,T,C
, ,,EX,"VE0141283 0,762",21071 E6,38.08 x 9.43 x 124.95,A/CP,45°,T,C
GENERAL MOTORS,Pick Up C10 Motor XD3 Diesel (Turbo) ,4,IN,VA0440567,1151 A,42.38 x 8.48 x 115.95,M/CP,45°,A,E
, ,,IN,VA0440567+04,1151 A+04,42.38 x 8.48 x 115.95,M/CP,45°,A,E
, ,,IN,VA0440567+08,1151 A+08,42.38 x 8.48 x 115.95,M/CP,45°,A,E
, ,,EX,VE0440581,21051 E,35.38 x 8.46 x 116.15,A/CP,45°,A,A
, ,,EX,VE0440581+04,21051 E+04,35.38 x 8.46 x 116.15,A/CP,45°,A,A
, ,,EX,VE0440581+08,21051 E+08,35.38 x 8.46 x 116.15,A/CP,45°,A,A
GENERAL MOTORS,"Pick Up Grand Blazer DLX, Silverado Conquest Motor MWM 4200cc. Turbo Diesel ",4-6,IN,VA0130277,6156 A,33.00 x 6.96 x 105.10,M/CP,30°,C,A
, ,,EX,VE0130278,26156 E,40.00 x 6.97 x 105.10,A/M/CP,45°,C,A
GENERAL MOTORS,"S10, Blazer, Silverado, F1000 Motor Maxion 2.2l. Diesel",4,IN,VA0570250,22101 A,38.95 x 7.97 x 116.38,A/M/CP,30°,C,A
, ,,EX,VE0570230,22101 E,36.50 x 7.97 x 116.38,A/M/CP,45°,C,A
GENERAL MOTORS,"S10 Duramax XLD28 2,8L 16v. DOHC L4 Diesel Turbo",4,IN,VA0141708,2098 A,"31,75 x 5,953 x 107,6",M/CP/SH,45°30',C,A
,,,EX,VE0141709,22098 E,"29,35 x 5,96 x 107,85",AB/M/CP/ST,45°30',C,A
GENERAL MOTORS,"Celta, Corsa, Meriva, Prisma, Onix. 8v. Motor SOHC 1.4l. Nafta",4,IN,VA0141396,1501 A,38.00 x 5.97 x 104.96,M/CP,44°30',C,C
, ,,EX,VE0141573,21501 E,31.00 x 5.94 x 105.00,AB/M/N,44°30',C,C
GENERAL MOTORS,"Vectra, Kadett, Monza, Omega Motor 1.8-2.0-2.2 l., Astra 2.0l., Blazer, PickUp S10 2.2l. - Nafta/GNC",4,IN,VA0140040,6800 AGNC,41.80 x 7.00 x 104.20,CP/M,44°,A,C
, ,,EX,VE0140039,26800 EGNC,36.50 x 6.99 x 104.00,AB/M/CP,44°,A,A
GENERAL MOTORS,"Vectra, Kadett, Monza, Omega Motor 1.8-2.0-2.2 l., Astra 2.0l., Blazer, PickUp S10 2.2l. - Nafta/GNC",4,IN,VA0140040,6800 AGNC,"41,80 x 7,00 x 104,20",CP/M,44°00',A,C
,,,EX,VE0140039,26820 E,"36,50 x 6,98 x 103,61",AB/N/ST/CP,44°00',A,A
GENERAL MOTORS,"
SPIN - COBALT -  1.8 L 8V SOHC L4 N18XFH (Flex)", 4,IN,VA0251614,6311 A,"37,96 x 5,97 x 101,63",M/CP/SH,44°30',C,C
,,,EX,VE0251615,26411 E,"31,05 x 5,94 x 101,56",A/M/N,44°30',C,C
GENERAL MOTORS,"Sonic 1,6l. 16v. 2012->",4,IN,VA0141656,1512 A,"31,20 x 4,97 x 117,19",M/CP,45°00',C,C
,,,EX,VE0141657,21512 E,"27,43 x 4,95 x 116,25",A/M/ST/CP,45°00',C,C
GILERA,Motocicleta 125 cc. SPORT Nafta,1,IN - EX,VC3241213,502 AE,25.60 x 7.00 x 78.00,M,45°,L,C
GILERA,Motocicleta 150 cc. SUPER SPORT Nafta,1,IN,VA3241210,503 A,27.10 x 7.00 x 88.20,M,45°,L,C
, ,,EX,VE3241214,20503 E,25.60 x 7.00 x 88.20,A,45°,L,C
GILERA,Motocicleta 175 cc. GIUBILEO Nafta,1,IN,VA3241211,506 A,28.50 x 7.00 x 89.70,M,45°,L,C
, ,,EX,VE3241215,20506 E,27.20 x 7.00 x 89.70,A,45°,L,C
GILERA,Motocicleta 200 cc. MACHO Nafta,1,IN,VA3241212,507 A,32.00 x 7.00 x 89.70,A,45°,L,C
, ,,EX,VE3241216,20507 E,30.00 x 7.00 x 89.70,A,45°,L,C
GUZZI,Motocicleta 175 cc. LODOLA Nafta,1,IN,VA3250868,508 A,32.20 x 6.97 x 102.50,M,30°,M,C
, ,,EX,VE3250869,508 E,30.00 x 6.95 x 102.90,M,30°,M,C
HANOMAG,"Tractor R10 al R35, Camión L28 Motor D75, D14, D21, D28 (49/54) Diesel",4,IN,VA3080857,3016 A,41.38 x 8.98 x 169.35,M,45°,O,A
, ,,EX,VE3080858,3016 E,37.38 x 8.98 x 169.35,M,45°,O,A
HANOMAG,"Tractor R40 Motor D28, D28C (61/71) Diesel",4,IN - EX,VC3080860,3027 AE,37.08 x 8.98 x 169.30,M,45°,E,A
HANOMAG,"Tractor R45, R55, R60, R75 Motor D57 (50/69) Diesel",4,IN - EX,VC3080859,3017 AE,40.18 x 9.96 x 161.70,M,45°,E,A
, ,,IN - EX,VC3080859+08,3017 AE+08,40.18 x 9.96 x 161.70,M,45°,E,A
HANOMAG,Tractor R75 Motor D57 - 4 ranuras (1970) Diesel,4,IN - EX,VC3080861,3028 AE,40.18 x 9.96 x 161.70,M,45°,D,A
HONDA,Motocicleta Biz 125cc,1,IN,VA0510227,526 A,24.00 x 4.98 x 72.15,M,45°15',A,C
,,,EX,VE0510228,20526 E,21.00 x 4.95 x 72.00,A/M/CP,45°15',A,A
HONDA,Motocicleta CAA 750 - CA 900 - CB 900 F Nafta,4,IN,VA0510989,520 A,26.20 x 5.48 x 89.90,M,44°45',A,C
, ,,EX,VE0511007,20520 E,22.70 x 5.47 x 88.60,A,44°45',A,C
HONDA,Motocicleta C 100/105 Biz / Wave / CD 100,1,IN,VA0510126,541 A,23.00 x 4.98 x 66.10,M,45°30',A,A
,,,EX,VE0510127,20541 E,20.00 x 4.96 x 65.38,A/M/N,45°30',A,A
HONDA,Motocicleta CB 125 Nafta,1,IN,VA0510981,20518 A,27.70 x 5.47 x 93.50,A,44°45',A,C
, ,,EX,VE0511006,20518 E,21.20 x 5.44 x 92.30,A,44°45',A,C
HONDA,Motocicleta CB 400 Nafta,2,IN,VA0510191,515 A,26.00 x 5.50 x 95.00,M,45°15',A,C
, ,,EX,VE0510192,20515 E,32.00 x 6.60 x 100.60,A,45°,A,C
HONDA,"Motocicleta CBX 150 Aero, NX150 (88->)",1,IN,VA0510070,540 A,31.50 x 5.45 x 89.00,M/CP,45°,A,C
,,,EX,VE0510069,20540 E,27.00 x 5.43 x 88.80,A/M/ST/CP,45°30',A,C
HONDA,"Motocicleta CG Today, Cargo (91->); CH125 (93->), Titan, XLR 125 Nafta",1,IN,VA0510029,20523 A,30.00 x 5.43 x 92.88,A,45°15',A,C
, ,,EX,VE0510030,20523 E,25.00 x 5.43 x 92.30,A/ST/CP,45°15',A,C
HONDA,Cuatriciclo TRX 300 Nafta,1,IN,VA0510983,20524 A,22.56 x 5.48 x 93.50,A,45°,A,C
, ,,EX,VE0511010,20524 E,22.47 x 5.47 x 93.00,A,45°,A,C
HONDA,Motocicleta GL 1000 - GL 1100 Nafta,4,IN,VA0510990,521 A,38.00 x 6.59 x 102.30,M,45°,L,C
, ,,EX,VE0511008,20521 E,32.20 x 6.56 x 101.30,A,45°,L,A
HONDA,"Motocicleta CG, ML125 cc (->90); CG TODAY, CARGO (->91) Nafta",1,IN,VA0510045,20519 A,29.00 x 5.50 x 93.30,A,45°30',A,C
, ,,EX,VE0510046,20519 E,24.00 x 5.40 x 92.60,A/CP,45°30',A,C
HONDA,Motocicleta CB 650 Nafta,4,IN,VA0510988,516 A,31.40 x 5.49 x 90.20,M,45°,A,C
, ,,EX,VE0511004,20516 E,26.17 x 5.47 x 88.58,A,45°,A,C
HONDA,Motocicleta CBX 1047 Nafta,6,IN,VA0510647,517 A,25.20 x 5.47 x 89.60,M,45°,A,A
, ,,EX,VE0511005,20517 E,22.00 x 5.47 x 88.60,A,45°,A,A
HONDA,Motocicleta CM 200 T Nafta,2,IN,VA0510646,514 A,24.70 x 5.46 x 79.20,M,44°45',A,C
, ,,EX,VE0511003,20514 E,20.70 x 5.44 x 78.60,A,44°45',A,C
HONDA,Motocicleta PC 50 Nafta,1,IN,VA0510984,510 A,16.20 x 5.49 x 48.00,M,44°45',E,A
, ,,EX,VE0510999,20510 E,16.20 x 5.46 x 48.30,A,44°45',E,A
HONDA,Motocicleta ST 70 Nafta,1,IN,VA0510645,512 A,25.20 x 5.46 x 64.60,M,45°,E,C
, ,,EX,VE0511001,20512 E,22.20 x 5.44 x 64.00,A,45°,E,C
HONDA,Motocicleta Z 50 J Nafta,1,IN,VA0510985,511 A,23.20 x 5.46 x 66.00,M,44°45',E,C
, ,,EX,VE0511000,20511 E,20.20 x 5.44 x 65.60,A,44°45',E,C
HONDA,Motocicleta NX FALCON 400 Nafta,1,IN,VA0510269,21194 A,33.00 x 5.48 x 102.60,AB/M/CP,45°,A,C
,,,EX,VE0510270,20594 E,29.00 x 5.46 x 101.00,A/M/N,45°30',A,C
,,,EX,VE0511297,21194 E,29.00 x 5.46 x 101.05,A/M/CP,45°,A,C
HONDA,Motocicleta Titan (2002->2004) / Fan 125,1,IN,VA0510195,20543 A,29.00 x 4.98 x 93.40,A/M/N,45°,A,C
,,,EX,VE0510196,20544 E,24.94 x 4.96 x 92.30,A/M/N,45°,A,C
HONDA,Motocicleta Titan 150cc (2004->),1,IN,VA0510197,525 A,30.00 x 4.98 x 83.40,M/CP,45°,A,C
,,,EX,VE0510198,20525 E,26.00 x 4.96 x 82.60,A/M/CP,45°,A,C
HONDA,Motocicleta Twister/Tornado 250,1,IN,VA0510128,542 A,28.00 x 4.98 x 83.53,M/N,45°15',A,C
,,,EX,VE0510129,20542 E,23.48 x 4.96 x 83.30,A/M/N,45°45',A,C
HONDA,Motocicleta XLR 250,1,IN,VA0510130,527 A,28.00 x 5.48 x 87.52,M/N,45°15',A,C
,,,EX,VE0510131,20527 E,25.54 x 5.47 x 87.58,A/M/N,45°15',A,C
HONDA,Motocicleta XLX 250,1,IN,VA0510132,20528 A,28.97 x 5.48 x 105.12,A/M/CP,45°15',A,C
,,,EX,VE0510133,20528 E,26.00 x 5.47 x 103.92,A/M/CP,45°15',A,C
HONDA,Motocicleta XLX 350 / NX350,1,IN,VA0510134,529 A,32.00 x 5.48 x 103.21,M/CP,45°15',A,C
,,,EX,VE0510135,20529 E,29.00 x 5.46 x 101.80,A/M/CP,45°,A,C
HONDA,"Turuna (Todas), ML125 (83->); XL 125 S, Duty Nafta",1,IN,VA0510116,513 A,30.00 x 5.50 x 92.30,M,45°15',A,C
, ,,EX,VE0510117,20513 E,25.00 x 5.40 x 91.40,A/ST/CP,45°30',A,C
HONDA,CIVIC 1.6 LX/ 1.7 LX - D16Z Nafta,4,IN,VA0510209,1191 A,30.00 x 5.47 x 118.50,M/CP,45°,A,C
, ,,EX,VE0510210,21191 E,26.00 x 5.46 x 115.95,AB/M/CP,45°15',A,C
HONDA,Civic CRX 16v./18v. 1493cc. Motor D15 B1-2-7/B16A6 Nafta,4,IN,VA0511291,21190 A,29.00 x 5.48 x 115.02,A/CP,44°30',A,C
, ,,EX,VE0511292,21190 E,25.08 x 5.46 x 118.80,AB/CP,45°,A,C
HONDA,Fit 1400cc. 8v. Nafta,4,IN,VA0510263,1192 A,31.96 x 5.49 x 118.35,M/CP,45°,A,C
, ,,EX,VE0510264,21192 E,27.95 x 5.45 x 118.05,AB/M/CP,45°,A,C
HONDA,"Fit Motor 1,4l. 16v. L13Z SOHC",4,IN,VA0510265,1193 A,27.42 x 5.48 x 118.39,M/CP/SH,45°,A,C
, ,,EX,VE0510266,21193 E,23.05 x 5.45 x 117.52,AB/M/CP,45°,A,C
HONDA,New Civic R18A1 1800cc. - CRV R20A2 2000CC. 16V SOHC L4  -Nafta,4,IN,VA0510257,1391 A,31.94 x 5.49 x 116.62,M/N/SH,45°30',A,C
, ,,EX,VE0510210,21191 E,26.00 x 5.46 x 115.95,AB/M/N,45°15',A,C
HONDA,"CR-V 2,4l. Motor K24A1", 4,IN,VA5511636,1189 A,"35,00  x 5,47 x 109,11",M/N,45°00',A,C
,,,EX,VE5511618,21189 E,"29,93 x 5,45 x 108,63",AB/M/N,45°00',A,C
HONDA,CB600 Hornet até 2007,2,IN,VA0551628,545 A,"25,5 x 3,98 x 79,33",M/N,45°00',E,C
,,,EX,VE0511629,20545 E,"22,00 x 3,96 x 79,33",X/M/N,45°00',E,C
HONDA,CB600 Hornet 2008->,2,IN,VA0511630,546 A,"27,50 x 3,98 x 88,60",M/N,45°00',E,A
,,,EX,VE0511631,20546 E,"22,52 x 3,97 x 88,76",X/M/N,45°00',E,A
HONDA,CRF 230,1,IN,VA0511634,590,"31,50 x 5,46 x 89,63",M/N,45°00',A,C
,,,EX,VE0511635,20590 E,"26,97 x 5,43 x 89,20",AB/N ,45°00',A,C
HONDA,"Fit Motor 1,4l. 16v. L13Z SOHC",4,IN,VA5511683,1113 A,"28,00 x 5,48 x 118,89",M/N/SH,45°,A,C
,,,EX,VE5511684,21193 E,"23,08 x 5,45 x 117,57",AB/M/N,45°,A,C
HYUNDAI,250 Truck Canter 5.4l. Diesel ,4,IN,VA2081185,5052 A,44.00 x 8.97 x 137.00,A/M/CP,45°,A,A
, ,,EX,VE2081187,25052 E,37.10 x 8.94 x 137.00,A/M/CP,45°,A,A
HYUNDAI,Atos Prime 1000 cc. Motor G4HC - 12v. Nafta,4,IN,VA2081300,5049 A,23.04 x 5.47 x 100.32,M/CP,45°,F,C
, ,,EX,VE0441009,25049 E,27.00 x 5.47 x 100.42,A/M/CP,45°,F,C
HYUNDAI,H100 Motor D4BB 2.5l. Diesel ,4,IN,VA2081301,5053 A,42.00 x 7.97 x 132.00,M/CP/SH,45°,F,C
, ,,EX,VE2081302,25053  E,35.95 x 7.97 x 131.90,A/M/ST/CP,45°,F,C
HYUNDAI,Lantra 1.6-1.8 l. - Sonica 2.0l. 16v. Nafta,4,IN,VA1950838,5051 A,34.00 x 6.58 x 109.36,M/CP,44°30',A,C
, ,,EX,VE2081186,25051 E,30.50 x 6.54 x 109.60,A/M/ST/CP,45°,A,C
HYUNDAI,Motor 4D55/4D56 H100 Diesel ,4,IN,VA2080849,5050 A,42.00 x 7.98 x 135.85,M/CP,44°30',A,C
, ,,EX,VE2080848,25050 E,36.05 x 7.95 x 136.00,A/M/CP,45°,A,A
HYUNDAI ,"Kia Carens, New Sportage - Hyundai Santa Fe 2000cc. 16v. Turbo Diesel ",4,IN,VA2081440,1150 A,28.56 x 5.94 x 95.66,M/N,45°,A,A
, ,,EX,VE2081441,21150 E,24.36 x 5.91 x 95.27,A/M/N,45°,A,A
HYUNDAI ,"HB20 Motor Kappa 1,0l. 12v. (2012 ->)",3,IN,VA2081664,5059 A,"26,80 x 5,47 x 92,85",M/N,45°30',A,C
,,,EX,VE2081665,25059 E,"24,13 x 5,45 x 93,45",A/N/ST,45°30',A,C
HYUNDAI ,"Hyundai H1, H300 Motor D4CB 2.5L Diesel",4,IN,VA2111594,5155 A,"31,80 x 6,97 x 110,53",M/N,45°00',C,A
,,,EX,VE2111595,25155 E,"28,00 x 6,94 x 110,49",A/M/N,44°30,C,A
INTERNATIONAL,"Motor 152, V304, V345 Diesel",4-8,IN,VA0381062,2071 A,50.06 x 9.46 x 132.60,M,45°,T,A
, ,,EX,VE0381070,22071 E,40.85 x 9.44 x 139.05,A,44°45',T,A
INTERNATIONAL,Motor 196 - V392 Diesel,8,IN,VA0381061,2070 A,52.80 x 9.46 x 133.40,M,30°,T,A
, ,,EX,VE0381069,22070 E,44.10 x 10.53 x 139.25,A,44°45',T,A
INTERNATIONAL,"Motor D2, D15, D30, C15, C30, K1 al K5 (35/49) Diesel",6,IN,VA0381059,2010 A,43.20 x 9.45 x 143.00,M,45°,B,A
, ,,EX,VE0381067,2010 E,37.00 x 9.44 x 143.90,M,45°,B,B
INTERNATIONAL,"Motor D414, D436, D466 (N.T.), DT414, DT436, DT466 (Turbo) 210HP Diesel",6,IN,VA0380226,22038 A,50.02 x 9.45 x 146.95,A,30°,F,A
, ,,EX,VE0380227,22038 E,40.62 x 9.43 x 147.07,A/ST/CP,45°,F,A
INTERNATIONAL,Motor DT466 Diesel ,6,IN,VA0381307,22062 A,50.02 x 9.45 x 146.95,A,30°,F,A
, ,,EX,VE0381310,22062 E,40.62 x 9.45 x 146.95,A,45°,F,A
INTERNATIONAL,Motor DT466 Turbo 185HP Electrónico (2000 en ad.) Diesel,6,IN,VA0381064,2248 A,50.00 x 9.45 x 152.15,M/CP,30°,A,A
, ,,EX,VE0381313,22238 E,40.70 x 9.43 x 147.05,A/ST/CP,45°,F,A
INTERNATIONAL,Motor DTA360 5.9l. Turbo 150/170 HP Diesel,6,IN,VA0380228,22060 A,43.40 x 9.45 x 144.50,A/CP,30°,F,A
, ,,EX,VE0380229,22061 E,36.93 x 9.42 x 144.48,A/CP,45°,A,A
INTERNATIONAL,"Motor NGD DT408 - DT466 Turbo 185HP (3/8"") (anterior año 2000) Diesel",6,IN,VA0381063,2238 A,50.05 x 9.45 x 147.02,M/CP,30°,F,A
, ,,EX,VE0381313,22238 E,40.70 x 9.43 x 147.05,A/M/ST,45°,F,A
INTERNATIONAL,"Motor NGD DT408 - DT466 Turbo 185HP (5/16"") Diesel",6,IN,VA0380231,2072 A,50.05 x 7.94 x 147.00,M/CP,30°,F,A
, ,,EX,VE0380230,22072 E,40.75 x 7.91 x 147.15,A/ST/CP,45°,A,A
INTERNATIONAL,"Motor NGD DT466E 250HP (3/8"") Diesel",6,IN,VA0381304,2073 A,45.30 x 9.46 x 152.27,M/CP,30°,F,A
, ,,EX,VE0381698,22173 E,"45,40 x 9,43 x 152,17",A/ST/CP,45°,F,A
INTERNATIONAL,"Motor TD9, WD9 (40/57) Diesel",6,IN,VA0381060,2011 A,47.90 x 10.21 x 198.50,M,45°,E,A
, ,,EX,VE0381068,2011 E,43.20 x 10.21 x 198.50,M,45°,E,A
INTERNATIONAL,"NGD DT 466E , 250 Hp, 3/8""",6,IN,VA0381304,2073 A,"45,30 x 9,46 x 152,27",M/CP,30°00',F,A
,,,EX,VE0381698,22173 E,"45,40 x 9,43 x 152,17",A/ST/CP,45°00',F,A
ISARD,Royal T 700 (61/64) Nafta,2,IN,VA3261217,1028 A,36.00 x 7.96 x 97.70,M,45°,M,A
, ,,EX,VE3260870,21028 E,33.20 x 7.97 x 96.10,A,45°,M,A
ISUZU,C190/C220/C240 2000-2200cc. Diesel ,4,IN,VA0240971,5307 A,38.00 x 7.95 x 115.90,M/CP,45°,A,A
, ,,EX,VE0240972,25307 E,31.93 x 7.93 x 115.90,A/CP,45°,A,A
ISUZU,"Motor 4EE1 1700cc., 4EC1 1500cc. Diesel ",4,IN,VA0140361,1213 A,35.00 x 6.96 x 104.10,M/CP,44°,A,A
, ,,EX,VE0140368,21213 E,30.55 x 6.96 x 103.85,A/CP,44°,A,C
ISUZU,"Motor 4JA1 4x4 2500cc. , Motor 4JB1 Trooper 2800cc. Turbo Diesel ",4,IN,VA0240454,1125 A,40.20 x 7.95 x 117.95,M/CP,44°30',A,A
, ,,EX,VE0240455,21125 E,35.65 x 7.93 x 118.23,A/CP,45°,A,A
ISUZU,Motor Luv 4ZA1 1600cc. Nafta,4,IN,VA0240460,5306 A,40.28 x 7.95 x 110.65,M,44°45',E,C
, ,,EX,VE0240461,25306 E,33.98 x 7.93 x 109.65,A,45°,E,C
ISUZU,Motor Luv G161 (72/80) G200-G200Z (79 en ad.) Nafta,4,IN,VA0240456,5301 A,42.33 x 7.94 x 109.37,M,44°30',E,C
, ,,EX,VE0240457,25301 E,33.98 x 7.93 x 109.25,A,44°30',E,C
ISUZU,Motor Luv G180/G180S/G180Z Nafta,4,IN,VA0240458,5302 A,40.33 x 7.94 x 110.45,M,44°30',E,C
, ,,EX,VE0240459,25302 E,33.98 x 7.93 x 110.65,A,45°,E,C
ISUZU,"Motor Trooper II, Impulse 4ZC1 1994cc. - 4ZD1 2300cc. Diesel ",4,IN,VA0240451,1114 A,42.23 x 7.95 x 110.15,M,45°,E,C
, ,,EX,VE0240452,21114 E,35.98 x 7.93 x 109.95,A,44°30',E,C
, ,,EX,VE0240453,1114 E,35.98 x 7.93 x 109.95,M,44°30',E,C
ISUZU,NKR Motor 4HF1 4300cc. Diesel ,4,IN,VA0240462,5308 A,50.00 x 8.95 x 140.82,M,45°,A,C
, ,,EX,VE0240463,25308 E,42.00 x 8.94 x 140.35,A,45°,A,C
IVECO,"619N, 682(62/67) Diesel",6,IN,VA0250485,2048 A,57.88 x 10.99 x 166.95,M,44°30',A,A
, ,,EX,VE0250486,22048 E,48.90 x 10.99 x 167.00,A/CP,44°30',A,A
IVECO,"619N1-T1, 697N-T-B,319N, Motor 8210 Diesel",6,IN,VA0250483,2027 A,58.98 x 10.99 x 169.85,MN/CP,44°30',A,A
, ,,IN,VA0250483+04,2027 A+04,58.98 x 10.99 x 169.85,MN/CP,44°30',A,A
, ,,IN,VA0250483+08,2027 A+08,58.98 x 10.99 x 169.85,MN/CP,44°30',A,A
, ,,EX,VE0010285,22027 E,48.95 x 10.99 x 169.85,A/ST/CP,44°30',A,A
, ,,EX,VE0010285+04,22027 E+04,48.95 x 10.99 x 169.85,A/ST/CP,44°30',A,A
, ,,EX,VE0010285+08,22027 E+08,48.95 x 10.99 x 169.85,A/ST/CP,44°30',A,A
IVECO,"673, Motor CP3, 900 Diesel",3-4-6,IN,VA0250538,3032 A,42.88 x 7.95 x 137.70,M,44°45',A,D
, ,,IN,VA0250538+08,3032 A+08,42.88 x 7.95 x 137.70,M,44°45',A,D
, ,,EX,VE0250516,23029 E,36.48 x 7.95 x 137.75,A,44°45',A,A
, ,,EX,VE0250516+08,23029 E+08,36.48 x 7.95 x 137.75,A,44°45',A,A
IVECO,150 Motor 8060-25A.695 (Turbo) Diesel,6,IN,VA0250487,2085 A,45.38 x 7.99 x 125.70,M/CP,30°,A,A
, ,,IN,VA0250487+04,2085 A+04,45.38 x 7.99 x 125.70,M/CP,30°,A,A
, ,,EX,VE0250488,22085 E,37.61 x 7.99 x 125.70,A/CP,45°,A,A
, ,,EX,VE0250488+04,22085 E+04,37.61 x 7.99 x 125.70,A/CP,45°,A,A
IVECO, Daily 35.10-A45.10-49.10 Turbo Motor 8140.47 - Ducato 2500cc. DS Asp. Normal Diesel,4,IN,VA0250513,22087 A,43.35 x 7.99 x 121.80,AB/M/CP,30°,A,A
, ,,EX,VE0250514,22087 E,36.60 x 7.99 x 121.95,AB/M/CP,44°30',A,A
IVECO, Daily 40.8 Turbo Motor 8140.07 - Marengo Ducato (78/83) Motor 8140.23 2500cc. TDS-TDSE Diesel,4,IN,VA0010211,22083 A,40.90 x 7.99 x 120.90,M/CP,30°,A,A
, ,,EX,VE0250510,22083 E,34.40 x 7.99 x 121.90,A/CP,44°30',A,A
IVECO, Daily 49.10 Turbo - Marengo Ducato (83 en ad.) Diesel,4,IN,VA0250509,22082 A,40.90 x 7.99 x 121.80,A/CP,30°,A,A
, ,,EX,VE0250510,22083 E,34.40 x 7.99 x 121.90,A/CP,44°30',A,A
IVECO,"Daily Motor FPT F1C 3,0l. 16v (2010->)",4,IN,VA0011467,2703 A,"32,38 x 5,992 x 119,94",M/CP,30°00',C,A
,,,EX,VE0011468,22703 E,"32,33 x 5,982 x 119,96",AB/M/CP,30°00',C,A
IVECO,"Eurocargo Motor 8060.25A 130kw,8060.25RA 105kw, 8060.45A 152kw 5861cc. Diesel",6,IN,VA0250491,2089 A,45.50 x 7.99 x 125.75,M/CP,29°30',A,A
, ,,EX,VE0010284,22089 E,37.63 x 7.99 x 125.75,AB/M/ST/CP,44°30',A,A
IVECO,EUROCARGO 230E24 TECTOR F4AE CL 4815 0681B 5.9L 247V SOHV L6 - EURO III,6,IN,VA0210442,2074 A,33.00 x 7.00 x 124.65,M/CP,30°,A,A
,TECTOR 240E28S NEF6 5.9L 24V SOHV L6 - EURO V - Motor Cummins,,EX,VE0210443,22074 E,33.00 x 7.00 x 124.28,A/M/CP,45°,A,A
IVECO,"Eurotrakker Motor 8210.42 200E 41H, 450E 41HT Turbo Intercooler 13798cc. Diesel",6,IN,VA0250489,2088 A,57.38 x 10.99 x 169.90,M/CP/SH,29°30',A,A
, ,,EX,VE0250490,22088 E,47.88 x 10.98 x 169.90,AB/M/ST/CP,44°30',A,A
IVECO,Motor 8210 (Turbo) 619 190.29 Diesel,6,IN,VA0250505,2127 A,58.87 x 10.99 x 169.90,MN/CP,44°30',A,A
, ,,EX,VE0010285,22027 E,48.95 x 10.99 x 169.85,A/ST/CP,44°30',A,A
IVECO,New Daily 40.10/45.10/49.10 Motor 8140.43 2800cc. Turbo (122CV) - Renault MASTER Diesel,4,IN,VA0010211,22083 A,40.90 x 7.99 x 120.90,A/CP,30°,A,A
, ,,EX,VE0010212,22183 E,35.90 x 7.99 x 121.95,A/M/CP,44°30',A,A
IVECO,Serie 190.33 Turbo Motor 8210.22 Diesel,6,IN,VA0250511,22084 A,57.40 x 10.99 x 170.85,A/M/CP,29°30',A,A
, ,,EX,VE0250512,22084 E,47.90 x 10.99 x 169.80,A/M,44°45',A,A
IVECO,"Cursor 13 12,8l. 24v- Stralis/Traker (2005->)",6,IN,VA0011469,2702 A,46.96 x 9.98 x 199.23,M/CP,60°30',A,C
,,,EX,VE0011470,22702 E,"45,91 x 9,97 x 198,10",A/M/CP,45°30',A,A
IVECO, Euro Trakker/Euro Tech Cursor 8/9 - F2B/F2BE 0681 7790cm3 - EURO II/III,6,IN,VA0011687,2501 A,"40,00 x 7,97 x 174,40",MV/CP/SH,29°30',A,A
,,,EX,VE0011688,22501 ECB,"39,00 x 7,97 x 173,30",X/M/CP,45°,A,A
JEEP,Motor 225 (65) Nafta,6,IN,VA1211173,1900 A,41.35 x 8.64 x 118.10,M,44°30',M,C
, ,,IN,"VA1211173 0,076",1900 A1,41.35 x 8.72 x 118.10,M,44°30',M,C
, ,,IN,"VA1211173 0,127",1900 A2,41.35 x 8.77 x 118.10,M,44°30',M,C
, ,,IN,"VA1211173 0,254",1900 A3,41.35 x 8.89 x 118.10,M,44°30',M,C
, ,,IN,"VA1211173 0,381",1900 A4,41.35 x 9.02 x 118.10,M,44°30',M,C
, ,,IN,"VA1211173 0,762",1900 A6,41.35 x 9.40 x 118.10,M,44°30',M,C
, ,,EX,VE1211175,21900 E,34.92 x 8.65 x 117.95,A,44°30',M,A
, ,,EX,"VE1211175 0,076",21900 E1,34.92 x 8.73 x 117.95,A,44°30',M,A
, ,,EX,"VE1211175 0,127",21900 E2,34.92 x 8.78 x 117.95,A,44°30',M,A
, ,,EX,"VE1211175 0,254",21900 E3,34.92 x 8.90 x 117.95,A,44°30',M,A
, ,,EX,"VE1211175 0,381",21900 E4,34.92 x 9.03 x 117.95,A,44°30',M,A
, ,,EX,"VE1211175 0,762",21900 E6,34.92 x 9.41 x 117.95,A,44°30',M,A
JEEP,Motor 232 - 258 - 304 (73/80) Nafta,6-8,IN,VA1211172,1036 A,45.50 x 9.45 x 124.20,M,30°,D,A
, ,,IN,"VA1211172 0,076",1036 A1,45.50 x 9.53 x 124.20,M,30°,D,A
, ,,IN,"VA1211172 0,381",1036 A4,45.50 x 9.83 x 124.20,M,30°,D,A
, ,,IN,"VA1211172 0,762",1036 A6,45.50 x 10.21 x 124.20,M/CP,30°,D,A
, ,,EX,VE1211174,1037 E,35.80 x 9.43 x 124.65,M,45°,D,E
, ,,EX,"VE1211174 0,076",1037 E1,35.80 x 9.50 x 124.65,M,45°,D,E
, ,,EX,"VE1211174 0,381",1037 E4,35.80 x 9.81 x 124.65,M,45°,D,E
, ,,EX,"VE1211174 0,762",1037 E6,35.80 x 10.19 x 124.65,M,45°,D,E
JEEP,Motor F4-134 (42/55) Nafta,4,IN,VA1210447,1029 A,38.93 x 9.46 x 147.65,M,44°30',L,A
, ,,EX,VE1210448,1029 E,37.33 x 9.44 x 147.40,M,44°30',L,A
JEEP,Motor F-134 Hurricane (50/73),4,IN,VA1211668,1031 A,"50,90 x 9,48 x 122,00",M,45°,L,C
,,,EX,VE1210449,21031 E,"37,28 x 9,43 x 150,05",A,45,E,A
JEEP,"Motor 2,6l. (hasta 1964) Rural",6,IN,VA1211669,6453 A,"44,50 x 9,48 x 115,05",M,45°,L,A
,,,EX,VE1210450,6453 E,"32,65 x 8,63 x 117,10",M,45°,E,C
JEEP,"Motor 2,6l. (Post 1964) Rural",6,IN,VA1211669,6453 A,"44,50 x 9,48 x 115,05",M,45°,L,A
,,,EX,VE0230118,26454 E,"35,88 x 8,62 x 117,35",A,45°,E,E
JOHN DEERE,"Serie 300 Motor 152, 164, 179, 202, 219, 239 Asp. Normal Diesel",4-6,IN,VA0431033,3233 A,45.08 x 9.45 x 130.92,M/CP,43°30',T,A
, ,,IN,"VA0431033 0,076",3233 A1,45.08 x 9.52 x 130.92,M/CP,43°30',T,A
, ,,IN,"VA0431033 0,381",3233 A4,45.08 x 9.83 x 130.92,M/CP,43°30',T,A
, ,,IN,"VA0431033 0,762",3233 A6,45.08 x 10.21 x 130.92,M/CP,43°30',T,A
, ,,EX,VE0431323,23233 E,40.08 x 9.45 x 130.92,A/CP,43°30',T,A
, ,,EX,"VE0431323 0,076",23233 E1,40.08 x 9.52 x 130.92,A/CP,43°30',T,A
, ,,EX,"VE0431323 0,381",23233 E4,40.08 x 9.83 x 130.92,A/CP,43°30',T,A
, ,,EX,"VE0431323 0,762",23233 E6,40.08 x 10.21 x 130.92,A/CP,43°30',T,A
JOHN DEERE,"Serie 300 Motor 179, 239, 276, 359, 414 Turbo Aftercooler Diesel",4-6,IN,VA0431023,23234 A,46.20 x 9.45 x 131.25,A/ST/CP,29°30',T,A
, ,,IN,"VA0431023 0,076",23234 A1,46.20 x 9.52 x 131.25,A/ST/CP,29°30',T,A
, ,,IN,"VA0431023 0,381",23234 A4,46.20 x 9.82 x 131.25,A/ST/CP,29°30',T,A
, ,,EX,VE0431323,23233 E,40.08 x 9.45 x 130.92,A/CP,43°30',T,A
, ,,EX,"VE0431323 0,076",23233 E1,40.08 x 9.52 x 130.92,A/CP,43°30',T,A
, ,,EX,"VE0431323 0,381",23233 E4,40.08 x 9.83 x 130.92,A/CP,43°30',T,A
JOHN DEERE,"Serie 400 Motor 270, 404, 466 Turbo - 404 Turbo Aftercooler Diesel",4-6,IN,VA0431025,3058 A,48.30 x 9.45 x 156.20,M/ST/CP,44°15',T,E
, ,,IN,"VA0431025 0,381",3058 A4,48.30 x 9.83 x 156.20,M/ST/CP,44°15',T,E
, ,,EX,VE0431321,23158 E,43.50 x 9.45 x 155.80,A/M/ST/CP,44°30',E,E
, ,,EX,"VE0431321 0,381",23158 E4,43.50 x 9.83 x 155.80,A/M/ST/CP,44°30',E,E
JOHN DEERE,"Serie 400 Motor 404, 466 Turbo Diesel",4-6,IN,VA0431032,3158 A,43.55 x 9.45 x 157.30,M/CP,29°15',T,E
, ,,EX,VE0431315,23058 E,43.50 x 9.45 x 157.75,A/M/ST/CP,29°30',E,E
JOHN DEERE,Serie 400 Motor 4-270 y 6-404 Asp. Normal Diesel,4-6,IN,VA0431026,3059 A,48.38 x 9.45 x 158.76,M/CP,44°30',B,A
, ,,EX,VE0431316,23059 E,43.55 x 9.45 x 158.20,A/M/CP,44°30',B,A
JOHN DEERE,Serie 400 Motor 6-076 Diesel,6,IN,VA0431030,3063 A,51.00 x 9.47 x 153.95,M/CP,29°30',E,A
, ,,EX,VE0431319,23063 E,47.00 x 9.45 x 156.76,A/M/ST/CP,29°15',F,A
JOHN DEERE,Serie 500 Motor 6-531 Turbo Aftercooler Diesel,6,IN,VA0431028,3061 A,51.60 x 11.03 x 168.55,M/CP,29°30',E,A
, ,,EX,VE0431317,23061 E,47.60 x 11.03 x 168.10,AB/M/ST/CP,44°30',E,A
JOHN DEERE,Serie 500 Motor 6-619 Turbo Aftercooler Diesel,6,IN,VA0431029,3062 A,51.60 x 11.03 x 169.25,M/ST/CP,19°30',A,A
, ,,EX,VE0431318,23062 E,47.60 x 11.02 x 169.00,A/M/ST/CP,29°30',E,A
JOHN DEERE,"Tractor ""D"" Importado (31/58) 730 (58/71) Diesel",2,IN,VA0430543,3020 A,63.58 x 12.61 x 211.55,M,44°30',E,A
, ,,IN,VA0430543+08,3020 A+08,63.58 x 12.61 x 211.55,M,44°30',E,A
, ,,EX,VE0430544,3020 E,48.48 x 12.61 x 210.95,M,44°30',E,A
, ,,EX,VE0430544+08,3020 E+08,48.48 x 12.61 x 210.95,M,44°30',E,A
JOHN DEERE,"Tractor 1420, 2420, 3420, 4420, Línea XY30 Diesel",3-4-6,IN,VA0430540,3033 A,45.08 x 9.45 x 130.92,M/CP,43°30',E,A
, ,,IN,VA0430540+08,3033 A+08,45.08 x 9.45 x 130.92,M/CP,43°30',E,A
, ,,IN,"VA0430540 0,076",3033 A1,45.08 x 9.52 x 130.92,M/CP,43°30',E,A
, ,,IN,"VA0430540 0,076+08",3033 A1+08,45.08 x 9.52 x 130.92,M/CP,43°30',E,A
, ,,IN,"VA0430540 0,127",3033 A2,45.08 x 9.57 x 130.92,M/CP,43°30',E,A
, ,,IN,"VA0430540 0,127+08",3033 A2+08,45.08 x 9.57 x 130.92,M/CP,43°30',E,A
, ,,IN,"VA0430540 0,254",3033 A3,45.08 x 9.70 x 130.92,M/CP,43°30',E,A
, ,,IN,"VA0430540 0,254+08",3033 A3+08,45.08 x 9.70 x 130.92,M/CP,43°30',E,A
, ,,IN,"VA0430540 0,381",3033 A4,45.08 x 9.83 x 130.92,M/CP,43°30',E,A
, ,,IN,"VA0430540 0,381+08",3033 A4+08,45.08 x 9.83 x 130.92,M/CP,43°30',E,A
, ,,EX,VE0430541,23033 E,40.08 x 9.45 x 130.92,A/CP,43°30',E,A
, ,,EX,VE0430541+08,23033 E+08,40.08 x 9.45 x 130.92,A/CP,43°30',E,A
, ,,EX,"VE0430541 0,076",23033 E1,40.08 x 9.52 x 130.92,A/CP,43°30',E,A
, ,,EX,"VE0430541 0,076+08",23033 E1+08,40.08 x 9.52 x 130.92,A/CP,43°30',E,A
, ,,EX,"VE0430541 0,127",23033 E2,40.08 x 9.57 x 130.92,A/CP,43°30',E,A
, ,,EX,"VE0430541 0,127+08",23033 E2+08,40.08 x 9.57 x 130.92,A/CP,43°30',E,A
, ,,EX,"VE0430541 0,254",23033 E3,40.08 x 9.70 x 130.92,A/CP,43°30',E,A
, ,,EX,"VE0430541 0,254+08",23033 E3+08,40.08 x 9.70 x 130.92,A/CP,43°30',E,A
, ,,EX,"VE0430541 0,381",23033 E4,40.08 x 9.83 x 130.92,A/CP,43°30',E,A
, ,,EX,"VE0430541 0,381+08",23033 E4+08,40.08 x 9.83 x 130.92,A/CP,43°30',E,A
JOHN DEERE,Tractor 445 Diesel,2,IN - EX,VC0430539,22056 AE,35.49 x 7.87 x 162.70,A,30°,E,A
, ,,IN - EX,VC0430539+08,22056 AE+08,35.49 x 7.87 x 162.70,A,30°,E,A
JOHN DEERE,"Tractor Motor 4-039 DJ01/02-TJ01, 6-059 DJ01-TJ01/02/03, 6-068 DJ01, MUN 4D/4T/6O/6T Diesel",4-6,IN,VA0430546,3051 A,46.58 x 7.87 x 134.07,M/CP,29°15',A,A
, ,,IN,"VA0430546 0,381",3051 A4,46.58 x 8.25 x 134.07,M/CP,29°15',A,A
, ,,EX,VE0430542,23051 E,42.48 x 7.87 x 133.46,A/CP,29°15',A,A
, ,,EX,"VE0430542 0,381",23051 E4,42.48 x 8.24 x 133.46,A/CP,29°15',A,A
JOHN DEERE,"Tractor Motor 439, 639 (Turbo) Diesel",4-6,IN,VA0430545,3049 A,46.23 x 9.44 x 130.92,M/CP,29°30',E,A
, ,,IN,"VA0430545 0,076",3049 A1,46.23 x 9.52 x 130.92,M/CP,29°30',E,A
, ,,IN,"VA0430545 0,127",3049 A2,46.23 x 9.57 x 130.92,M/CP,29°30',E,A
, ,,IN,"VA0430545 0,381",3049 A4,46.23 x 9.82 x 130.92,M/CP,29°30',E,A
, ,,EX,VE0430541,23033 E,40.08 x 9.45 x 130.92,A/CP,43°30',E,A
, ,,EX,"VE0430541 0,076",23033 E1,40.08 x 9.52 x 130.92,A/CP,43°30',E,A
, ,,EX,"VE0430541 0,127",23033 E2,40.08 x 9.57 x 130.92,A/CP,43°30',E,A
, ,,EX,"VE0430541 0,381",23033 E4,40.08 x 9.83 x 130.92,A/CP,43°30',E,A
KAWASAKI,Motocicleta ZX4 400cc. 16v. Nafta,4,IN,VA3161194,535 A,22.00 x 3.99 x 84.85,M/CP,45°,A,C
, ,,EX,VE3161200,20535 E,19.00 x 3.97 x 85.55,A/CP,45°,A,C
KAWASAKI,Moto Z1000 Mk.II Nafta,4,IN,VA3161191,532 A,36.10 x 6.97 x 91.80,M,45°,A,C
, ,,EX,VE3160862,20532 E,30.20 x 6.96 x 90.40,A,45°,A,C
KAWASAKI,Motocicleta Z250 A Nafta,2,IN,VA3161193,534 A,36.90 x 6.96 x 100.60,M,45°,A,C
, ,,EX,VE3161199,20534 E,30.65 x 6.95 x 99.10,A,45°,A,C
KAWASAKI,Motocicleta Z440 Nafta,2,IN,VA3161192,533 A,36.00 x 6.97 x 94.50,M,45°,A,C
, ,,EX,VE3161198,20533 E,30.90 x 6.96 x 93.00,A,45°,A,C
KAWASAKI,Motocicleta Z650B Nafta,4,IN,VA3161189,530 A,33.20 x 6.97 x 92.80,M,44°45',A,C
, ,,EX,VE3161196,20530 E,28.20 x 6.96 x 92.50,A,44°45',A,C
KAWASAKI,"Motocicleta Z750 E, LTD. Nafta",4,IN,VA3161190,531 A,34.20 x 6.97 x 93.10,M,44°45',A,C
, ,,EX,VE3161197,20531 E,30.20 x 6.96 x 92.40,A,44°45',A,C
KAWASAKI,Motocicleta ZXR250 Ninja Nafta,2,IN,VA3161195,536 A,18.60 x 3.99 x 81.80,M/CP,45°,A,A
, ,,EX,VE3161201,20536 E,16.60 x 3.97 x 82.00,A/CP,44°30',A,A
KIA MOTORS,Besta 2.7L Diesel ,4,IN,VA2110185,21147 A,41.10 x 8.97 x 114.65,A/M/CP,44°52',A,C
, ,,EX,VE2110186,21147 E,35.00 x 8.96 x 114.60,A/M/CP,29°30',A,C
KIA MOTORS,Besta GS 3.0L Diesel ,4,IN,VA2110187,1146 A,44.05 x 8.48 x 112.70,M/CP,45°,A,A
, ,,EX,VE2110188,21146 E,37.35 x 8.45 x 112.93,A/M/N,45°,A,A
KIA MOTORS,Besta K 2.4l. Diesel ,4,IN,VA0870812,5305 A,40.55 x 7.96 x 114.60,M,45°,A,A
, ,,EX,VE0870814,25315 E,35.45 x 7.93 x 114.25,A,45°,A,A
KIA MOTORS,"Kia Carens, New Sportage - Hyundai Santa Fe 2000cc. 16v. Turbo Diesel ",4,IN,VA2081440,1150 A,28.56 x 5.94 x 95.66,M/N,45°,A,A
, ,,EX,VE2081441,21150 E,24.36 x 5.91 x 95.27,A/M/N,45°,A,A
KIA MOTORS,"Sportage 2.0l, BESTA 2.2L MAGMA e HURICANE - Motor R2 Diesel ",4,IN,VA2110229,1145 A,41.00 x 7.98 x 107.00,M/N,45°,A,A
, ,,EX,VE2110249,21145 E,36.00 x 7.97 x 106.95,A/N,45°15',A,A
KIA MOTORS,Kia Sorento Motor D4CB 2.5L Diesel,4,IN,VA2111594,5155 A,"31,80 x 6,97 x 110,53",M/N,45°00',C,A
,,,EX,VE2111595,25155 E,"28,00 x 6,94 x 110,49",A/M/N,44°30,C,A
KOMATSU,Motor Industrial D155A - D355A (Mod. 73 en Ad.) Diesel,4-6,IN,VA0861149,3044 A,56.16 x 10.93 x 212.50,M,30°,A,A
KUBOTTA,"Motor AR140, AF140, AR160, AF160 Diesel ",1,IN,VA0411022,6483 A,43.10 x 8.98 x 148.55,M,45°,L,E
KUBOTTA,"Motor T5, AR50, AF50 Diesel ",1,IN,VA0411021,6481 A,29.00 x 6.95 x 87.20,M,45°,L,E
KUBOTTA,"Motor T8, AR80, AR90, AR100 Diesel ",1,EX,VE0411023,6482 E,33.05 x 7.97 x 129.40,M,45°,L,E
LADA,Motor 2105 Mod. 72/78 Nafta,4,IN,VA0640741,1552 A,36.98 x 7.99 x 112.45,M,44°30',A,A
, ,,EX,VE0640742,21552 E,31.43 x 7.99 x 112.80,A,44°30',A,A
LADA,Samara 1100-1300 Nafta,4,IN,VA0640743,1553 A,35.00 x 7.99 x 104.00,M,45°,C,A
, ,,EX,VE0640744,1553 E,31.40 x 8.00 x 104.00,M,44°30',C,A
LADA,Samara 1500 Nafta,4,IN,VA0640745,1554 A,36.95 x 8.00 x 104.00,M,45°,C,A
, ,,EX,VE0640744,1553 E,31.40 x 8.00 x 104.00,M,44°30',C,A
MACK TRUCKS,"Motor Etech, Camion Mack Granite E7; Camion Renault Magnum 390 - 12lts. Diesel",6,IN,VA0601442,2244 A,43.03 x 9.46 x 176.67,M/CP/ST,20°,E,C
, ,,EX,VE0601443,22244 E,39.93 x 9.44 x 174.52,AB/M/CP,30°,E,A
MACK TRUCKS,Motor EN11 Diesel,6,IN,VA0601113,2020 A,38.50 x 8.66 x 131.90,M/CP,30°,P,B
, ,,EX,VE0601116,22020 E,33.80 x 8.60 x 132.00,AB,45°,P,A
MACK TRUCKS,Motor EN12 Diesel,6,IN,VA0601113,2020 A,38.50 x 8.66 x 131.90,M/CP,30°,P,B
, ,,EX,VE0601117,22021 E,33.80 x 8.60 x 132.00,AB,45°,E,A
MACK TRUCKS,E7 Mecanico,6,IN,VA0601675,22224 A,"48,00 x 12,61 x 174,32",A/M/ST/CP,30°00',E,E
,,,EX,VE0601676,22224 E,"39,93 x 9,43 x 174,44",A/M/CP,30°00',E,E
MACK TRUCKS,E7 Electronico,6,IN,VA0601677,2431 A,"43,00 x 9,45 x179,20",M/CP/ST,20°00',E,E
,,,EX,VE0601678,22410 E,"40,00 x 9,44 x 177,58",A/M/CP,30°00',E,A
MACK TRUCKS,675 Nuevo,6,IN,VA0601679,2122 A,"57,02 x 12,62 x 174,50",M/ST/CP,30°00',E,E
,,,EX,VE0601680,2122 E,"42,98 x 9,46 x 176,72",M/CP,30°00',E,E
MACK TRUCKS,675,6,IN,VA0601681,2124 A,"57,06 x 12,63 x 174,31",M/ST/CP,30°00',L,A
,,,EX,VE0601682,22124 E,"48,00 x 12,61 x 174,04",A/M,30°00',L,E
MAN,Motor 770 S2146-175HP (59 en ad.) Diesel,6,IN,VA0461154,2047 A,55.60 x 10.95 x 148.50,M/CP,45°,E,A
, ,,EX,VE0461163,2047 E,49.00 x 10.95 x 148.60,M/CP,44°15',E,A
MAN,Motor 780 D2146-212HP (63 en ad.) Diesel,6,IN,VA0461153,2046 A,55.93 x 11.98 x 149.38,M/CP,45°,E,A
, ,,EX,VE0460600,22046 E,48.78 x 11.94 x 148.91,A/CP,45°,E,A
MAN,"Motor D0824, D0826 GF Asp.Normal, D0826 LOH Turbo Diesel",4-6,IN,VA0461324,2521 A,49.05 x 9.98 x 136.55,M/CP,30°,A,A
, ,,EX,VE0461326,22521 E,42.00 x 9.96 x 136.30,A/M/CP,45°,A,A
MAN,"Motor D2530, D2538, D2542, D2565, D2566, D2840 Turbo Diesel",8-10,IN,VA0461155,22520 A,58.00 x 11.96 x 142.50,AB/M/CP,30°,A,A
, ,,EX,VE0461325,22520 E,51.00 x 11.96 x 142.38,AB/M/CP,44°52',A,A
MAN,D 08 (chico),4 -6,IN,VA0461693,22844 A,"38,00 x 6,96 x 141,50",AN/M/CP,30°00,C,A
,,,EX,VE0461694,22844 E,"34,00 x 6,94 x 141,17",AN/M/CP,45°00',C,A
MAZDA,"Bongo 2.0l. Motor RF, 2.2l. Motor R2 Diesel ",4,IN,VA2110229,1145 A,41.00 x 7.98 x 107.00,M/N,45°,A,A
, ,,EX,VE2110249,21145 E,36.00 x 7.97 x 106.95,A/N,45°15',A,A
MAZDA,"Bongo, Besta K 2.7l. Motor FRA Diesel ",4,IN,VA2110185,21147 A,41.10 x 8.97 x 114.65,A/M/CP,44°52',A,C
, ,,EX,VE2110186,21147 E,35.00 x 8.96 x 114.60,A/M/CP,29°30',A,C
MAZDA,Laser 323 1.3-1.5 l. Motor NX Nafta,4,IN,VA0870805,1148 A,36.00 x 8.04 x 108.50,M,45°,A,C
, ,,EX,VE0871150,21148 E,31.00 x 8.03 x 106.40,A/CP,45°,A,C
MAZDA,"Luce, Bongo, Besta K 2.4l. Motor S2-XA-ZB Diesel ",4,IN,VA0870812,5305 A,40.55 x 7.96 x 114.60,M,45°,A,A
, ,,EX,VE0870814,25315 E,35.45 x 7.93 x 114.25,A,45°,A,A
MAZDA,"Motor F8-FE Bongo, Capella, Telstar 1.8-2.0 l. Nafta",4,IN,VA0870806,1149 A,44.00 x 8.03 x 111.85,M/CP,30°,A,C
, ,,EX,VE0870807,21149 E,36.05 x 8.03 x 111.68,A/CP,30°,A,C
MAZDA,Motor GDP 25 Diesel - Titán 2.5-2.7 l. - Bongo 3.0l. - Pick Up 2.2l. ,4,IN,VA0870812,5305 A,40.55 x 7.96 x 114.60,M,45°,A,A
, ,,EX,VE0870813,25305 E,36.00 x 7.92 x 114.55,A,30°,A,A
MAZDA,"Motor NA, VC, VB, MA - 616 - 626 - 929 - 828 Capella Nafta",4,IN,VA0870810,5304 A,41.98 x 8.03 x 108.65,M,45°,A,C
, ,,EX,VE0870811,25304 E,32.98 x 8.04 x 107.20,A,45°,A,A
MAZDA,"Motor TC, TC (NEW), E3, UC, E5 - 323 Familia 1.3-1.5 l. Nafta",4,IN,VA0870808,5303 A,36.08 x 8.04 x 105.25,M,45°,A,C
, ,,EX,VE0870809,25303 E,30.98 x 8.03 x 103.40,A,45°,A,A
MAZDA,Titan Motor SL 3.500cc. (90-94) Diesel,4,IN,VA0871566,5150 A,45.50 x 8.96 x 114.60,M/CP,45°,A,A
, ,,EX,VE0871567,25150 E,38.04 x 8.95 x 114.71,X/M/CP,30°,A,A
MERCEDES-BENZ,"OM 457,460,521,522,541LA,PD - 24v/32v en linea  Diesel",6-8,IN,VA0481436,3648 A,45.50 x 8.94 x 144.85,M/CP,30°,A,C
, ,,EX,VE0481437,23648 E,42.10 x 8.93 x 144.85,AB/M/CP,35°,A,C
MERCEDES-BENZ,Motor OM 014A Sprinter 2.5l. Diesel ,4,IN,VA0570250,22101 A,38.95 x 7.97 x 116.38,A/M/CP,30°,C,A
, ,,EX,VE0570230,22101 E,36.48 x 7.95 x 116.37,A/M/CP,45°,C,A
MERCEDES-BENZ,"Motor OM 312 - L311, L312, L3500, L4500 - L1112, LS1112, LO1112 Motor OM 321 (49/69) Diesel",6,IN,VA0480604,2012 A,40.38 x 8.95 x 140.55,M/CP,45°,E,A
, ,,IN,VA0480604+08,2012 A+08,40.38 x 8.95 x 140.55,M/CP,45°,E,A
, ,,EX,VE0480605,22012 E,36.38 x 8.93 x 140.75,A/CP,45°,E,A
, ,,EX,VE0480605+08,22012 E+08,36.38 x 8.93 x 140.75,A/CP,45°,E,A
MERCEDES-BENZ,"Motor OM 315 (49/57), L315, L329, L5500, L6600 Diesel",6,IN,VA0480601,2013 A,46.00 x 11.00 x 164.30,M,45°,J,A
, ,,EX,VE0481049,22013 E,42.10 x 10.96 x 164.30,A,45°,J,A
MERCEDES-BENZ,"Motor OM 326, 331 Diesel",6,IN,VA0480618,6302 A,37.00 x 8.95 x 130.10,M/CP,45°,E,A
, ,,EX,VE0481331,26302 E,32.00 x 8.94 x 165.55,A/CP,45°,E,A
MERCEDES-BENZ,Motor OM 352 A(TURBO)/ OM 364A; OM366A (TURBO); OM364LA; OM366 LA (TURBO com AFTERCOOLER) Diesel,6,IN,VA0480006,23047 A,41.98 x 8.94 x 140.45,AB/M/CP,30°,E,A
, ,,IN,VA0480006+04,23047 A+04,41.98 x 8.94 x 140.45,AB/M/CP,30°,E,A
, ,,IN,VA0480006+08,23047 A+08,41.98 x 8.94 x 140.45,AB/M/CP,30°,E,A
, ,,EX,VE0480005,23047 E,35.98 x 9.93 x 140.45,AB/M/CP,45°,E,A
, ,,EX,VE0480005+04,23047 E+04,35.98 x 9.93 x 140.45,AB/M/CP,45°,E,A
, ,,EX,VE0480005+08,23047 E+08,35.98 x 9.93 x 140.45,AB/M/CP,45°,E,A
MERCEDES-BENZ,"Motor OM 352 L608, Motor OM 314, L1114 - 145 HP Diesel",6,IN,VA0480606,2026 A,43.98 x 8.94 x 140.45,M/CP,45°,E,A
, ,,IN,VA0480606+04,2026 A+04,43.98 x 8.94 x 140.45,M/CP,45°,E,A
, ,,IN,VA0480606+08,2026 A+08,43.98 x 8.94 x 140.45,M/CP,45°,E,A
, ,,EX,VE0480607,22026 E,35.98 x 9.93 x 140.45,A/CP,45°,E,A
, ,,EX,VE0480607+04,22026 E+04,35.98 x 9.93 x 140.45,A/CP,45°,E,A
, ,,EX,VE0480607+08,22026 E+08,35.98 x 9.93 x 140.45,A/CP,45°,E,A
MERCEDES-BENZ,"Motor OM 352, L1114 - 140 HP Diesel",6,IN,VA0480606,2026 A,43.98 x 8.94 x 140.45,M/CP,45°,E,A
, ,,IN,VA0480606+08,2026 A+08,43.98 x 8.94 x 140.45,M/CP,45°,E,A
, ,,EX,VE0480605,22012 E,36.38 x 8.93 x 140.75,A/CP,45°,E,A
, ,,EX,VE0480605+08,22012 E+08,36.38 x 8.93 x 140.75,A/CP,45°,E,A
MERCEDES-BENZ,"Motor OM 352A (Turbo), L1517 - L1518 Diesel/GNC",6,IN,VA0480610,22032 A,43.98 x 8.94 x 140.45,AB/M/CP,45°,E,A
, ,,IN,VA0480610+04,22032 A+04,43.98 x 8.94 x 140.45,AB/M/CP,45°,E,A
, ,,IN,VA0480610+08,22032 A+08,43.98 x 8.94 x 140.45,AB/M/CP,45°,E,A
, ,,IN,VA0480612,22132 A,44.00 x 8.94 x 140.50,AB/M/CP,30°,E,A
, ,,IN,VA0480612+04,22132 A+04,44.00 x 8.94 x 140.50,AB/M/CP,30°,E,A
, ,,IN,VA0480612+08,22132 A+08,44.00 x 8.94 x 140.50,AB/M/CP,30°,E,A
, ,,EX,VE0480611,22032 E,36.00 x 9.93 x 140.50,AB/M/CP,45°,E,A
, ,,EX,VE0480611+04,22032 E+04,36.00 x 9.93 x 140.50,AB/M/CP,45°,E,A
, ,,EX,VE0480611+08,22032 E+08,36.00 x 9.93 x 140.50,AB/M/CP,45°,E,A
MERCEDES-BENZ,Motor OM 366 LAG - GNC ,6,IN,VA0481047,23347 A,42.00 x 8.94 x 137.50,A/M/ST/CP,20°,E,A
, ,,EX,VE0481330,23347 E,36.00 x 8.94 x 137.50,A/M/ST/CP,30°,E,A
MERCEDES-BENZ,"Motor OM 421A, OM 447A, OM 449A (Turbo), OM 421LA, OM 447LA, OM 449LA 1633, 1938 (Turbo Intercooler) Diesel",5-6,IN,VA0480056,22477 A,58.85 x 11.94 x 142.50,A/M/CP,30°,E,A
, ,,EX,VE0480055,22477 E,51.00 x 11.93 x 142.50,AB/M/CP,45°,E,C
MERCEDES-BENZ,"Motor OM 616 180D, 240D/TD 2.4l. - OM 617 240D, 300D 3.0l. Diesel ",4-5,IN,VA0480617,2476 A,39.80 x 9.96 x 131.39,M/CP,30°,X,A
, ,,EX,VE0480300,22476 E,34.22 x 9.93 x 131.08,A/M/ST/CP,30°,X,A
MERCEDES-BENZ,"Motor OM 636 - 170D, 180D, 180SD (49/59) Diesel",4,IN,VA0480602,1030 A,32.48 x 8.96 x 135.65,M,45°,J,A
, ,,EX,VE0480603,1030 E,29.48 x 8.96 x 135.15,M,45°,J,A
MERCEDES-BENZ,Motor OM-314 / OM-352 (ASP.)/ OM-352-A (TURBO) Diesel,6,IN,VA0480004,2126 A,43.98 x 8.94 x 140.45,CP/M/ST,45°,E,A
, ,,EX,VE0480003,2026 E,35.98 x 9.93 x 140.45,CP/M/ST,45°,E,A
MERCEDES-BENZ,"Motor OM-355 ( Aspirado ), L1521, OH1522 Diesel",5-6,IN,VA0480048,2042 A,41.98 x 8.95 x 129.80,CP/M/SH,45°,E,A
, ,,IN,VA0480048+04,2042 A+04,41.98 x 8.95 x 129.80,CP/M/SH,45°,E,A
, ,,IN,VA0480048+08,2042 A+08,41.98 x 8.95 x 129.80,CP/M/SH,45°,E,A
, ,,EX,VE0480047,22042 E,36.98 x 8.94 x 165.35,A/CP,45°,E,A
, ,,EX,VE0480047+04,22042 E+04,36.98 x 8.94 x 165.35,A/CP,45°,E,A
, ,,EX,VE0480047+08,22042 E+08,36.98 x 8.94 x 165.35,A/CP,45°,E,A
MERCEDES-BENZ,Motor OM 366 1215 (Aspiración Normal) Diesel,6,IN,VA0480096,3046 A,42.78 x 8.94 x 140.45,M/CP,30°,E,A
, ,,IN,VA0480096+04,3046 A+04,42.78 x 8.94 x 140.45,M/CP,30°,E,A
, ,,IN,VA0480096+08,3046 A+08,42.78 x 8.94 x 140.45,M/CP,30°,E,A
, ,,EX,VE0480097,23046 E,35.98 x 9.93 x 140.45,A/M/CP,45°,E,A
, ,,EX,VE0480097+04,23046 E+04,35.98 x 9.93 x 140.45,A/M/CP,45°,E,A
, ,,EX,VE0480097+08,23046 E+08,35.98 x 9.93 x 140.45,A/M/CP,45°,E,A
MERCEDES-BENZ,OM 346/951; OM355/5A; OM355/6A TURBO Diesel,6,IN,VA0480091,2143 A,42.00 x 8.94 x 130.6,M/ST/CP,29°55',E,A
, ,,EX,VE0480090,22143 E,37.00 x 8.93 x 165.83,AB/M/CP,29°55',E,A
MERCEDES-BENZ,OM 501LA V6 24v. - OM 502LA V8 32v. - OM 457 Diesel,6-8,IN,VA0480193,23148 A,45.60 x 8.94 x 144.85,AB/M/CP,30°,A,A
, ,6-8,EX,VE0480194,23148 E,41.10 x 8.93 x 144.90,A/M/CP,45°,A,A
MERCEDES-BENZ,"OM 601 - OM611 e OM612 - Automovil C200,C220,Sprinter 2,2l. 16v. - C270 2,7l. 20v.- Motor 311/313/413 Diesel",4-5,IN,VA0480233,2467 A,30.20 x 6.97 x 104.00,M/N,45°,A,C
, ,,EX,VE0480251,22467 E,28.40 x 6.96 x 104.40,A/N,45°,A,C
MERCEDES-BENZ,"Motor OM 355/5A (Turbo), L1526, OH1526 - OM 355/6LA (Turbo Intercooler) Diesel",5-6,IN,VA0480080,2142 A,42.03 x 8.94 x 129.95,CP/M/ST,30°,E,A
, ,,IN,VA0480080+04,2142 A+04,42.03 x 8.94 x 129.95,CP/M/ST,30°,E,A
, ,,IN,VA0480080+08,2142 A+08,42.03 x 8.94 x 129.95,CP/M/ST,30°,E,A
, ,,EX,VE0480079,22142 E,36.98 x 8.94 x 165.10,AB/M/CP,30°,E,A
, ,,EX,VE0480079+04,22142 E+04,36.98 x 8.94 x 165.10,AB/M/CP,30°,E,A
, ,,EX,VE0480079+08,22142 E+08,36.98 x 8.94 x 165.10,AB/M/CP,30°,E,A
MERCEDES-BENZ,"OM364 A, OM366A (Turbo); OM364LA; OM366 LA (Turbo con Aftercooler) - 07/95-> Diesel",6,IN,VA0480007,23147 A,41.98 x 8.94 x 140.50,A/M/CP,19°55',E,A
, ,,EX,VE0480616,23147 E,35.98 x 9.93 x 140.50,A/M/CP,44°55',E,A
MERCEDES-BENZ,"Motor OM 904LA 12v., OM 906LA 712, 1721 18v. Diesel Electrónico",4-6,IN,VA0480244,22478 A,34.00 x 7.95 x 128.75,AB/M/CP,20°,A,A
, ,,EX,VE0480245,22478 E,38.00 x 7.94 x 152.55,AB/M/CP,45°15',A,A
MERCEDES-BENZ,Top Brake OM 457 LA Diesel,6,IN - EX,VC0481345,60691,17.00 x 8.00 x 86.80,AB/CP,45°,A,A
MERCEDES-BENZ,Top Brake OM 904/906 Diesel,2,IN - EX,VC0481344,60791,15.20 x 5.97 x 81.60,A/CP,20°,A,A
MERCEDES-BENZ,Top Brake OM 501LA V6 24v. - OM 502LA V8 32v. - OM 457 Diesel,6/8,IN - EX,VC0481444,60291,17.00 x 8.00 x 87.00,AB/CP,45°,A,B
MERCEDES-BENZ,"Motor OM900,902,904,924 12v. - OM906,926 18v.",4-6,IN,VA0480244,22478 A,34.00 x 7.95 x 128.75,AB/M/CP,20°,A,A
, ,,EX,VE0481487,22688 E,38.00 x 7.93 x 152.55,AB/M/CP,36°,A,A
MERCEDES-BENZ,"Motor OM651.901/980 2143cc. Diesel - A180, A200, A220, C200, C220, C250, Sprinter",4,IN,VA0481563,2465 A,28.50 x 5.97 x 108.90,M/CP,45°,C,A
, ,,EX,VE0481564,22465 E,24.60 x 5.96 x 109.20,AB/M/CP,45°,C,A
MERCEDES-BENZ,Top Brake OM 447,6,IN - EX,VC0481565,60191,"17,00 x 7,99 x 86,87",AB,45°,A,B
MITSUBISHI,"Canter, Rosa Motor 4D30/4D31 3300cc. - Truck Motor 6DS7 5400cc. Diesel",4-6,IN,VA1950831,1628 A,43.97 x 8.97 x 137.08,M/CP,45°,F,A
, ,,EX,VE1950832,21628 E,37.05 x 8.93 x 136.90,A/CP,45°,F,A
MITSUBISHI,Galant Motor 4G63 1997cc. - 4G64 2350cc. 16v. Nafta,4,IN,VA1950261,1627 A,32.90 x 5.96 x 112.52,M/CP,45°,A,C
, ,,EX,VE1950262,21627 E,29.00 x 5.96 x 114.11,A/CP,45°15',A,C
MITSUBISHI,"Galant, Montero Motor 6G72 2972cc. 12v. Nafta",6,IN,VA1950234,1629 A,42.85 x 7.96 x 103.12,M/CP,45°,F,C
, ,,EX,VE1950235,21629 E,35.00 x 7.94 x 102.69,A/M/CP,45°,F,C
MITSUBISHI,"L100, Van Pick Up, Minica F4, Arrow J Nafta",4,IN,VA1950821,1086 A,34.08 x 6.57 x 102.25,M,45°,E,C
, ,,EX,VE1950822,21086 E,30.18 x 6.54 x 101.05,A,45°,E,C
MITSUBISHI,Mirage 4G61 1595cc. - Galant Motor 4G61 1997cc. 16v. - Eclipse Motor 4G61/4G63 1997cc. 16v. Nafta,4,IN,VA1950838,5051 A,34.00 x 6.58 x 109.36,M/CP,44°30',A,C
, ,,EX,VE2081186,25051 E,30.50 x 6.54 x 109.60,A/M/ST/CP,45°,A,C
MITSUBISHI,"Motor 4D56 L200, L300, Montero, Nativa 2476cc. Normal y Turbo Diesel (Versión Corta) ",4,IN,VA1950223,21626 A,39.95 x 7.97 x 130.10,A/CP,45°,A,A
, ,,EX,VE1950224,21626 E,34.00 x 7.95 x 130.00,AB/CP,45°15',A,A
MITSUBISHI,"Motor 4D56 L200, Montero, Nativa 2476cc. Normal y Turbo Diesel (Versión Larga) ",4,IN,VA1950829,1624 A,39.88 x 7.97 x 136.45,M/CP,45°,F,E
, ,,EX,VE1950830,21624 E,34.00 x 7.95 x 136.50,A/CP,44°30',F,A
MITSUBISHI,Motor 4G64 Nafta,4,IN,VA1950825,1128 A,46.00 x 7.96 x 106.83,M/CP,44°45',A,C
, ,,EX,VE1950826,21128 E,37.90 x 7.94 x 105.03,A/CP,45°,A,E
MITSUBISHI,Motor 4G9 Lancer 1600cc. 16v. Nafta,4,IN,VA1950827,1129 A,29.95 x 5.97 x 110.26,M/CP,44°45',A,C
, ,,EX,VE1950828,21129 E,27.00 x 5.96 x 114.00,A/CP,45°,A,C
MITSUBISHI,Motor 4M40 2800cc Turbo Diesel ,4,IN,VA1950247,6081 A,41.00 x 7.97 x 108.70,M/CP,45°15',A,A
, ,,EX,VE1950246,26081 E,35.00 x 7.94 x 108.00,A/CP,44°50',A,A
MITSUBISHI,"Motor G62 Lancer 1800cc. - Motor G63/4G63 Galant, L300 2000cc. Turbo Nafta",4,IN,VA1950823,1127 A,43.00 x 7.96 x 109.90,M/CP,44°40',A,C
, ,,EX,VE1950824,21127 E,35.07 x 7.94 x 108.65,A/CP,45°,A,E
MITSUBISHI,Motor S4S/S6S Diesel,4-6,IN,VA1950834,21126 A,44.00 x 7.95 x 120.00,AB/CP,30°,E,C
, ,,EX,VE1950834,21126 E,35.00 x 7.95 x 120.11,AB/CP,30°,E,C
MITSUBISHI,Pony 1238-1439-1597-1686 cc. Mirage 1600cc. Nafta,4,IN,VA1950835,5201 A,37.98 x 7.97 x 105.95,M,45°,F,C
, ,,EX,VE1950836,25201 E,31.03 x 7.94 x 102.55,A,45°,F,A
MWM,Motor D225/ D226/ D229/ D229EC/ D327 (todos exceto VW12140/14140)/ TD229 (Turbo - Fiat FE105B); Ford Serie F (Export) Diesel,3-4-6,IN,VA0130011,6151 A,40.98 x 8.96 x 116.95,CP/M,44°30',C,A
, ,,EX,VE0130010,6151 E,37.98 x 8.96 x 116.95,CP/M,44°45',C,A
MWM,"Motor KD-112, D-222 Diesel",3-4-6,IN,VA0130935,6152 A,41.00 x 9.96 x 129.00,M,45°,D,A
, ,,EX,VE0131337,6152 E,36.90 x 9.96 x 129.00,M,45°,D,A
MWM,"Motor Sprint 4.07T, 4.07TCA, 6.07T, 6.07TCA 18v. Diesel",4-6,IN,VA0130277,6156 A,33.00 x 6.96 x 105.10,M/CP,30°,C,A
, ,,EX,VE0130278,26156 E,40.00 x 6.97 x 105.10,A/M/CP,45°,C,A
MWM,"Motor TD-225, TD-229 (Turbo) Diesel",4-6,IN,VA0130099,6153 A,42.00 x 8.97 x 117.15,CP/M,30°,C,A
, ,,EX,VE0130098,26153 E,38.00 x 9.00 x 117.00,A/M/ST/CP,45°,C,A
MWM,"Motor TD-6.10, 6.10T, 6.10TCA Serie 10 Diesel",6,IN,VA0130101,6154 A,45.00 x 8.96 x 126.00,CP/M,30°,C,A
, ,,EX,VE0130100,26154 E,41.00 x 8.96 x 126.00,A/M/CP,45°,C,A
MWM,"X12 Motor Acteon 4,12 TCE/6,12TCE Turbo Diesel",4-6,IN,VA0130933,26154 A,45.00 x 8.96 x 126.00,AB/M/CP,30°,C,A
, ,,EX,VE0130239,26354 E,41.00 x 8.96 x 126.00,AB/M/CP/SH,45°,C,C
MWM,VW CONSTELATION 25-370 TRACTOR NGD 370 9.4L,,IN,VA0381699,6183 A,"39,80 x 7,930 x 147,97",M/CP,30°,C,A
, ,,EX,VE0381700,26183 E,"36,50 x 7,902 x 147,58",A/M/CP,45°,C,A
MWM,Motor 7.02 4 val.x cil,4,IN,VA0131750,6159 A,"36,60 x 6,96 x 122,05",MV/CP,30°,C,A
,,,EX,VE0131751,26159 E,"32,50 x 6,96 x 121,50",AV/M/CP/ST,45°,C,A
NISSAN,"240SX,Stanza,PickUp Motor KA24E D21 2.4l. 12v. Nafta",4,IN,VA0030204,5008 A,34.10 x 6.97 x 121.15,M/CP,44°30',A,C
, ,,EX,VE0030686,25008 E,31.10 x 6.97 x 119.85,A/CP,44°30',E,C
NISSAN,"A14 1397cc, A15 1487cc Nafta",4,IN,VA0030138,5004 A,37.00 x 7.96 x 103.50,M,45°,E,C
, ,,EX,VE0030381 ,25004 E,30.10 x 7.95 x 103.50,A,45°,E,C
NISSAN,H20 Nafta,4,IN,VA0030331,1124 A,35.10 x 6.97 x 109.75,M/CP,44°30',E,C
, ,,EX,VE0031124,21124 E,30.10 x 6.95 x 109.20,A/CP,44°30',E,C
NISSAN,Interstar Motor G9T 2.2lts - Primastar G9U 2.5lts 16v. Diesel,4,IN,VA0181483,1364 A,30.73 x 5.98 x 123.18,M/N,45°,C,A
, ,,EX,VE0181484,21364 E,29.56 x 5.97 x 123.18,A/N,45°,C,C
NISSAN,J18 Nafta,4,IN,VA0030320,4398 A,40.10 x 7.97 x 108.10,M,45°,E,C
, ,,EX,VE0031122,24398 E,35.00 x 7.95 x 108.10,A,45°,E,C
NISSAN,"L16 1595cc, L18, L18E, L18S 1770cc, L20B 1952cc, L24, L24E 2392cc, L26 2565cc, L28 Nafta",4-6,IN,VA0030311 ,1090 A,41.98 x 7.96 x 116.35,M,45°,E,C
, ,,EX,VE0030312,1092 E,34.98 x 7.95 x 116.95,M,45°,E,C
NISSAN,"L16 1595cc, L18, L18E, L18S 1770cc, L20B 1952cc, L24, L24E 2392cc, L26 2565cc Nafta",4-6,IN,VA0030311 ,1090 A,41.98 x 7.96 x 116.35,M,45°,E,C
, ,,EX,VE0031249,1090 E,33.10 x 7.95 x 117.00,M,45°,E,C
NISSAN,"Langley, Pulsar Sunny Motor E15 1500cc Nafta",4,IN,VA0030379,5010 A,37.10 x 6.97 x 119.70,M/CP,29°30',E,C
, ,,EX,VE0031111,25010 E,31.10 x 6.97 x 119.85,A/CP,44°30',E,C
NISSAN,"Máxima, Pick Up 2WD Pathfinder,Terrano VG30 E2960cc Nafta",6,IN,VA0031340,5013 A,42.00 x 6.97 x 125.60,M/CP,44°52',E,C
, ,,EX,VE0030318,25013 E,35.00 x 7.98 x 124.65,A/CP,44°52',E,C
NISSAN,"Motor SD23 2300cc , SD25 2500cc Diesel ",4,IN,VA0030321,5012 A,40.00 x 7.99 x 116.90,M/CP,44°30',A,A
, ,,EX,VE0030901,25012 E,33.95 x 7.94 x 116.61,A/ST/CP,43°30',A,A
NISSAN,Patrol RD28T 2826cc (88/89) Turbo Diesel ,6,IN,VA0030317,21197 A,39.05 x 6.97 x 102.70,A/CP,45°,E,C
, ,,EX,VE0030317,21197 E,32.10 x 6.95 x 102.60,A/CP,45°,E,C
NISSAN,"PickUp Z16-Z18-Z20 - Motor 1,6l.-1,8l.-2,0l. Nafta",4,IN,VA0031455,1199 A,42.14 x 7.98 x 126.40,M/CP,45°,E,C
, ,,EX,VE0031456,21199 E,38.00 x 7.96 x 127.51,A/CP,45°,E,C
NISSAN,"Pulsar, Sentra Motor E16 1600cc 8v. Nafta",4,IN,VA0030380,5011 A,37.10 x 6.96 x 116.75,M/CP,44°30',E,C
, ,,EX,VE0031108,25011 E,30.12 x 6.96 x 116.20,A/CP,44°30',E,C
NISSAN,"R 1595cc, H, H20 1982cc H30 2974cc (Version Americana) Nafta",4-6,IN,VA0030313,1115 A,41.98 x 8.65 x 110.25,M,44°30',E,C
, ,,EX,VE0030315,21115 E,31.98 x 8.63 x 110.65,A,44°30',E,C
NISSAN,RD28 Diesel (Turbo) 2826cc (Post. '89) ,6,IN,VA0030319,4397 A,39.10 x 6.98 x 101.75,M/CP,45°,E,A
, ,,EX,VE0031123,24397 E,32.30 x 6.95 x 101.55,A/CP,45°,A,A
NISSAN,"Sunny Motor Z20 1952cc, Z22 2200cc, Pathfinder, Terrano, Urv Nafta",4,IN,VA0030139 ,5007 A,42.00 x 7.97 x 124.40,M,45°,E,C
, ,,EX,VE0031121,25007 E,38.15 x 7.94 x 125.50,A,45°,E,C
NISSAN,"Sunny, Sentra, Primera Motor GA14 GA16 1400-1600cc 16v. Nafta",4,IN,VA0031126,25009 A,30.00 x 5.47 x 92.35,A/CP,44°30',A,C
, ,,EX,VE0031120,25009 E,23.90 x 5.45 x 92.54,A/CP,44°30',A,C
NISSAN,"TD27 2660cc L200, 300 Inyeccion Indirecta Diesel ",4,IN,VA0030314,1123 A,43.45 x 7.95 x 116.90,M/CP,45°,E,A
, ,,EX,VE0030316,21123 E,38.00 x 7.94 x 117.10,A/CP,45°,E,A
NISSAN,"Tiida Motor MR18DE 1,8l.",4,IN,VA0031604,5014 A,33.92 x 5.47 x 106.23,M/N,44°30',A,C
, ,,EX,VE0031605,25014 E,27.73 x 5.46 x 105.25,A/N/ST,44°30',A,C
NISSAN,MARCH 1.0 HR10DE ,4,IN,VA0181606,1379 A,"25,92 x 5,47 x 110,75",M/N,45°00',C,A
,,,EX,VE0181607,21379 E,"22,16 x 5,46 x 112,65",A/M/N,45°00',C,A
NISSAN,MARCH & Versa  1.6 16v.,4,IN,VA0031608,5117 A,"31,70 x 4,97 x 101,64",A/N,45°00',A,C
,,,EX,VE0031609,25017 E,"25,38 x 4,96 x 102,46",M/N,45°00,A,C
NSU,Prinz Nafta,2,IN,VA3191204,1044 A,35.20 x 7.95 x 91.30,M,45°,C,C
, ,,EX,VE3191205,1044 E,32.40 x 7.95 x 91.00,M,45°,C,C
OLDSMOBILE,Motor 350 (73/76) Nafta,8,IN,VA0020136,1109 A,47.70 x 8.70 x 118.50,M,44°,F,C
PERKINS (MAXION),Motor 3.152 / 4.203 - Injeção Indireta Diesel,3-4-6,IN,VA0570035,2014 A,38.90 x 7.90 x 114.30,M,45°,A,C
, ,,EX,VE0570036,2014 E,33.40 x 7.90 x 114.30,M,45°,A,C
PERKINS (MAXION),Motor 4-203 - GNC ,4,IN,VA0570648,2139 A,38.97 x 7.91 x 114.27,M/ST/CP,35°,A,C
, ,,EX,VE0571071,22139 E,33.40 x 7.91 x 114.30,A/ST,35°,A,C
PERKINS (MAXION),Motor 4-203 Potenciado Diesel,4,IN,VA0570652,2039 A,39.18 x 7.91 x 114.25,M,35°,A,C
, ,,IN,VA0570652+04,2039 A+04,39.18 x 7.91 x 114.25,M,35°,A,C
, ,,IN,VA0570652+08,2039 A+08,39.18 x 7.91 x 114.25,M,35°,A,C
, ,,EX,VE0570653,22039 E,33.58 x 7.91 x 114.25,A,35°,A,C
, ,,EX,VE0570653+04,22039 E+04,33.58 x 7.91 x 114.25,A,35°,A,C
, ,,EX,VE0570653+08,22039 E+08,33.58 x 7.91 x 114.25,A,35°,A,C
PERKINS (MAXION),"Motor R6 y L4, 6-357-2 (54/64) Diesel",4-6,IN,VA0570033,2015 A,46.89 x 9.47 x 132.40,M,45°,A,A
, ,,EX,VE0570034,22015 E,40.50 x 9.45 x 132.36,A/M,45°15',A,C
PERKINS (MAXION),Motor 6-354 135 HP Fase 2 Diesel,6,IN,VA0570650,2023 A,44.48 x 9.47 x 122.85,M,45°,A,A
, ,,IN,VA0570650+04,2023 A+04,44.48 x 9.47 x 122.85,M,45°,A,A
, ,,IN,VA0570650+08,2023 A+08,44.48 x 9.47 x 122.85,M,45°,A,A
, ,,EX,VE0570651,22023 E,36.78 x 9.46 x 123.25,A,45°,A,A
, ,,EX,VE0570651+04,22023 E+04,36.78 x 9.46 x 123.25,A,45°,A,A
, ,,EX,VE0570651+08,22023 E+08,36.78 x 9.46 x 123.25,A,45°,A,A
PERKINS (MAXION),"Motor 6-354 Fase 2, T6-354 Fase 2 (Turbo) Diesel",6,IN,VA0570024,2030 A,44.20 x 9.47 x 122.80,CP/M,45°,A,A
, ,,EX,VE0570023,22029 E,36.68 x 9.45 x 123.20,A/CP,45°,A,A
PERKINS (MAXION),Motor 6-354/4 - GNC ,6,IN,VA0571066,2230 A,44.22 x 9.46 x 122.92,M/ST/CP,45°,A,A
, ,,EX,VE0571072,22230 E,37.39 x 9.44 x 123.32,A/ST/CP,45°,A,A
PERKINS (MAXION),Motor 6-358ID V8-510-540 Diesel ,6-8,IN,VA0570111,22031 A,45.20 x 9.50 x 139.40,A/CP,45°,A,A
, ,,EX,VE0570112,22031 E,38.88 x 9.46 x 139.75,A/ST/CP,45°,A,A
PERKINS (MAXION),Motor D - 4.203 Diesel,4,IN,VA0570032,6353 A,38.90 x 7.90 x 114.15,M,45°,A,A
, ,,EX,VE0570031,6353 E,33.30 x 7.90 x 114.30,M,45°,A,A
PERKINS (MAXION),MOTOR HS - NGD TDI 3.0L; RANGER/ TROLLER 16V Diesel,4,IN,VA0570231,2310 A,32.00 x 5.94 x 114.19,M/CP,45°,C,C
, ,,EX,VE0570232,22310 E,29.00 x 5.93 x 114.20,AB/M/CP,45°,C,C
PERKINS (MAXION),"Motor HS/HST 2.2l. - S10, Blazer, Silverado, F1000, Ranger, Sprinter, Land Rover 2.8l. Diesel",4,IN,VA0570250,22101 A,38.95 x 7.97 x 116.38,A/M/CP,30°,C,A
, ,,EX,VE0570230,22101 E,36.48 x 7.95 x 116.37,A/M/CP,45°,C,A
PERKINS (MAXION),Motor MS 1006.6 - Agricolas y Estacionarios Aspirado Diesel,6,IN,VA0571367,6176 A,45.00 x 9.46 x 122.87,M/CP,45°,A,C
, ,,EX,VE0571368,26176 E,38.20 x 9.46 x 123.32,A/M/CP,45°,A,C
PERKINS (MAXION),Motor MS 1006.6T - Agricolas y Estacionarios Turbo Diesel,6,IN,VA0571369,26176 A,45.00 x 9.46 x 122.87,A/M/CP,30°,A,C
, ,,EX,VE0571368,26176 E,38.20 x 9.46 x 123.32,A/M/CP,45°,A,C
PERKINS (MAXION),"Motor P3, P3-144, P4, P6, 3-152, 4-203, 6-305 Diesel",3-4-6,IN,VA0570035,2014 A,38.90 x 7.90 x 114.30,M,45°,A,C
, ,,IN,VA0570035+04,2014 A+04,38.90 x 7.90 x 114.30,M,45°,A,C
, ,,IN,VA0570035+08,2014 A+08,38.90 x 7.90 x 114.30,M,45°,A,C
, ,,EX,VE0570655,22014 E,33.58 x 7.90 x 114.30,A,45°,A,C
, ,,EX,VE0570655+04,22014 E+04,33.58 x 7.90 x 114.30,A,45°,A,C
, ,,EX,VE0570655+08,22014 E+08,33.58 x 7.90 x 114.30,A,45°,A,C
PERKINS (MAXION),Motor Perkins 6.354 - Fase 4 Diesel ,4-6,IN,VA0571013,2055 A,44.22 x 9.47 x 122.91,M,45°,E,A
, ,,EX,VE0570649,22304 E,37.39 x 9.44 x 123.31,A/M/CP,45°,E,A
PERKINS (MAXION),"Motor Perkins D3.152, D4.203, 6.305 Diesel ",3-4-6,IN,VA0571014,2301 A,38.96 x 7.91 x 114.27,M,45°,A,A
, ,,EX,VE0571327,22303 E,33.40 x 7.91 x 114.30,A/M,45°,A,A
PERKINS (MAXION),Motor Perkins T6.354 - Fase 3/4 Diesel ,6,IN,VA0570024,2030 A,44.20 x 9.47 x 122.80,CP/M,45°,A,A
, ,,IN,VA0570024,2030 A+04,44.20 x 9.47 x 122.80,CP/M,45°,A,A
, ,,IN,VA0570024,2030 A+08,44.20 x 9.47 x 122.80,CP/M,45°,A,A
, ,,EX,VE0570656,22030 E,37.48 x 9.44 x 123.35,A/CP,45°,A,A
, ,,EX,VE0570656,22030 E+04,37.48 x 9.44 x 123.35,A/CP,45°,A,A
, ,,EX,VE0570656,22030 E+08,37.48 x 9.44 x 123.35,A/CP,45°,A,A
PERKINS (MAXION),Motor Prima 65 - 80T Aspirado 1994cc. Diesel,4,IN,VA0570654,2138 A,37.15 x 7.41 x 93.35,M,44°30',A,A
, ,,EX,VE0570660,22138 E,33.62 x 7.40 x 93.56,A/CP,44°30',A,A
PERKINS (MAXION),Motor Q20B4.236/ 4.248/ Q20B6.354 Aspirado Diesel,4,IN,VA0570038,2414 A,44.18 x 9.47 x 122.80,CP/M,45°,C,A
, ,,EX,VE0570037,22414 E,36.57 x 9.46 x 123.20,A/CP/M,45°,C,A
PERKINS (MAXION),"Motor Q20B43 Up- Grade, S4 Aspirado Diesel",4,IN,VA0570123,2100 A,44.22 x 9.47 x 122.72,CP/M,45°,C,A
, ,,EX,VE0570122,22100 E,38.20 x 9.46 x 123.10,A/M/ST/CP,45°,C,A
PERKINS (MAXION),Motor T 4-33 (Turbo) Diesel,4,IN,VA0570661,2449 A,38.95 x 7.91 x 115.76,M/CP,35°,A,A
, ,,EX,VE0570662,22449 E,33.38 x 7.91 x 115.74,A/CP,35°,A,A
PERKINS (MAXION),Motor TQ20B 6-354 Diesel,4-6,IN,VA0571375,6182 A,44.22 x 9.47 x 122.76,M/CP,30°,C,A
, ,,EX,VE0571376,26182 E,37.39 x 9.44 x 123.31,A/M/CP,45°,C,A
PERKINS (MAXION),S4T / 4000 - S4T Plus Chevrolet D20 - D20 Turbo 4.0l. Diesel,4,IN,VA0570657,22100 A,44.20 x 9.48 x 122.50,A/M/CP,30°,C,A
, ,,EX,VE0570122,22100 E,38.20 x 9.47 x 123.10,A/ST/CP,45°,A,A
PEUGEOT,"106 Motor TU9K, TU9M - 205 Motor TU9A 954cc. Nafta",4,IN,VA0440572,1224 A,34.70 x 6.97 x 112.77,M,30°,A,C
, ,,EX,VE0440593,21224 E,27.80 x 6.97 x 112.60,A/M/CP,45°,A,C
PEUGEOT,106 SRD/GRD/XRD Motor TUD5 1527cc Diesel ,4,IN,VA0440574,1227 A,37.00 x 6.98 x 108.45,M/CP,45°,A,E
, ,,EX,VE0440595,21227 E,31.50 x 6.98 x 108.20,A/CP,45°,A,A
PEUGEOT,"106, 205 GT/XS, 206, 306, 405, Partner Motor TU3 1400cc. Nafta  ",4,IN,VA0440570,1209 A,36.55 x 6.98 x 112.70,M/CP,29°45',A,C
, ,,EX,VE0440588,21209 E,29.15 x 6.98 x 112.57,A/CP,45°,A,C
PEUGEOT,"106, 205 GT/XS, 206, 306, 405, Partner Motor TU3 1400cc. - GNC ",4,IN,VA0440555,1209 AGNC,36.55 x 6.98 x 112.70,M/CP/SH,29°45',A,C
, ,,EX,VE0440556,21209 EGNC,29.15 x 6.98 x 112.57,A/ST/CP,45°,A,C
PEUGEOT,"106, 205 Motor TU3F-J2K 1294/1360 cc.-Motor TU5J2 1360cc.-106, 206, 306 Motor TU5JP 1587cc. Nafta  ",4,IN,VA0440575,1228 A,39.30 x 6.97 x 111.50,M/SH,30°,C,C
, ,,EX,VE0440596,21228 E,31.35 x 6.97 x 111.75,A/M/CP,45°,C,C
PEUGEOT,"107, 206, 207, 307 HDI Motor DV4TD 1400cc. Turbo Diesel ",4,IN,VA0441078,1420 A,32.80 x 5.48 x 97.46,M/CP,45°,C,C
, ,,EX,VE0441054,21420 E,30.28 x 5.47 x 97.52,A/M/ST/CP,45°,C,C
PEUGEOT,"205 GLD/GRD/SRD, 305 GLD/SRD XUD7 1800cc-205D, 305GLD/SRD, 405GLD/GRD XUD9, 206XRD/DW8 1900cc-306SRD/GRD, 306 Cabriolet, Boxer XUD7/XUD9 1900cc Diesel",4,IN,VA0440568,1206 A,38.50 x 8.00 x 112.40,M/CP,45°,A,A
, ,,EX,VE0440586,21206 E,33.00 x 7.98 x 111.85,A/CP,45°,A,A
PEUGEOT,"205, 305 Motor XUD7 1800cc. - 305 Motor XUD9 1900cc. Diesel ",4,IN,VA0440577,1236 A,38.00 x 7.99 x 112.42,M,30°,A,A
, ,,EX,VE0440586,21206 E,33.00 x 7.98 x 111.85,A/CP,45°,A,A
PEUGEOT,"205, 405 GRD/GTD/SRD XUD7 1800cc.-306 GTD, 405, 406, Partner XUD9 1900cc. Turbo Diesel-DW8 ",4,IN,VA0440591,21216 A,38.50 x 8.00 x 112.45,A/CP,45°,A,A
, ,,EX,VE0440279,21216 E,33.00 x 7.98 x 111.85,A/M/CP,45°,A,A
PEUGEOT,"205,305,405,309 Motor XU9J1/XU9S/XU92C 1900cc. Nafta",4,IN,VA0441065,1422 A,39.50 x 7.97 x 105.33,M,45°,A,C
, ,,EX,VE0441038,21422 E,32.96 x 7.96 x 105.36,A/M/CP,45°,A,A
PEUGEOT,206 / 308 Vti Motor TU5JP4 1600cc. 16v. Nafta,4,IN,VA0440578,1423 A,31.30 x 5.98 x 103.80,M,45°,A,C
, ,,EX,VE0440598,21423 E,24.50 x 5.96 x 104.40,A/M/ST/CP,45°,A,E
PEUGEOT,"206 Motor TU1JP 1100cc., 307/C2/C3 Motor TU3JP 1400cc. Nafta ",4,IN,VA0441091,1239 A,36.66 x 6.98 x 112.70,M/CP,45°,A,C
, ,,EX,VE0440588,21209 E,29.15 x 6.98 x 112.57,A/CP,45°,A,C
PEUGEOT,"206, 207, 307, 407, Partner HDI Motor DV6 1.6L Turbo Diesel ",4,IN,VA0441429,1419 A,25.57 x 5.48 x 96.45,M/CP,45°,C,C
, ,,EX,VE0441430,21419 E,23.45 x 5.47 x 96.60,A/M/CP,45°,C,A
PEUGEOT,"206, 307, 406 Motor EW10J4 2000cc. 16v. Nafta",4,IN,VA0440579,1424 A,33.20 x 5.97 x 106.20,M/SH,44°30',A,C
, ,,EX,VE0441603,21424 E,29.07 x 5.96 x 103.60,A/M/ST/CP,44°30',A,A
PEUGEOT,"206,306,406,307,806,Boxer HDI- Motor DW10TD 2000cc. Turbo Diesel ",4,IN,VA0441039,1421 A,35.60 x 5.98 x 107.15,M/CP,45°,C,A
, ,,EX,VE0441044,21421 E,33.80 x 5.97 x 107.15,A/M/ST/CP,45°,C,A
PEUGEOT,"306, 405 Motor XU10J4 2000cc. Inyección Multipunto 16v. Nafta",4,IN,VA0440569,1208 A,34.60 x 6.98 x 106.20,M,44°45',C,A
, ,,EX,VE0440301,21208 E,29.58 x 6.98 x 104.95,A/M/CP,45°,C,A
PEUGEOT,"306, 405 XU10J2/XU102C Inyección Multipunto 8v. Nafta",4,IN,VA0440557,1210 AGNC,42.55 x 7.98 x 108.80,M/CP/SH,44°30',C,A
, ,,EX,VE0440589,21210 E,34.55 x 7.96 x 108.40,A/M/CP,44°30',C,A
PEUGEOT,"306, 405 XU10J2/XU102C Inyección Multipunto 8v. - GNC ",4,IN,VA0440557,1210 AGNC,42.55 x 7.98 x 108.80,M/CP/SH,44°30',C,A
, ,,EX,VE0440558,21210 EGNC,34.55 x 7.96 x 108.40,A/M/ST/CP,44°30',C,A
PEUGEOT,"306XR/XT/Break, 405 Motor XU7JP4 1800cc. 16v. - GNC",4,IN,VA0440561,1225 AGNC,34.60 x 5.98 x 106.40,M/SH,44°30',A,A
, ,,EX,VE0440297,21225 EGNC,29.55 x 5.98 x 105.75,A/M/ST/CP,44°30',A,A
PEUGEOT,403 (54/64) Nafta,4,IN,VA0440547,1032 A,37.20 x 8.48 x 116.30,M,30°,M,A
, ,,EX,VE0440548,21032 E,32.78 x 8.47 x 116.15,A,45°,M,A
PEUGEOT,"404 - 5 banc. y 504 Motor 1800 XE, XSE, XL - Motor 2000 E,L,SE Nafta",4,IN,VA0440549,1070 AGNC,42.60 x 7.98 x 118.26,M,30°,A,C
, ,,EX,VE0440584,21170 E,35.48 x 7.96 x 111.95,A/CP,45°,A,C
PEUGEOT,"404 - 5 banc. y 504 Motor 1800 XE, XSE, XL - Motor 2000 E,L,SE - GNC ",4,IN,VA0440549,1070 AGNC,42.60 x 7.98 x 118.26,M,30°,A,C
, ,,EX,VE0440289,21070 EGNC,35.48 x 7.96 x 111.95,A/ST/CP,45°,A,C
PEUGEOT,404 (62/65) 3 bancadas Nafta,4,IN,VA0441034,1048 A,38.80 x 8.49 x 119.00,M,30°,M,A
, ,,EX,VE0441041,21048 E,33.40 x 8.47 x 112.20,A,45°,M,A
PEUGEOT,404 Motor Indenor Diesel XD488 ,4,IN,VA0440565,1057 A,40.48 x 8.48 x 116.20,M,45°,A,A
, ,,IN,VA0440565+04,1057 A+04,40.48 x 8.48 x 116.20,M,45°,A,A
, ,,IN,VA0440565+08,1057 A+08,40.48 x 8.48 x 116.20,M,45°,A,A
, ,,EX,VE0440583,21057 E,33.48 x 8.46 x 116.20,A/CP,45°,A,A
, ,,EX,VE0440583+04,21057 E+04,33.48 x 8.46 x 116.20,A/CP,45°,A,A
, ,,EX,VE0440583+08,21057 E+08,33.48 x 8.46 x 116.20,A/CP,45°,A,A
PEUGEOT,404 Motor XC5 (63/67) 5 bancadas Nafta,4,IN,VA0441035,1049 A,39.00 x 8.48 x 119.20,M,30°,A,A
, ,,EX,VE0440580,21049 E,33.65 x 8.47 x 112.50,A,44°52',A,A
PEUGEOT,404 Motor XC6-B (67/69) 5 bancadas - 504 1657cc (69/74) Nafta,4,IN,VA0440564,1053 A,41.38 x 7.98 x 118.75,M,30°,A,C
, ,,EX,VE0440582,21053 E,35.58 x 7.96 x 111.95,A/CP,45°,A,A
PEUGEOT,"405 GR, SR, GL, GE XU5/XU9/XU5JP - 205 CTI, GTI XU5M/XU9JA 1580/1905 cc. - 305 GT XU92C 1905 cc. - Nafta/GNC",4,IN,VA0440551,1205 AGNC,41.60 x 7.97 x 108.79,M/SH,44°50',A,A
, ,,EX,VE0440298,21205 EGNC,34.48 x 7.97 x 108.32,A/M/ST/CP,44°22',A,A
PEUGEOT,405 Inyección Multipunto 16v. - Nafta / GNC,4,IN,VA0440553,1208 AGNC,34.60 x 6.98 x 106.20,M/CP/SH,45°,C,A
, ,,EX,VE0440554,21208 EGNC,29.58 x 6.98 x 104.95,A/M/ST/CP,44°52',C,A
PEUGEOT,"406 Motor XU7JP4 1800cc - 406, 306, 605 Motor XU10JUR 2000cc. 16v. Nafta",4,IN,VA0440571,1215 A,34.60 x 6.98 x 106.40,M/SH,44°30',C,C
, ,,EX,VE0440590,21215 E,29.50 x 6.98 x 105.77,A/M/CP,44°30',C,C
PEUGEOT,"406, 605, 806 Motor XUD11A/B TE 2100cc. 12v. Turbo Diesel ",4,IN,VA0440573,1226 A,33.95 x 8.00 x 122.25,M/CP,45°,C,A
, ,,EX,VE0440594,21226 E,33.90 x 7.96 x 121.85,A/M/ST/CP,45°,C,A
PEUGEOT,"406, Partner Motor XU7JB 1760cc. - 504 TI/L/GL, 405 GRI/SRI Motor XU9J2 1900cc. - GNC ",4,IN,VA0441040,5776 A,41.60 x 7.98 x 105.17,M/SH,44°50',A,A
, ,,EX,VE0441382,25776 E,34.50 x 7.97 x 104.75,A/M/ST/CP,44°22',A,A
PEUGEOT,504 Motor 2300cc Indenor XD2 Diesel ,4,IN,VA0440566,1075 A,40.48 x 8.48 x 116.20,M,30°,A,A
, ,,IN,VA0440566+04,1075 A+04,40.48 x 8.48 x 116.20,M,30°,A,A
, ,,IN,VA0440566+08,1075 A+08,40.48 x 8.48 x 116.20,M,30°,A,A
, ,,EX,VE0440583,21057 E,33.48 x 8.46 x 116.20,A/CP,45°,A,A
, ,,EX,VE0440583+04,21057 E+04,33.48 x 8.46 x 116.20,A/CP,45°,A,A
, ,,EX,VE0440583+08,21057 E+08,33.48 x 8.46 x 116.20,A/CP,45°,A,A
PEUGEOT,"504 XD2, 505 XD3 2500cc Diesel (Asp. Normal y Turbo) ",4,IN,VA0440567,1151 A,42.38 x 8.48 x 115.95,M/CP,45°,A,E
, ,,IN,VA0440567+04,1151 A+04,42.38 x 8.48 x 115.95,M/CP,45°,A,E
, ,,IN,VA0440567+08,1151 A+08,42.38 x 8.48 x 115.95,M/CP,45°,A,E
, ,,EX,VE0440581,21051 E,35.38 x 8.46 x 116.15,A/CP,45°,A,A
, ,,EX,VE0440581+04,21051 E+04,35.38 x 8.46 x 116.15,A/CP,45°,A,A
, ,,EX,VE0440581+08,21051 E+08,35.38 x 8.46 x 116.15,A/CP,45°,A,A
PEUGEOT,505 1800-2000cc. - GNC,4,IN,VA0440559,1103 AGNC,42.60 x 7.98 x 118.55,M,30°,A,C
, ,,EX,VE0440560,21103 EGNC,35.50 x 7.97 x 112.15,A/M/ST/CP,45°,A,E
PEUGEOT,"505 XD3, Pick Up 504 Diesel ",4,IN,VA0441037,1152 A,40.40 x 8.48 x 116.20,M,30°,A,A
, ,,EX,VE0441043,21152 E,33.40 x 8.46 x 116.20,A/CP,45°,A,A
PEUGEOT,"605, 806, Boxer 350LH, 320M Motor DK5ATE, DJ5, DJ5T 2500cc. 12v. Turbo Diesel ",4,IN,VA0440576,1230 A,36.95 x 6.99 x 127.85,M/CP/SH,45°,C,C
, ,,EX,VE0440283,21230 E,36.95 x 6.99 x 127.85,A/M/ST/CP,45°,C,A
PEUGEOT,Motor Iveco Boxer 2800cc. D-TD Turbo Diesel ,4,IN,VA0010211,22083 A,40.90 x 7.99 x 120.90,A/CP,30°,A,A
, ,,EX,VE0010212,22183 E,35.90 x 7.99 x 121.95,A/M/CP,44°30',A,A
PEUGEOT,"Partner Motor DV6 8V 1,6l.",4,IN,VA0441638,1429 A,"30,13 x 5,47 x 95,47",M/CP,44°30,C,A
,,,EX,VE0441639,21429 E,"27,5 x 5,46 x 95,47",AB/M/ST/CP,44°30,C,A
PEUGEOT,"3008/408/207 1,6l. Motor EP6DTS/EP6CDT/EP6DTM",4,IN,VA0441642,1430 A,"28,77 x 4,97 x 105,66",M,44°30',C,C
,,,EX,VE0441643,21430 E,"26,20 x 4,96 x 110,12",AB/M/ST,44°30',c,c
PEUGEOT,"Citroen C3, c3 Picasso, Peugeot 208 Motor TU4 1,5l. SOHC",4,IN,VA0441689,1431 A,"37,65 x 5,98 x 112,31",M/ST,45°,A,C
,,,EX,VE0441690,21431 E,"30,20 x 5,96 x 112,61",A/M/ST,45°,A,C
RASTROJERO,Motor Borgward Diesel D301 E1-52HP (65/71) ,4,IN,VA3200866,1061 A,35.08 x 9.96 x 124.45,M,44°30',E,A
, ,,IN,VA3200866+08,1061 A+08,35.08 x 9.96 x 124.45,M,44°30',E,A
, ,,EX,VE3200867,21061 E,31.18 x 9.96 x 124.95,A,44°30',E,A
, ,,EX,VE3200867+08,21061 E+08,31.18 x 9.96 x 124.95,A,44°30',E,A
RASTROJERO,Motor Borgward Diesel D4M-42HP (52/66) ,4,IN,VA3200864,1033 A,32.28 x 8.97 x 122.95,M,44°30',L,C
, ,,IN,VA3200864+1,1033 A+1,33.28 x 8.97 x 122.95,M,44°30',L,C
, ,,IN,VA3200864+08,1033 A+08,32.28 x 8.97 x 122.95,M,44°30',L,C
, ,,EX,VE3200865,1033 E,30.18 x 8.97 x 122.95,M,44°30',L,A
, ,,EX,VE3200865+08,1033 E+08,30.18 x 8.97 x 122.95,M,44°30',L,A
, ,,EX,VE3200865+1,1033 E+1,31.18 x 8.97 x 122.95,M,44°30',L,A
RENAULT,"4L-151 y 6L-226 (58/76), Motor IKA Nafta",4-6,IN,VA0180398,1027 A,38.78 x 8.65 x 131.75,M,30°,E,A
, ,,EX,VE0180399,21027 E,33.88 x 8.61 x 132.15,A,44°,E,A
RENAULT,"Clio II, Megane Motor K9K DSI 1500cc. Turbo Diesel ",4,IN,VA0180413,1256 A,33.48 x 5.98 x 100.89,M/SH,45°,C,A
, ,,EX,VE0180414,21256 E,29.00 x 5.97 x 100.73,AB/M,45°,C,C
RENAULT,"Clio Motor C730, R19 Motor A706 (hasta'93), R21 Motor D710 F8Q 1900cc. Diesel ",4,IN,VA0180432,21258 A,36.20 x 7.98 x 111.80,AB/M,30°,A,A
, ,,EX,VE0180309,21358 E,31.50 x 7.97 x 111.06,A/M/ST,45°,A,A
RENAULT,"Clio Motor E7J 1400cc. Francés - Megane,Kangoo Motor K7M 1600cc. - GNC",4,IN,VA0180393,1360 AGNC,37.50 x 6.99 x 107.75,M,30°,A,A
, ,,EX,VE0180310,21360 EGNC,33.55 x 6.97 x 107.70,A/M/ST,45°,A,A
RENAULT,"Clio, R19 Motor A706/714/730/732 (después'93), Megane 620 Motor F8Q 1900cc. Diesel ",4,IN,VA0180436,21358 A,35.30 x 7.99 x 111.55,AB/M,45°,A,A
, ,,EX,VE0180309,21358 E,31.50 x 7.97 x 111.06,A/M/ST,45°,A,A
RENAULT,"K7M / K7M Hi-Power 1,6l. 8v.",,IN,VA0181703,1460 A,"37,7 x 6,97 x  108,35",M/N,30°00,A,C
,,,EX,VE0181704,21460 E,"33,6 x 6,96 x 108,35",A/M/N,45°00',A,C
,,,,,,,,,,
RENAULT,"Clio, Twingo Motor D4D 1000cc. - D4F 1200cc. 16v. ",4,IN,VA0181606,1379 A,25.92 x 5.47 x 110.75,M/N,45°,C,A
, ,,EX,VE0181607,21379 E,22.16 x 5.46 x 112.65,A/M/N,45°,C,A
RENAULT,CLIO/SCENIC/MEGANE/DUSTER - K4M 1.6 16V Nafta,4,IN,VA0180124,1260 A,32.70 x 5.40 x 109.30,M,45°,A,C
, ,,EX,VE0180125,21260 E,27.90 x 5.40 x 107.60,A/M,45°,C,A
RENAULT,Dauphine y Gordini Motor 31HP guía 6 mm. (61/64) Nafta,4,IN,VA0180408,1034 A,27.18 x 5.97 x 73.45,M,30°,L,A
, ,,EX,VE0180409,1034 E,25.18 x 5.94 x 74.00,M,30°,L,A
RENAULT,"Fuego GTX, GTA 2200cc., R21 TXE, Break Nevada 2200cc. - GNC",4,IN,VA0180397,21084 AGNC,43.91 x 7.98 x 111.95,A/M,30°,A,C
, ,,EX,VE0180287,21079 EGNC,38.60 x 7.97 x 111.40,A/M/ST,44°50',A,C
RENAULT,"Gordini, 4L, 4F-850 Motor 35HP guía 7 mm. (63/69) Nafta",4,IN,VA0180400,1035 A,28.28 x 6.98 x 73.15,M,45°,F,A
, ,,EX,VE0180401,21035 E,25.08 x 6.97 x 73.55,A,45°,B,A
RENAULT,"Laguna , Scenic, Megane, Master Motor F9Q 1900cc. Turbo Diesel ",4,IN,VA0180425,1362 A,35.30 x 6.98 x 110.95,M/CP,45°,A,A
, ,,EX,VE0180294,21362 E,32.60 x 6.97 x 110.79,AB/M/CP,45°,A,A
RENAULT,Laguna Motor G8T 2200cc. Turbo Diesel ,4,IN,VA0180282,21363 A,32.15 x 6.98 x 117.56,A/M/ST/CP,45°,C,A
, ,,EX,VE0180428,21363 E,31.12 x 6.97 x 117.56,A/M/ST/CP,44°30',C,A
RENAULT,"Laguna RXT, Safrane RXE Motor N7Q 2000cc. 16v. Nafta",4,IN,VA0180417,1261 A,31.10 x 6.96 x 104.25,M/CP,44°52',C,C
, ,,EX,VE0180303,21261 E,26.90 x 6.95 x 103.20,A/M/CP,44°30',C,C
RENAULT,"Laguna, Megane Motor F3P 1800cc, F3R 2000cc. Inyección Multipunto Nafta/GNC",4,IN,VA0180395,1361 AGNC,40.00 x 7.98 x 115.50,M,45°,A,A
, ,,EX,VE0180396,21361 EGNC,32.70 x 7.97 x 115.35,A/ST/CP,45°,A,A
RENAULT,Master 2.5L Dci Motor G9U-724 16v. Diesel,4,IN,VA0181483,1364 A,30.73 x 5.98 x 123.18,M/N,45°,C,A
, ,,EX,VE0181484,21364 E,29.56 x 5.97 x 123.18,A/N,45°,C,C
RENAULT,"R12 TL, TS, Break 1400-1600, R18 1400, GTS 1600 - GNC ",4,IN,VA0180386,1072 AGNC,34.00 x 6.98 x 89.80,M,45°,A,C
, ,,EX,VE0180304,21072 EGNC,30.13 x 6.97 x 88.95,A/M/ST,45°,B,C
RENAULT,R18 1400cc. Francés Nafta,4,IN,VA0180411,1255 A,34.10 x 6.97 x 91.40,M,30°,A,C
, ,,EX,VE0180412,21255 E,28.95 x 6.96 x 88.90,A,45°,B,C
RENAULT,"R18 GTD, Trafic Motor TA52, TA12, R21, Master Motor J8S 2100cc. Diesel ",4,IN,VA0180290,2140 A,40.30 x 7.98 x 111.55,M/ST,45°,A,A
, ,,EX,VE0180291,22140 E,33.30 x 7.97 x 111.55,A/M/ST/CP,45°,A,A
RENAULT,"R18 GXE,Fuego GTX 2000cc.,Trafic TA52,TA12,R21 Inyección Multipunto 2200cc. Nafta",4,IN,VA0180387,1079 AGNC,44.05 x 7.98 x 111.95,M,29°52',A,C
, ,,EX,VE0180431,21179 E,38.60 x 7.97 x 111.35,A,44°52',A,C
RENAULT,"R18 GXE,Fuego GTX 2000cc.,Trafic TA52,TA12,R21 Inyección Multipunto 2200cc. - GNC ",4,IN,VA0180387,1079 AGNC,44.05 x 7.98 x 111.95,M,29°52',A,C
, ,,EX,VE0180287,21079 EGNC,38.60 x 7.97 x 111.40,A/M/ST,44°50',A,C
RENAULT,R19 Inyección Multipunto 1800cc. Nafta,4,IN,VA0180423,1359 A,40.18 x 7.98 x 107.15,M,44°45',A,A
, ,,EX,VE0180424,21359 E,32.48 x 7.97 x 106.90,A/M/ST,45°,A,A
RENAULT,"R19 Motor A706,740,742,744,764; Megane Motor 784,786 F8Q 1900cc. Turbo Diesel ",4,IN,VA0180432,21258 A,36.20 x 7.98 x 111.80,AB/M,30°,A,A
, ,,EX,VE0180441,21458 E,31.60 x 7.97 x 111.60,A/M/ST,44°52',A,A
RENAULT,"R19, Clio Motor F7P 1800cc. 16v. Williams Nafta",4,IN,VA0180419,1353 A,30.75 x 6.98 x 107.45,M/SH,45°,A,A
, ,,EX,VE0180420,21353 E,28.70 x 6.97 x 109.05,AB/M/ST/CP,45°,A,A
RENAULT,"R19, Clio, Express, Kangoo, Trafic, Motor F8Q 1900cc. / Kangoo 1.9D 65CV Motor F8Q-630 Diesel",4,IN,VA0180307,21357 A,35.30 x 7.99 x 110.05,AB/M,45°,A,A
, ,,EX,VE0180308,21357 E,31.50 x 7.97 x 109.73,A/M/ST,45°,A,A
RENAULT,"R4 GTL Motor 1000-1100 cc. (76/87), R12, TL, TS, Break - 1300cc. Nafta",4,IN,VA0180410,1069 A,33.38 x 6.98 x 89.60,M,45°,B,C
, ,,EX,VE0180994,21072 E,30.13 x 6.97 x 88.95,A/M,45°,B,C
RENAULT,"R4 Motor 1000cc., R6 Motor 1100cc., R12 Motor 1300cc. (71/76) Nafta",4,IN,VA0180404,1058 A,33.38 x 6.98 x 89.60,M,45°,F,C
, ,,EX,VE0180405,21058 E,30.18 x 6.97 x 89.05,A,45°,B,C
RENAULT,"R5, Clio 1100cc. Nafta",4,IN,VA0180410,1069 A,33.38 x 6.98 x 89.60,M,45°,B,C
, ,,EX,VE0180991,21380 E,29.00 x 6.98 x 88.90,A,45°,B,C
RENAULT,"R5,Clio,R9,R11,R19,Chamade,R21,Nevada Trafic Motor F2N 1700cc. - GNC",4,IN,VA0180391,1356 AGNC,38.16 x 7.99 x 111.45,M,30°,A,A
, ,,EX,VE0180306,21356 EGNC,32.53 x 7.97 x 111.30,A/M/ST,45°,A,A
RENAULT,"R9, R11 - GTL,TS,TXE - 1400-1600 cc. Nafta",4,IN,VA0180384,1055 AGNC,34.03 x 6.98 x 91.43,M,45°,A,C
, ,,EX,VE0180430,21155 E,28.83 x 6.97 x 88.90,A/M,45°,B,C
RENAULT,"R9, R11 - GTL,TS,TXE - 1400-1600 cc. - GNC",4,IN,VA0180384,1055 AGNC,34.03 x 6.98 x 91.43,M,45°,A,C
, ,,EX,VE0180302,21055 EGNC,28.83 x 6.97 x 88.90,A/M/ST,45°,B,C
RENAULT,"R9,R11,R19,Clio Motor 1600cc., Trafic 1400cc. Nafta/GNC ",4,IN,VA0180389,1355 AGNC,34.08 x 6.98 x 90.68,M/CP,45°,B,C
, ,,EX,VE0180305,21355 EGNC,28.90 x 6.97 x 88.90,A/M/ST/CP,45°,B,C
RENAULT,Scenic Motor F4R 2000cc. 16v. Nafta,4,IN,VA0180415,1259 A,33.50 x 5.47 x 110.03,M,45°,A,C
, ,,EX,VE0180416,21259 E,29.00 x 5.45 x 108.90,A/M,44°30',A,C
RENAULT,"Tornado OHC-181, OHC-230 (65/74) 4 bancadas Nafta",6,IN,VA0180402,1047 A,48.18 x 8.63 x 118.70,M,45°,E,C
, ,,EX,VE0180403,21047 E,41.18 x 8.60 x 113.85,A,45°,E,C
RENAULT,Tornado OHC-230 (74 en ad.) 7 bancadas Nafta,6,IN,VA0180406,1065 A,48.18 x 8.65 x 126.45,M/CP,45°,E,C
, ,,EX,VE0180407,21065 E,41.18 x 8.65 x 121.55,A/CP,45°,E,C
RENAULT,"Twingo, Clio, Kangoo Motor D7F 1100cc. Nafta",4,IN,VA0180421,1354 A,32.90 x 5.97 x 106.85,M/SH,30°,A,A
, ,,EX,VE0180422,21354 E,29.85 x 5.96 x 106.70,AB/M,45°,A,A
RENAULT,"Fluence 2,0l. 16v. DOHC L4 Flex", 4,IN,VA0031604,5014 A,"33,92 x 5,47 x 106,23",M/N,44°30,A,C
,,,EX,VE0031605,25014 E,"27,80 x 5,46 x 105,25",A/N/ST,44°30,A,C
ROVER,"100 1100cc.-100 GS, 214S, 414 1400cc. Nafta",4,IN,VA2180853,1141 A,33.75 x 6.97 x 90.55,M/CP,45°,A,A
, ,,EX,VE2180854,21141 E,31.22 x 6.97 x 90.98,A/CP,45°,A,A
ROVER,"100, 200, 214, 414 GSi 16v. 1400-1600cc. Botador Hidráulico Nafta",4,IN,VA2180851,1140 A,27.68 x 5.96 x 89.58,M/CP,45°,A,C
, ,,EX,VE2180852,21140 E,24.10 x 5.96 x 90.07,A/CP,45°,A,A
SCANIA,Motor D10 LB75 Diesel (58/62) ,6,IN,VA0760797,2025 A,53.98 x 10.94 x 162.55,M/CP,30°,G,A
, ,,EX,VE0760798,22025 E,43.98 x 10.92 x 164.20,A/CP,30°,G,A
SCANIA,Motor D11 (89 en ad.) Diesel,6,IN,VA0761144,26404 A,54.00 x 11.00 x 162.50,AB/M/CP,19°30',Q,A
, ,,EX,VE0760012,22058 E,44.60 x 10.90 x 162.50,A/CP/ST,45°30',G,A
SCANIA,"Motor D11 B05, L03 - L111, B111 Diesel",6,IN,VA0761145,6404 A,54.00 x 10.94 x 162.40,M/ST/CP,29°30',Q,A
, ,,EX,VE0760058,22045 E,45.00 x 10.90 x 162.50,AN/ST/CP,44°30',G,A
SCANIA,"Motor DC11 (new), DN12, DS12, DSC12, Modelo 104-124 Serie 4 Diesel",6,IN,VA0760103,22066 A,44.00 x 10.00 x 171.40,A/CP/M,19°30',A,A
, ,,EX,VE0760102,22066 E,41.00 x 9.93 x 171.50,A/CP/M/ST,45°30',A,A
SCANIA,"Motor DC9, DC11, DC12, DC16 -DSC12 - K24 - Euro 4 - Ranura Multiple Diesel",6,IN,VA0761393,22666 A,44.00 x 9.94 x 171.44,AB/M/CP,19°30',D,E
,,,IN,VA0761395,22667 A,44.00 x 9.94 x 171.44,X/M/ST/CP,19°30',D,E
,,,EX,VE0761394,22666 E,41.00 x 9.93 x 171.52,AN/M/ST/CP,44°30',D,E
SCANIA,Motor DC13 12.7L,6,IN,VA0761792,2877 A,"44,00 x 9,94  x 171,44",MV/CP,19°30',D,C
,,,EX,VE0761793,22877 E,"41,00 x 9,93 x 171,47",AN/M/N,29°30,D,B
SCANIA,"Motor DN11, DS11, DSC11, DN14, DS14, DSC14 - Modelos 111, 112, 113 Industrial Diesel",6,IN,VA0760013,26403 A,54.00 x 11.00 x 162.50,A/M/CP,19°30',G,A
, ,,EX,VE0760012,22058 E,44.60 x 10.90 x 162.50,A/CP/ST,45°30',G,A
SCANIA,"Motor DN11, DS11, L111, R112, T112, BR116, K112 (76/89) Diesel",6-8,IN,VA0760057,22045 A,53.98 x 10.94 x 162.45,A/ST/CP,19°30',G,A
, ,,EX,VE0760058,22045 E,45.00 x 10.90 x 162.50,AN/ST/CP,44°30',G,A
SCANIA,"Motor DN11, DS11, L111, R112, T112, K112, 113 (90 en ad.) Diesel",6,IN,VA0760057,22045 A,53.98 x 10.94 x 162.45,A/ST/CP,19°30',G,A
, ,,EX,VE0760012,22058 E,44.60 x 10.90 x 162.50,A/CP/ST,45°30',G,A
, ,,EX,VE0760796,22258 E,44.60 x 10.90 x 162.50,X/CP,45°30',A,A
SCANIA,"Motor DS11 B05/03, LB24, L05 - LS, LK, LT, B111 Diesel",6-8,IN,VA0760800,6403 A,53.98 x 10.94 x 162.35,M/ST/CP,29°30',G,A
, ,,EX,VE0760058,22045 E,44.98 x 10.93 x 162.45,AN/ST/CP,44°30',G,A
SCANIA,"Motor DS14 LB05 - LK140, LKS140 Diesel",6-8,IN,VA0760800,6403 A,53.98 x 10.94 x 162.35,M/ST/CP,29°30',G,A
, ,,EX,VE0760799,26401 E,43.98 x 10.92 x 162.45,A/ST/CP,29°30',G,A
SCANIA,"Motor DS9, DSC9 Turbo 9.0l. Diesel",6,IN,VA0760215,22168 A,51.00 x 11.00 x 162.48,A/M/CP,19°30',A,A
, ,,EX,VE0760216,22168 E,44.00 x 11.00 x 162.48,A/M/CP,45°30',A,A
SCANIA,"Motor DC11, DC12, DC16 Euro 2, 3, 4 -DT12 Euro 3, 4 -Diesel",6,IN,VA0760225,22266 A,44.00 x 9.94 x 171.09,X/M/CP,19°30',A,A
, ,,EX,VE0760102,22066 E,41.00 x 9.93 x 171.50,A/CP/M/ST,45°30',A,A
SEAT,"Ibiza, Córdoba Motor AAU, ABD 1000cc., 1400cc. Nafta",4,IN,VA0700758,1222 A,34.00 x 6.96 x 99.00,M/SH,44°52',C,A
, ,,EX,VE0701141,21222 E,28.90 x 6.94 x 99.00,A/M/ST,44°52',C,A
SEAT,"Ibiza, Córdoba Motor ABU 1600cc. Nafta",4,IN,VA0700759,1223 A,34.60 x 6.97 x 94.70,M/SH,44°52',C,A
, ,,EX,VE0700760,21223 E,29.00 x 6.94 x 95.00,A/M/ST,44°52',C,A
SEAT,"Ibiza, System, Porsche 1200cc. Nafta",4,IN,VA0701131,1174 A,32.00 x 6.96 x 103.00,M/CP,45°,C,A
, ,,EX,VE0701137,21174 E,28.00 x 6.97 x 103.00,A/M/ST/CP,45°,C,A
SEAT,"Ibiza, System, Porsche 1500cc. Nafta",4,IN,VA0701130,1173 A,34.00 x 6.96 x 103.00,M/CP,45°,C,A
, ,,EX,VE0701137,21174 E,28.00 x 6.97 x 103.00,A/M/ST/CP,45°,C,A
SIMCA,Motor 1000-1204 cc. Nafta,4,IN,VA0771147,2054 A,34.00 x 7.98 x 106.95,M,45°,A,C
, ,,EX,VE0771148,22054 E,27.90 x 7.95 x 107.40,A,45°,A,C
SIMCA,Motor 1300-1400 cc. Nafta,4,IN,VA0771146,2053 A,35.90 x 7.98 x 107.00,M,45°,A,C
SKODA,Motor Diesel 706-RT ,6,IN,VA0581073,2022 A,50.30 x 11.98 x 169.50,M,45°,G,A
, ,,EX,VE0581074,2022 E,47.20 x 11.98 x 169.50,M,45°,G,A
SUBARU,Motor EK-22/23 Nafta,2,IN,VA2250856,5351 A,34.98 x 6.94 x 110.95,M,45°,L,C
, ,,EX,VE2250855,25351 E,30.03 x 6.94 x 110.40,A,45°,L,C
SUZUKI,FORSA Motor 910 - G10 Nafta,4,IN,VA0080324,1117 A,36.15 x 6.97 x 115.33,M,45°,A,C
, ,,EX,VE0080325,1117 E,30.10 x 6.96 x 114.33,M,44°30',A,E
SUZUKI,"Motor F8A, F5A, LJ50 Nafta",4,IN,VA0080327,5251 A,31.53 x 6.96 x 109.95,M,45°,A,C
, ,,EX,VE0080326,25251 E,27.63 x 6.95 x 109.50,A,45°,A,A
SUZUKI,Fun Motor SOHC 1.4l. Nafta,4,IN,VA0141396,1501 A,38.00 x 5.97 x 104.96,M/CP,44°30',C,C
, ,,EX,VE0141573,21501 E,31.00 x 5.94 x 105.00,A/M/N,44°30',C,C
SUZUKI,Fun Motor SOHC 1.0L. Nafta,4,IN,VA0141431,1502 A,33.00 x 5.96 x 104.80,M/CP,45°,C,C
, ,,EX,VE0141432,21502 E,29.00 x 5.94 x 104.70,A/M/CP,45°,C,C
TOYOTA,"12R, Highace 1600cc. (1 ranura) Nafta",4,IN,VA0630731,1095 A,39.98 x 7.97 x 109.00,M,44°52',A,C
, ,,EX,VE0631381,21095 E,34.00 x 7.96 x 109.00,A,45°,A,A
TOYOTA,"18R, 19R, Corona Mark 11, GL, SL, GSL, GSS Nafta",4,IN,VA0630728,1083 A,40.98 x 7.97 x 113.15,M,45°,F,C
, ,,EX,VE0630729,21083 E,35.98 x 7.96 x 113.15,A,45°,F,A
TOYOTA,"20R, Hilux 1800-2000 cc. Diesel",4,IN,VA0630730,1093 A,42.98 x 7.97 x 113.15,M,45°,F,C
, ,,EX,VE0630729,21083 E,35.98 x 7.96 x 113.15,A,45°,F,A
TOYOTA,"2T, 12T, Corolla SR, Celica ST, GT, GTV, Carina Nafta",4,IN,VA0630726,1081 A,40.98 x 7.97 x 108.95,M,45°,F,C
, ,,EX,VE0630727,21081 E,36.08 x 7.96 x 108.95,A,45°,F,E
TOYOTA,"Bandeirante, Land Cruiser Motor 14B 3400cc. Diesel ",4,IN,VA0630259,1121 A,45.90 x 8.97 x 126.50,M/CP,45°,A,A
, ,,EX,VE0630260,21321 E,38.47 x 8.97 x 126.46,A/M/CP,44°30',A,A
TOYOTA,"Corolla Motor 1ZZFE DOHC 1,8lts. 16v.",4,IN,VA0630207,1324 A,31.98 x 5.48 x 88.45,M/N,45°,A,C
, ,,EX,VE0630208,21324 E,27.50 x 5.48 x 88.60,A/N,45°,A,C
TOYOTA,"Corolla RAV4 Motor D4D 1CD-FTV 2,0l. 16v. Turbo Diesel",4,IN,VA0631479,21325 A,28.08 x 5.98 x 102.56,A/N,30°,A,A
, ,,EX,VE0631480,21325 E,23.90 x 5.97 x 102.09,A/N,45°,A,A
TOYOTA,Dyna Motor 14B 3660cc. Inyección Directa Diesel ,4,IN,VA0630259,1121 A,45.90 x 8.97 x 126.50,M/CP,45°,A,A
, ,,EX,VE0630737,21121 E,38.40 x 8.98 x 126.80,A/CP,45°,A,A
TOYOTA,"Hilux Motor 2L 2000cc., 2200cc., 2500cc., 3L 2800cc. Diesel ",4-6,IN,VA0630739,21122 A,42.53 x 7.97 x 103.40,A/CP,45°,A,A
, ,,EX,VE0630241,21122 E,36.00 x 7.97 x 103.30,A/CP,45°20',A,A
TOYOTA,"Hilux, Land Cruiser, Dyna 150 Motor 1KD/2KD 16v. 2,5l. Turbo Diesel",4,IN,VA0631453,1323 A,30.50 x 5.98 x 105.65,M/CP,45°,A,A
, ,,EX,VE0631454,21323 E,26.50 x 5.98 x 105.89,A/CP,45°,A,A
TOYOTA,"Hilux 5L Motor 3,0l. Diesel",4,IN,VA0631463,1722 A,42.53 x 7.97 x 104.22,M/CP,45°,A,C
, ,,EX,VE0631464,21722 E,36.00 x 7.96 x 103.94,A/CP,45°,A,C
TOYOTA,"L, Diesel 3RC, 5RC",4,IN,VA0630732,1096 A,42.48 x 8.49 x 122.95,M,45°,C,A
, ,,EX,VE0630733,21096 E,34.98 x 8.49 x 122.95,A,45°,C,A
TOYOTA,"Motor 1C 1800cc., 2C 2000cc. Diesel ",4,IN,VA0630734,1118 A,38.35 x 7.97 x 105.50,M,45°,A,E
, ,,EX,VE0630735,1118 E,32.48 x 7.95 x 106.22,M,45°,A,E
TOYOTA,"Corolla, Hilux, Land Cruiser 90CV Motor 1KD FTV, D4D 3000cc 16v. Turbo Diesel (2005 ->)  ",4,IN,VA0630213,1322 A,32.20 x 5.98 x 105.44,M/CP,44°30',A,C
, ,,EX,VE0630214,21322 E,27.74 x 5.97 x 105.30,A/M/CP,44°30',A,C
TOYOTA,"Etios 1,5 l.  Motor 2NR-FE",4,IN,VA0631640,1326 A,"29,00 x 5,48 x 88,37",M/N,44°30,A,C
,,,EX,VE0631641,21326 E,"24,23 x 5,476 x 89,22",A/N,44°30,A,C
TOYOTA,"Corolla 1200cc. K, K-B, 3K, 3K-B (1 ranura)",4,IN,VA0631361,1082 A,"36,10 x 7,97 x 100,00",M,45°,F,C
,,,EX,VE0630738,21082 E,"28,98 x 7,95 x 99,95",A,45°,F,E
VALMET / VALTRA,Motor 320/420/620 - Tractor 700/800 Aspirado y Turbinado Diesel,3-4-6,IN,VA0310273,3191 A,48.00 x 8.97 x 151.60,M/SH,35°,A,C
, ,,EX,VE0310274,23191 E,40.93 x 8.92 x 152.76,A/M/CP,45°,A,C
VAUXHALL,Viva SL 90 - HB - HC - Firenza 1200cc. Nafta,4,IN,VA3281218,1550 A,33.55 x 6.99 x 99.50,M,43°45',F,A
, ,,IN,"VA3281218 0,076",1550 A1,33.55 x 7.07 x 99.50,M,43°45',F,A
, ,,IN,"VA3281218 0,127",1550 A2,33.55 x 7.12 x 99.50,M,43°45',F,A
, ,,IN,"VA3281218 0,254",1550 A3,33.55 x 7.24 x 99.50,M,43°45',F,A
, ,,EX,VE3281219,21550 E,30.00 x 6.99 x 99.85,A,45°,F,C
, ,,EX,"VE3281219 0,076",21550 E1,30.00 x 7.07 x 99.85,A,45°,F,C
, ,,EX,"VE3281219 0,127",21550 E2,30.00 x 7.12 x 99.85,A,45°,F,C
, ,,EX,"VE3281219 0,254",21550 E3,30.00 x 7.24 x 99.85,A,45°,F,C
VOLKSWAGEN,"Amarok, Tiguan 2.0l. 122-180 CV. Motor CDCA/CNEA TDI 16v. Diesel",4,IN,VA0701558,1292 A,28.00 x 5.98 x 99.50,M,45°,C,A
, ,,EX,VE0701559,21292 E,26.00 x 5.97 x 99.16,AB/M,45°,C,A
VOLKSWAGEN,"Bora, Golf IV, Passat 1800cc. Aspirado 20v. Motor AGN Nafta",4,IN,VA0700242,1707 A,27.00 x 5.97 x 105.00,M/ST,45°15',C,C
, ,,EX,VE0700778,21717 E,29.90 x 5.94 x 103.85,A/M/ST/CP,45°,C,A
VOLKSWAGEN,"Bora, Golf, New Beetle, Sharan, Passat Motor ATU,AWF,AWG,ADC 2000cc. Inyección Nafta",4,IN,VA0700089,1718 A,39.50 x 6.98 x 91.80,M/SH,45°,C,C
, ,,EX,VE0700190,21708 E,32.90 x 6.97 x 91.10,A/M,45°,C,A
VOLKSWAGEN,"Brasilea, Gol, Kombi - Motor 1500-1600 cc. Nafta",4,IN,VA0700020,6204 A,35.50 x 7.94 x 111.70,M,45,C,C
, ,,EX,VE0700927,26203 E,31.98 x 7.91 x 111.60,A/M,45°,C,E
VOLKSWAGEN,"Bus, Transporter 1600cc. Nafta",4,IN,VA0700756,1101 A,35.58 x 7.94 x 111.45,M,45°,C,C
, ,,EX,VE0700772,21301 E,31.90 x 8.91 x 111.85,A/M/CP,45°,C,A
VOLKSWAGEN,Camión 12.170BT/16.170BT Motor Cummins 5.9l. Turbo Intercooler Diesel,4-6,IN,VA0210151,2078 A,44.98 x 7.97 x 129.05,M/CP,30°,A,A
, ,,EX,VE0210150,22078 E,42.03 x 7.96 x 128.96,A/CP,45°,A,A
VOLKSWAGEN,Camión 14210/16210/16170 Normal-24250/35300 Turbo Intercooler Motor Cummins 8.3l Diesel,6,IN,VA0210153,2077 A,52.00 x 9.49 x 151.18,M/CP,30°,A,A
, ,,EX,VE0210152,22177 E,46.06 x 9.49 x 150.94,A/M/CP,45°,A,A
VOLKSWAGEN,Camión y Omnibus 7.100/8.100-8.140/12.140 Motor MWM 4.10 Normal y Turbo Diesel,6,IN,VA0130101,6154 A,45.00 x 8.90 x 126.00,CP/M,30°,C,A
, ,,EX,VE0130100,26154 E,41.00 x 8.90 x 126.00,A/M/CP,45°,C,A
VOLKSWAGEN,Carat 1800-2000 cc. Nafta,4,IN,VA0590067,1134 AGNC,39.98 x 7.96 x 98.70,M/SH,45°15',C,E
, ,,EX,VE0590703,21104 E,33.18 x 7.93 x 98.45,A/M,44°50',C,A
VOLKSWAGEN,Gacel M1600cc. (Hasta 1985) Nafta,4,IN,VA0700061,1102 AGNC,34.00 x 7.96 x 98.70,M/SH,44°40',A,C
, ,,EX,VE0700062,21102 E,31.18 x 7.94 x 98.45,A/M,44°50',A,A
VOLKSWAGEN,Gacel M1600cc. (Hasta 1985) - GNC ,4,IN,VA0700061,1102 AGNC,34.00 x 7.96 x 98.70,M/SH,44°40',A,C
, ,,EX,VE0700768,21102 EGNC,31.18 x 7.94 x 98.45,A/M/ST,44°50',A,A
VOLKSWAGEN,"Gacel M 1800cc.(86 en ad.), Carat, Quantum 1800-2000 cc., Gol, Passat Motor UN 1600-1800-2000 cc. Nafta",4,IN,VA0700017,1104 AGNC,38.00 x 7.96 x 98.70,M/SH,45°30',C,C
, ,,EX,VE0590703,21104 E,33.18 x 7.93 x 98.45,A/M,44°50',C,A
VOLKSWAGEN,"Gacel M1800cc.(86 en ad.), Carat,Quantum 1800-2000cc., Gol,Passat Motor UN 1600-1800-2000cc. - GNC ",4,IN,VA0700017,1104 AGNC,38.00 x 7.96 x 98.70,M/SH,45°30',C,C
, ,,EX,VE0700016,21104 EGNC,33.18 x 7.93 x 98.45,A/M/ST,44°50',C,A
VOLKSWAGEN,"Gol, Parati Motor 1000cc. 16v. EA-111 Nafta",4,IN,VA0700009,1217 A,22.50 x 5.97 x 98.70,M/SH,44°50',C,A
, ,,EX,VE0700008,21217 E,19.97 x 5.95 x 98.15,A/M/CP,44°50',C,A
VOLKSWAGEN,"Gol Power, Parati - Audi 1,0 Lts. - RSH - 16v. Nafta",4,IN,VA0700074,1713 A,22.50 x 5.97 x 101.70,M/SH,45°15',C,A
, ,,EX,VE0700073,21713 E,20.00 x 5.90 x 101.60,A/M,45°,C,C
VOLKSWAGEN,"Gol Power - Audi 1,0 Lts. - RSH - 8v. Nafta",4,IN,VA0700863,1712 A,31.00 x 5.97 x 99.00,M/SH,45°,C,A
, ,,EX,VE0700508,21712 E,26.00 x 5.95 x 99.10,A/M,45°,C,A
VOLKSWAGEN,"Gol, Parati, Saveiro 1600-1800 cc. Motor Ford Carburado Nafta",4,IN,VA0590044,1187 A,36.38 x 6.98 x 97.02,M/CP,45°,L,C
, ,,EX,VE0590708,21187 E,28.38 x 6.96 x 96.12,A/ST/CP,45°,L,A
VOLKSWAGEN,"Gol, Polo Motor AFZ 1000cc. 8v. EA-111 Nafta",4,IN,VA0700028,1207 A,30.97 x 6.96 x 94.68,M/SH,44°50',C,A
, ,,EX,VE0700027,21207 E,25.97 x 6.94 x 94.33,A/M,44°50',C,A
VOLKSWAGEN,"Golf Base, Fox, Suran Motor 1600cc. 75/85KW. EA111 / Gol 5P/Country 1.4 8V Mi (11->) Nafta",4,IN,VA0700252,1188 A,34.50 x 5.97 x 99.18,M/SH,45°,C,A
, ,,EX,VE0700268,21188 E,28.00 x 6.00 x 99.18,A/M/ST,45°10',C,A
VOLKSWAGEN,"EA111 1,6l. - Golf, Audi A3, Polo, Fox",4,IN,VA0700252,1188 A,"34,50 x 5,97 x 99,18",M/SH,45°00',C,A
,,,EX,VE0700253,26188 E,"28,00 x 5,95 x 99,18",A/M,45°00',C,A
VOLKSWAGEN,"Golf, Jetta, Touran, Passat Motor BLX, BLY, BLR 2,0l. - Vento Motor BTK 2,5l. 20v.",4,IN,VA0701459,1716 A,33.86 x 5.98 x 103.97,M/SH,45°,C,C
, ,,EX,VE0701460,21716 E,28.00 x 5.97 x 101.88,AN/M/CP,45°,C,A
VOLKSWAGEN,"Golf, Passat, Jetta 2,0l. TDI-PD 16v. Motor AZV-BKD-BVE Diesel",4,IN,VA0701451,1715 A,29.20 x 5.98 x 87.80,M/SH,45°,C,A
, ,,EX,VE0701452,21715 E,25.50 x 5.97 x 87.50,AB/M/ST,45°,C,A
VOLKSWAGEN,"Golf, Passat C/CL/GL Motor BE 1600cc. Diesel (85 en ad.) ",4,IN,VA0700767,1811 A,33.93 x 7.96 x 95.50,M/SH,44°40',C,A
, ,,EX,VE0700779,21811 E,31.20 x 7.94 x 95.50,A/M/ST,45°,C,A
VOLKSWAGEN,"Golf, Passat Gti G60 1800cc. Nafta",4,IN,VA0700678,1705 AGNC,39.50 x 7.96 x 91.90,M/ST,44°30',C,C
, ,,EX,VE0701142,21705 E,33.10 x 7.95 x 91.50,A/M,44°30',C,A
VOLKSWAGEN,"Golf, Passat Motor 1600cc. Turbo Diesel ",4,IN,VA0700784,26218 A,33.88 x 7.96 x 104.75,A/M,44°30',C,A
, ,,EX,VE0700785,26218 E,31.10 x 7.94 x 104.60,AB/M/ST,44°45',C,A
VOLKSWAGEN,"Golf, Passat Motor 2E 1800cc. Nafta",4,IN,VA0700757,1219 A,39.93 x 7.96 x 91.30,M/ST,44°30',C,A
, ,,EX,VE0700770,21219 E,33.08 x 7.94 x 91.11,A/M/ST,45°,C,A
VOLKSWAGEN,"Golf, Passat, Sharan 1800cc. Turbo 20v. Motor AGU-AEV 2000cc. Nafta",4,IN,VA0700242,1707 A,27.00 x 5.97 x 105.00,M/ST,45°15',C,C
, ,,EX,VE0700243,21707 E,29.90 x 5.95 x 104.00,AB/M/ST/CP,45°15',C,A
VOLKSWAGEN,"Golf, Passat, Transporter, Sharan TDI PD 1900cc. 8v. Diesel",4,IN,VA0701132,1196 A,35.95 x 6.98 x 89.95,M/SH,44°50',L,A
, ,,EX,VE0700771,21296 E,31.45 x 6.97 x 89.55,AB/M/ST,44°50',L,A
VOLKSWAGEN,"Golf,Passat,Polo Motor GTD 1900cc. Diesel Diam. 8 mm. ",4,IN,VA0700766,1711 A,35.90 x 7.97 x 95.50,M/CP/SH,44°40',C,A
, ,,EX,VE0700286,21711 E,31.20 x 7.94 x 95.50,A/M/ST/CP,45°,C,A
VOLKSWAGEN,"Golf,Passat,Polo,Transporter,Vento Motor 1Y CL/GL 1900cc.-Kombi Motor 2500cc. TDI Diam.7 mm. Diesel",4,IN,VA0700764,1710 A,35.90 x 6.97 x 95.50,M/CP/SH,44°40',C,A
, ,,EX,VE0700288,21710 E,31.20 x 6.94 x 95.50,A/M/ST/CP,45°,C,A
VOLKSWAGEN,Kombi 84 1600cc. Nafta,4,IN,VA0700756,1101 A,35.58 x 7.94 x 111.45,M,45°,C,C
, ,,EX,VE0700021,21201 E,30.00 x 8.89 x 111.85,A/M/ST/CP,45°,C,A
VOLKSWAGEN,"Kombi , Motor 1600cc. Diesel - Senda  (3 ranuras) ",4,IN,VA0700082,6208 A,34.00 x 7.95 x 104.75,M,45°30',C,E
, ,,EX,VE0700081,26208 E,31.08 x 7.94 x 104.45,A/M,45°,C,E
VOLKSWAGEN,"Kombi Diesel, Motor 1600cc. (1 ranura) ",4,IN,VA0700788,6207 A,33.88 x 7.95 x 104.80,M/SH,44°30',A,E
, ,,EX,VE0700782,26207 E,31.18 x 7.94 x 104.50,A,44°45',A,E
VOLKSWAGEN,"Kombi, Furgon y Pick Up Motor 1500-1600 cc. Nafta",4,IN,VA0700756,1101 A,35.58 x 7.94 x 111.45,M,45°,C,C
, ,,EX,VE0700022,21101 E,31.88 x 7.93 x 111.90,A/M,45°,C,A
VOLKSWAGEN,"Kombi, Gol, Sedan 1300cc. - Nafta",4,IN,VA0700754,1100 A,31.50 x 7.95 x 111.60,M,45°,C,C
, ,,EX,VE0700755,21100 E,30.18 x 7.91 x 111.95,A,45°,C,A
VOLKSWAGEN,"Kombi, Sedan, Gol Motor 1300cc. Nafta",4,IN,VA0700050,6201 A,33.03 x 7.94 x 111.70,M,44°15',C,C
, ,,EX,VE0700049,26201 E,30.00 x 7.90 x 111.90,A/M,45°,C,A
VOLKSWAGEN,"LT28D/31D/35D/40D/45D/50D/55D Turbo 2400cc., Transporter D 1700cc. Diesel ",4,IN,VA0700786,26228 A,35.90 x 7.96 x 104.80,A/M,44°45',C,A
, ,,EX,VE0700785,26218 E,31.10 x 7.94 x 104.60,AB/M/ST,44°45',C,A
VOLKSWAGEN,"Pointer,Logus,Santana,Gol,Parati 1.6-1.8l-Motor Inyección Botador hidráulico- Nafta/GNC",4,IN,VA0590066,1204 AGNC,38.00 x 7.96 x 91.40,M/SH,44°30',C,C
, ,,EX,VE0590065,21605 EGNC,33.00 x 7.94 x 90.80,A/M/ST,45°10',C,A
VOLKSWAGEN,"Pointer,Logus,Santana,Gol,Parati 2.0l. Motor Inyección Botador hidráulico - Nafta/Gnc",4,IN,VA0700678,1705 AGNC,39.50 x 7.96 x 91.90,M/ST,44°30',C,C
, ,,EX,VE0590065,21605 EGNC,33.00 x 7.94 x 90.80,A/M/ST,45°10',C,A
VOLKSWAGEN,"Polo 45, Golf Mot AEV, ABD 1000cc., 1400cc. Nafta",4,IN,VA0700758,1222 A,34.00 x 6.96 x 99.00,M/SH,44°52',C,A
, ,,EX,VE0701141,21222 E,28.90 x 6.94 x 99.00,A/M/ST,44°52',C,A
VOLKSWAGEN,"Polo C, Golf Motor 1050cc., Polo C/CL/GL, Golf CL/GL Motor 1300cc. Nafta",4,IN,VA0701135,21218 A,36.00 x 8.00 x 98.70,A/M,45°,C,A
, ,,EX,VE0701139,21218 E,29.00 x 7.95 x 99.10,A/M/ST,45°,C,A
VOLKSWAGEN,"Polo CL/GT Motor 1050cc., 1300cc., Golf CL/GL Motor 1400cc. Nafta",4,IN,VA0701133,1218 A,36.00 x 8.00 x 99.30,M/ST/CP,45°,C,A
, ,,EX,VE0701139,21218 E,29.00 x 7.95 x 99.10,A/M/ST,45°,C,A
VOLKSWAGEN,"Polo CL75, Golf Motor AEE 1600cc.- Polo, Golf Motor AKV, AEX 1400cc. Nafta",4,IN,VA0700759,1223 A,34.60 x 6.97 x 94.70,M/SH,44°52',C,A
, ,,EX,VE0700760,21223 E,29.00 x 6.94 x 95.00,A/M/ST,44°52',C,A
VOLKSWAGEN,"Polo, Caddy Motor 1,7l. AHG-AKU - Polo Motor 1,9l. ASY - Golf, Polo, Vento, Caddy Motor 1,9l. AEY Diesel ",4,IN,VA0701445,1714 A,35.96 x 6.96 x 96.32,M,45°,C,A
, ,,EX,VE0701446,21714 E,31.40 x 6.94 x 96.21,AB/M/ST,45°,C,A
VOLKSWAGEN,"Polo, Caddy, Golf, Golf Cabriolet, Passat Motor 1600cc. 8v. Motor AFT/1F Nafta",4,IN,VA0700088,1708 A,37.90 x 6.98 x 91.85,M/SH,45°,C,C
, ,,EX,VE0700190,21708 E,32.90 x 6.97 x 91.10,A/M,45°,C,A
VOLKSWAGEN,"Polo, Caddy, Golf, Golf Cabriolet, Passat Motor AFT/1F 1600cc. - GNC ",4,IN,VA0700775,21708 AGNC,37.90 x 6.98 x 91.85,A/M,44°40',C,C
, ,,EX,VE0700087,21708 EGNC,32.90 x 6.96 x 91.15,A/M/ST,45°,C,A
VOLKSWAGEN,"Polo, Golf GTD, Passat Motor 1900cc. Turbo Diesel ",4,IN,VA0700776,21711 A,35.90 x 7.97 x 95.50,A/M/ST,44°40',C,A
, ,,EX,VE0700286,21711 E,31.20 x 7.94 x 95.50,A/M/ST/CP,45°,C,A
VOLKSWAGEN,"Polo, Golf, Golf Cabriolet, Passat, Sharan, Vento, Bora Motor AFN/ALH TDI 1900cc. Diesel ",4,IN,VA0700762,1709 A,35.95 x 6.96 x 96.85,M/SH,44°50',C,A
, ,,EX,VE0700295,21709 E,31.40 x 6.94 x 96.80,A/M/ST,44°50',C,A
VOLKSWAGEN,"Polo, Golf, Passat TDI Motor 1Z AFN 1900cc. Turbo Diesel ",4,IN,VA0700780,21927 A,35.90 x 7.97 x 96.70,A/M/ST,45°,C,A
, ,,EX,VE0700781,21927 E,31.40 x 7.94 x 96.81,A/M/ST,45°,C,A
VOLKSWAGEN,"Sedan Gol, Saveiro, Kombi Motor 1600cc. Nafta",4,IN,VA0700020,6204 A,35.50 x 7.94 x 111.70,M,46°30',C,C
, ,,EX,VE0700021,21201 E,30.00 x 8.89 x 111.85,A/M/ST,45°,C,A
VOLKSWAGEN,Transporter Motor 1900-2100 cc. Diesel,4,IN,VA0700959,1221 A,40.00 x 7.96 x 122.40,M,44°30',C,A
, ,,EX,VE0700932,21221 E,33.80 x 8.91 x 122.61,A/M/ST/CP,45°,C,A
VOLKSWAGEN,"Polo, Golf V 1,4l. -1,6l. / Passat, Touran 1,6l. 77kw-85Kw", 4,IN,VA0701624,1299 A,"29,50 x 5,97 x 100,90",M/SH,45°00',C,C
,,,EX,VE0701625,21299 E,"26,00 x 5,95 x 100,57",A/M/ST,45°00',C,A
VOLKSWAGEN,"Vento II Motor 2,5l. 170 CV 20v.",5,IN,VA0701672,1297 A,"32,35 x 5,98 x 103,9",M/SH/CP,45°,C,C
,,,EX,VE0701460,21716 E,"28,00 x 5,97 x 101,88",X/M/CP,45°,C,A
VOLKSWAGEN,"Amarok, Tiguan Motor CAWA - CCTA 2,0l. Tsi",4,IN,VA0701685,1247 A,"33,85 x 5,98 x 103,97",M/ST,45°,C,C
,,,EX,VE0701686,21247 E,"28,00 x 5,96 x 101,87",AB/M/ST/CP,45,C,C
VOLVO,"D10, N10, NL10, F10, B10R Motor THD100E, THD101H (Turbo)Electrónico Diesel",6,IN,VA0710063,2116 A,49.98 x 10.99 x 167.20,CP/M,29°30',A,A
, ,,EX,VE0710064,22116 E,45.98 x 10.97 x 167.15,A/CP/M/ST,44°30',A,A
VOLVO,"D12A Motor FH12-340, 380, 420 Turbo Diesel ",6,IN,VA0710203,25712 A,39.90 x 7.97 x 192.30,AB/M/CP,30°,N,A
, ,,EX,VE0710201,25712 E,40.00 x 7.96 x 191.70,A/M/CP,45°,A,A
VOLVO,"D13 12.8L. 24v. Diesel - FH400,420,440,460,480,500,520,540 - FM400,440,480 ",6,IN,VA0711398,22511 A,42.00 x 7.97 x 192.00,A/M/CP/ST,24°30',C,A
, ,,EX,VE0711695,22111 E,40.00 x 7.96 x 191.65,AB/M/CP/ST,39°30',C,A
VOLVO,"D7A, D7B, D7E Camion FL, Colectivo B7R - Motor TD33 E/ES 6725cc. Turbo Diesel",6,IN,VA0711383,2217 A,43.00 x 7.97 x 149.84,M/CP,30°,A,A
, ,,EX,VE0711384,22217 E,39.06 x 7.95 x 149.75,A/M/CP,45°,A,A
VOLVO,"Motor D7A, Bus 5000, B7, FL7, FS7 230, 260, 285 6725 cc. Diesel",6,IN,VA0711447,5713 A,43.00 x 7.97 x 149.70,M/CP,30°,Q,A
, ,,EX,VE0711448,25713 E,39.00 x 7.96 x 149.70,A/M/CP,45°,Q,A
VOLVO,"Motor D9A, Bus Olympian, A260, A300, A340, A380 9360cc. Diesel",6,IN ,VA0711449,22110 A,38.02 x 7.97 x 192.04,AB/M/CP,30°,A,A
, ,,EX,VE0711450,22220 E,38.02 x 7.95 x 191.87,AB/M/CP/ST,30°,A,A
VOLVO,FN88 (Turbo) Diesel,6,IN,VA0710790,2051 A,49.93 x 10.99 x 167.25,M/CP,30°,T,A
, ,,EX,VE0711143,22051 E,46.00 x 10.96 x 167.30,AB/CP,44°30',T,A
VOLVO,"Motor TD60, TD61, TD63 Turbo Diesel ",6,IN,VA0711389,5714 A,40.82 x 7.97 x 144.57,M/CP/SH,29°30',N,A
, ,,EX,VE0711390,25714 E,36.90 x 7.94 x 145.50,A/M/CP,44°30',N,A
VOLVO,"Motor TD70, TD71, D7A/B Turbo Diesel 6700cc. ",6,IN,VA0711387,5715 A,43.00 x 10.98 x 148.70,M/CP,29°30',A,A
, ,,EX,VE0711388,25715 E,36.95 x 10.95 x 148.85,A/M/CP,44°30',A,A
VOLVO,"N12 Motor TD120, TD123 E/S (Turbo) Diesel",6,IN,VA0710121,2117 A,53.98 x 10.99 x 167.20,CP/M,29°30',A,A
, ,,EX,VE0710120,22117 E,49.93 x 10.97 x 167.15,A/M/CP,44°30',A,A
VOLVO,"Titán L395, B638, L495 Motor D96 (57/65) Diesel",6,IN,VA0710789,2016 A,49.58 x 10.98 x 158.65,M,45°,T,A
, ,,EX,VE0710791,22016 E,43.48 x 10.96 x 158.65,A,44°52',T,A
VOLVO, FH12 / D12A / D12D 340 Euro 3,6,IN,VA0711691,5312 A,"40,00 x 7,96 x 192,00",MV/CP/SH,29°30',A,A
,,,EX,VE0710201,25712 E,40.00 x 7.96 x 191.70,A/M/CP,45°,A,A
VOLVO,"D13 12.8L. 24v. Diesel - FH400,420,440,460,480,500,520,540 - FM400,440,480 ",6,IN,VA0711398,22511 A,42.00 x 7.97 x 192.00,A/M/CP/ST,24°30',C,A
,,,EX,VE0711695,22111 E,"40,00 x 7,95 x 191,62",AB/M/CP/ST,39°30',C,C
VOLVO,"HDE11  10.8L/ 12,0L 24V SOHV L6 Euro 4/5", 6,IN,VA0711626,22114 A,"40,00 x 7,97 x192,00",AB/M/CP/ST,30°00',C,A
,,,EX,VE0711627,22914 E,"38,00 x 7,95 x 192,70",AB/M/CP/ST,30°00',C,A
YAMAHA,Motocicleta YBR 125cc,1,IN,VA0520199,562 A,26.00 x 4.97 x 64.28,M/N,45°,E,A
, ,,EX,VE0520200,20562 E,22.00 x 4.97 x 63.53,A/M/N,45°,E,A
YAMAHA,Fazer  250cc Flex,1,IN,VA0521670,20573 A,"34,00 x 5,98 x 93,67",A/M/N,44°30',A,A
,,,EX,VE0521671,20573 E,"28,50 x 5,96 x 92,46",A/M/ST/N,44°30',A,A
YAMAHA,"Fazer, Lander, Teneré 250cc / Gasolina",1,IN,VA0521672,563 A,"34,00 x 5,98 x 93,67",M/N,44°30',A,A
,,,EX,VE0521673,20563 E,"28,50 x 5,96 x 92,46",A/M/N,44°30',A,A
ZANELLO,"Motor NA3105 V-206, M-413F OM352 (Asp. Normal) Diesel",3-6,IN,VA3290871,22043 A,47.88 x 8.98 x 120.95,A/M,29°30',A,A
, ,,EX,VE3290872,22043 E,40.88 x 8.98 x 121.15,A/M,44°30',A,A
ZANELLO,"Motor TA4105 V-210, TA6105 V-417, M415D OM352 A (Turbo) Diesel",4-6,IN,VA3290873,22044 A,47.88 x 8.98 x 120.95,AB/M/CP,29°30',A,A
, ,,EX,VE3290874,22044 E,40.88 x 8.98 x 121.15,AB/M/CP,44°30',A,A
ZANELLO,Motor W.56 (Turbo) Diesel,6,IN,VA3291220,22091 A,44.15 x 8.95 x 140.50,A/M/CP,30°,E,A
, ,,EX,VE3291221,22091 E,36.15 x 9.94 x 140.50,A/M/CP,45°,E,A
ZETOR,Tractor 25 Diesel ,2,IN,VA0850802,3024 A,45.48 x 9.94 x 155.45,M,45°,H,A
, ,,EX,VE0850803,3024 E,41.48 x 9.94 x 155.45,M,45°,H,A
ZETOR,"Tractor 4911, 6911, 6945 - 3595cc. Diesel",3-4,IN,VA0850804,3090 A,44.00 x 9.96 x 129.55,M,44°52',A,A
, ,,EX,VE0850801,23090 E,36.50 x 9.94 x 129.20,A,44°52',A,A
MOTORES ESTACIONARIOS,"BOUNOUS Motor 12 - 15 DB, 12 - 15 DBC/E Diesel",2,IN,VA9990876,4726 A,35.60 x 8.61 x 107.00,M,45°,E,A
, ,,EX,VE9990889,24727 E,35.48 x 8.61 x 106.95,A,45°,E,A
MOTORES ESTACIONARIOS,BOUNOUS Motor 12 - 15 DBT Diesel,2,IN,VA9991162,4642 A,39.10 x 8.60 x 107.00,M,45°,E,D
, ,,EX,VE9990889,24727 E,35.48 x 8.61 x 106.95,A,45°,E,A
MOTORES ESTACIONARIOS,BOUNOUS Motor 14 - 17 - 20 DBT Diesel,2,IN,VA9990888,4639 A,40.55 x 8.61 x 125.00,M,44°52',E,A
, ,,EX,VE9990887,24639 E,36.50 x 8.61 x 125.00,A,44°52',E,A
MOTORES ESTACIONARIOS,BOUNOUS Motor 6 - 7.5 - 9 DB Diesel,1,IN,VA9990897,4638 A,38.98 x 8.61 x 106.95,M,45°,E,A
, ,,EX,VE9990889,24727 E,35.48 x 8.61 x 106.95,A,45°,E,A
MOTORES ESTACIONARIOS,DIAR Nafta,1,IN,VA9990890,4001 A,52.68 x 9.48 x 155.15,M,45°,L,D
,,,EX,VE9990891,4001 E,49.18 x 9.45 x 155.55,M,45°,L,A
, ,,IN,VA9990892,4002 A,52.48 x 9.48 x 160.45,M,45°,G,D
, ,,EX,VE9990893,4002 E,49.18 x 9.45 x 160.45,M,45°,G,A
MOTORES ESTACIONARIOS,INARMO Motor Cimarrón (3300cc.) Diesel,4,IN,VA9990895,4004 A,44.20 x 8.66 x 141.44,M,29°,E,A
, ,,EX,VE9990880,24004 E,37.32 x 8.64 x 141.21,A,44°,E,A
MOTORES ESTACIONARIOS,INARMO Motor Cimarrón (3800cc.) Diesel,4,IN,VA9990886,4014 A,44.18 x 8.66 x 141.45,M,44°,E,A
, ,,EX,VE9990885,24014 E,40.90 x 8.64 x 140.38,A,44°,E,A
MOTORES ESTACIONARIOS,IRALVIL Motor RV900 Diesel,1,IN,VA9991158,4011 A,40.60 x 7.70 x 115.50,M,45°,A,A
, ,,EX,VE9991167,24011 E,40.50 x 7.70 x 115.50,A,45°,A,A
MOTORES ESTACIONARIOS,IRALVIL Motor VV1300 Diesel,1,IN,VA9991161,4100 A,36.10 x 7.70 x 115.50,M,45°,A,A
, ,,EX,VE9991171,24100 E,36.00 x 7.70 x 115.50,A,45°,A,A
MOTORES ESTACIONARIOS,LISTER Diesel,1,IN - EX,VC9990894,4003 AE,37.43 x 10.97 x 166.95,M,45°,E,A
MOTORES ESTACIONARIOS,MILROD Motor 4.5 HP Nafta,1,IN,VA9991156,4005 A,30.00 x 7.93 x 92.50,M,45°,P,A
, ,,EX,VE9991164,24005 E,30.00 x 7.93 x 92.50,A,45°,P,A
MOTORES ESTACIONARIOS,MILROD Motor 9 HP Nafta,1,IN,VA9991157,4009 A,35.10 x 7.95 x 118.00,M,45°,P,A
, ,,EX,VE9991166,24009 E,35.10 x 7.93 x 118.00,A,45°,P,A
MOTORES ESTACIONARIOS,ORIPON Motor 9 HP Nafta,1,IN,VA9990896,4006 A,36.98 x 7.91 x 124.90,M,44°52',E,A
, ,,EX,VE9991165,24006 E,34.00 x 7.91 x 124.90,A,45°,E,A
MOTORES ESTACIONARIOS,VILLA 231/3 - 260D Nafta,1,IN,VA9991160,4020 A,31.60 x 7.70 x 100.80,M,45°,L,A
, ,,EX,VE9991169,24020 E,31.60 x 7.70 x 100.80,A,45°,L,A
MOTORES ESTACIONARIOS,VILLA 401/1 Nafta,1,EX,VE9991170,24021 E,33.50 x 7.70 x 128.00,A,45°,L,A
MOTORES ESTACIONARIOS,VILLA Motor 3 HP Nafta,1,IN,VA9990882,4007 A,31.78 x 7.70 x 102.15,M,45°,L,A
, ,,IN,"VA9990882 0,076",4007 A1,31.78 x 7.89 x 102.15,M,45°,L,A
, ,,IN,"VA9990882 0,127",4007 A2,31.78 x 8.10 x 102.15,M,45°,L,A
, ,,EX,VE9990881,24007 E,31.78 x 7.70 x 102.15,A,45°,L,A
, ,,EX,"VE9990881 0,076",24007 E1,31.78 x 7.89 x 102.15,A,45°,L,A
, ,,EX,"VE9990881 0,127",24007 E2,31.78 x 8.10 x 102.15,A,45°,L,A
MOTORES ESTACIONARIOS,VILLA Motor 8 HP Nafta,1,IN,VA9990884,4008 A,33.78 x 7.70 x 131.65,M,45°,L,A
,,,IN,"VA9990884 0,076",4008 A1,33.78 x 7.89 x 131.65,M,45°,L,A
,,,IN,"VA9990884 0,127",4008 A2,33.78 x 8.10 x 131.65,M,45°,L,A
,,,EX,VE9990883,24008 E,33.78 x 7.70 x 131.65,A,45°,L,A
,,,EX,"VE9990883 0,076",24008 E1,33.78 x 7.89 x 131.65,A,45°,L,A
,,,EX,"VE9990883 0,127",24008 E2,33.78 x 8.10 x 131.65,A,45°,L,A
